CODE,DESCRIPTION,FAMILY,GROSS PRICE,EAN13,PACKAGING
1.85928E+11,MANIGLIA DX.X 11771.50/70,SL,5.26,0,1
1.91524E+11, + GR.SUPP.RULLO 11110-50-1,SL,5.12,0,1
1.91928E+11,MANIGLIA DX.X ART.11721,SL,5.26,8.01535E+12,1
1.91938E+11,MANIGLIA SN.X ART.11721,SL,5.26,8.01535E+12,1
1.94928E+11,MANIGLIA DX.X ART.11610,SL,5.26,8.01535E+12,1
1.94938E+11,MANIGLIA SN.X ART.11610,SL,5.26,8.01535E+12,1
1.95928E+11,MANIGLIA DX.X ART.11630,SL,5.26,0,1
1.95938E+11,MANIGLIA SN.X ART.11630,SL,5.26,0,1
1.99219E+11,PULSANTE X ELETTRIKA,SL,2.09,0,1
4.06291E+11,CILINDRETTO FINITO GIALLO PROF 926S,S060,26.21,0,1
04CMS12200000,INGEGNO X 1/2 C2000 SIVER,SL01,1.93,0,1
051860-32,LBL-AFL FIRE PIN KIT,986,42.83,8.01535E+12,1
089603490/B,SCATOLONE TIPO 50 1270 X 195 X 150,AUX,3.72,0,1
090410682006V,MAZZETTO CHIAVI X ERRETI CIFRATURA  435,SL,2.5,0,1
9.71022E+11,PUNTALE SPEC.D.8 ZINCATO,SL,8.92,0,1
9.71209E+11,TESTA IN PLASTICA NERA ASTRAL TEKNO CISA,SL90,1.74,0,1
9.91611E+11,PERNO BOMBATO D.2.5-14543,SL20,75.34,0,1
9.91611E+11,"PERNO BOMBATO D.2.5 L.4,1",SL20,75.34,0,1
9.91611E+11,PERNO BOMBATO D.2.5-14545,SL20,75.34,0,1
9.91611E+11,"PERNO BOMBATO D.2.5 L.5,4",SL20,75.34,0,1
9.91611E+11,PERNO BOMBATO D.2.5-14547,SL20,75.34,0,1
9.91612E+11,"PERNO BOMBATO D.2.5 L.6,7",SL20,75.34,0,1
100100001,SBOZZO,1902,4.41,8.01535E+12,25
10010000114,SBOZZO SABBIATO NICHELATO,1902,4.41,8.01535E+12,25
100100002,SBOZZO,1902,4.41,8.01535E+12,25
100101001,SBOZZO X DMI CORAZZATA,1902,5.08,8.01535E+12,25
100101002,SBOZZO X DMI,1902,5.08,8.01535E+12,25
1.00101E+12,SBOZZO X DMI,1902,5.08,8.01535E+12,25
100102001,SBOZZO,1902,5.14,8.01535E+12,25
100104001,SBOZZO DMI CORAZZATA,1902,5.29,8.01535E+12,25
100110001,SBOZZO QUADRIMAPPA,1902,10.1,8.01535E+12,10
1.00113E+12,SBOZZO CIR,1902,39.8,8.01535E+12,25
100120001,SBOZZO DOPPIA MAPPA,1902,6.92,8.01535E+12,25
100120002,SBOZZO DOPPIA MAPPA,1902,6.92,8.01535E+12,25
100121001,SBOZZO DMA PORTE BLIND.,1902,6.5,8.01535E+12,25
100122001,SBOZZO X DMPB 6 NOTT.,1902,7.69,8.01535E+12,10
100123001,SBOZZO LUNGO 6N. X DMPB,1902,8.4,8.01535E+12,25
100124001,SBOZZO X DMPB 6 NOTT.,1902,7.92,8.01535E+12,10
100125001,SBOZZO,1902,22.95,8.01535E+12,10
100125002,SBOZZO,1902,22.95,8.01535E+12,10
100131000,SBOZZO SPECIALE,1902,77.72,8.01535E+12,1
100162001,SBOZZO CORTO X DM RICIFRABILE,1902,9.26,8.01535E+12,10
1001620010000KC,CHIAVE DMRIC. CIFRATA A CODICE,1902,21.81,8.01535E+12,1
10016200100CE,SBOZZO CORTO X DM RICIFRABILE CON LOGO X VIGHI,1902,9.26,8.01535E+12,10
100163001,SBOZZO LUNGO X DM RICIFRABILE,1902,9.98,8.01535E+12,10
1001630010000BK,CHIAVE CIL MAPPE CIFR. A CODICE (ALVEOLARE TIPO B),1902,15.85,8.01535E+12,1
1001630010000KC,CHIAVE DMRIC. CIFRATA A CODICE,1902,21.81,8.01535E+12,1
100170001,SBOZZO CORTO X DM (CHIAVE PIEGHEVOLE),1902,25.15,8.01535E+12,10
100171001,SBOZZO LUNGO X DM (CHIAVE PIEGHEVOLE),1902,27.01,8.01535E+12,10
100210000,SBOZZO A SPILLO CORTO WHALE,1910,4.07,8.01535E+12,25
100210010,CHIAVE PATENT PROF. 1,986,2.21,8.01535E+12,20
100210020,CHIAVE PATENT PROF. 2,986,2.21,8.01535E+12,20
100210030,CHIAVE PATENT PROF. 3,986,2.21,8.01535E+12,20
100210040,CHIAVE PATENT PROF. 4,986,2.21,8.01535E+12,20
100210050,CHIAVE PATENT PROF. 5,986,2.21,8.01535E+12,20
100210060,CHIAVE PATENT PROF. 6,986,2.21,8.01535E+12,20
100210070,CHIAVE PATENT PROF. 7,986,2.21,8.01535E+12,20
100210080,CHIAVE PATENT PROF. 8,986,2.21,8.01535E+12,20
100210090,CHIAVE PATENT PROF. 9,986,2.21,8.01535E+12,20
100210100,CHIAVE PATENT PROF. 10,986,2.21,8.01535E+12,20
100211000,SBOZZO A SPILLO LUNGA WHALE,1910,4.34,8.01535E+12,25
100401001,SBOZZO PROF. LIM,1901,1.45,8.01535E+12,50
100401002,SBOZZO PROF. LIM,1901,1.45,8.01535E+12,50
100430001,CHIAVE X CILINDRO C3000,3902,4.01,8.01535E+12,50
1004308000000KC,TESSERA C3000 A CODICE,3916,60.97,8.01535E+12,1
100450011,CHIAVE X CILINDRO SP,3906,16.9,8.01535E+12,50
100450901,CHIAVE X CILINDRO SP COLLO 16MM,3906,23.46,8.01535E+12,50
10045090100DG,CHIAVE SP CL TECNO,3906,23.46,8.01535E+12,50
100500011,SBOZZO X CILINDRO TSP,3901,21.81,8.01535E+12,50
10050001100RL,SBOZZO X CILINDRO TSP DIS. 0.9701.4722,3901,13.07,8.01535E+12,50
100500012,100500012 : KEY BLANK,3901,21.81,0,
100500501,CHIAVE TSP TESTA GIALLA VIGHI,3901,30.95,8.01535E+12,50
100500601,CHIAVE TSP TESTA BLU VIGHI,3901,30.95,8.01535E+12,50
1005008000000KC,TESSERA A CODICE PER CILINDRI TSP,3911,94.48,8.01535E+12,1
100500901,SBOZZO X CILINDRO TSP COLLO 16MM,3901,28.7,8.01535E+12,50
100620010,SBOZZO CHIAVE NUOVO ASTRAL MM 2.9,1903,2.07,8.01535E+12,50
100620900,SBOZZO CHIAVE NUOVO ASTRAL MM 2.9 COLLO 16 MM,1903,4.47,8.01535E+12,50
10062090000CU,CHIAVE NUOVO ASTRAL MM 2.9 COLLO 16 MM ROSSA,1903,4.47,8.01535E+12,50
10062090000SR,SBOZZO ASTRAL A2P*,1903,5.54,8.01535E+12,50
10062095000CP,CHIAVE ASTRAL PROF.PERS.CON TESTA PERSONALIZZABILE,1903,5.39,8.01535E+12,50
10062095000RQ,CH.ASTRAL TESTA PERSONALIZZABILE,1903,5.39,8.01535E+12,50
100660010,SBOZZO CHIAVE PIATTA M6,1903,1.67,8.01535E+12,50
100670010,SBOZZO CHIAVE NUOVO ASIX,1903,1.67,8.01535E+12,50
100670100,SBOZZO CHIAVE ASIX P8,1903,3.69,8.01535E+12,50
10067010000CP,SBOZZO ASIX P8 TESTA PERSONALIZZATA,1903,4.78,8.01535E+12,50
10069000000CL,CHIAVE ASTRAL TEKNO,3909,10.55,8.01535E+12,50
10069000000CP,CHIAVE ASTRAL TEKNO PERSON.,3909,11.61,8.01535E+12,50
10069000000EL,CHIAVE ASTRAL TEKNO PER STARK,3909,11.61,8.01535E+12,50
100800800,TESSERA CILINDRO RS3 S A CODICE,3913,60.97,0,1
1006901800000KC,TESSERA X CILINDRO TEKNO INOVATE A CODICE,3919,59.19,8.01535E+12,1
1006908000000KC,TESSERA X CILINDRO ASTRAL TEKNO A CODICE,3919,60.97,8.01535E+12,1
1007008000000KC,TESSERA CILINDRO RS3 A CODICE,3913,60.4,8.01535E+12,1
10077000000CL,CHIAVE AP3 ALI,3907,20.09,8.01535E+12,50
10077000000RQ,CHIAVE AP3 ALI VERDI PER SILVELOX,3907,20.09,8.01535E+12,
10077000000UT,CHIAVE AP3 ALI BLU TRASPARENTI P3,3907,20.09,8.01535E+12,
10077000000UZ,CH. AP3 ALI BLU PER TECNOFERR P3,3907,20.09,8.01535E+12,
10077000000VA,CH. AP3 ALI VERDI PP,3907,20.09,8.01535E+12,50
10077000000VM,CHIAVE AP3 GASPEROTTI,3907,20.09,8.01535E+12,
10077010000CL,CHIAVE AP3 ALI COLORE BIANCO ROSSO,3907,20.09,8.01535E+12,
10077010000QM,CH. AP3 OIKOS ALI VERDI RAL 6017,3907,20.09,8.01535E+12,50
10077020000CL,CHIAVE AP3 ALI COLORE BIANCO,3907,20.09,8.01535E+12,50
10077030000CL,CHIAVE AP3 ALI COLORE NERO,3907,20.09,8.01535E+12,
1007708000000KC,TESSERA X CILINDRO AP3 A CODICE,3917,64.82,8.01535E+12,1
10077500000UT,CHIAVE AP3 ALI BLU TRASPARENTI P3,3907,22.86,8.01535E+12,50
10077500000UZ,CH. AP3 ALI BLU PER TECNOFERR P3,3907,22.86,8.01535E+12,
100780000,MAZZETTO 3 CH.CIFRATE AP3 E SEC.CARD,3907,89.73,8.01535E+12,50
10080000000CL,CHIAVE NUOVO RS3 ALI,3903,28.63,8.01535E+12,50
10A31210012,CIL.POM.CH.P.ANT.SOLO GAM,2850,85.57,8.01535E+12,
100800910,TESSERA AUTHENTICARD MULTILINGUE,3913,43.38,8.01535E+12,50
100800920,AUTHENTICARD AERO,6375,766.05,8.01535E+12,1
100800950,TESSERA ELETTRONICA CT5,6248,12.54,8.01535E+12,50
100800960,TESSERA ELETTRONICA CT6 1K,6248,5.45,8.01535E+12,50
100801920,AERO STARTER KIT,6375,896.73,8.01535E+12,1
100810000,CHIAVE AP4,3910,18.13,8.01535E+12,50
10081000000QM,SBOZZO AP4 OIKOS P6 1LIV (GRIGIO),3910,26.52,8.01535E+12,50
100810050,CHIAVE AP4 SENZA INSERTO,3910,16.32,8.01535E+12,50
10081020000QM,SBOZZO AP4 OIKOS P6 2LIV (ROSSO),3910,26.52,8.01535E+12,50
1008108000000KC,TESSERA X CILINDRO AP4 A CODICE,3918,60.97,8.01535E+12,1
10081600000VN,CHIAVE AP4 PROF. P1 PREFORATA,3910,22.68,8.01535E+12,50
10081600000VQ,CHIAVE AP4 PROF. P4 PREFORATA,3910,22.68,8.01535E+12,50
10081600000VT,CHIAVE AP4 PROF. P8 PREFORATA,3910,22.68,8.01535E+12,50
10081600000VU,CHIAVE AP4 PROF. PT PREFORATA,3910,22.68,8.01535E+12,50
10081600000VV,CHIAVE AP4 PROF. PZ PREFORATA,3910,22.68,8.01535E+12,50
100820000,SBOZZO NUOVO RS5,3903,28.96,8.01535E+12,50
1008208000000MK,SECURICARD MK RS5,3913,11.7,8.01535E+12,1
100830000,SBOZZO NUOVO RX,3920,23.39,8.01535E+12,50
1008308000000MK,SECURICARD MK RX,3913,11.14,8.01535E+12,1
101010031,"SBOZZO X CISA LOCKING-LINE POP 20,25MM",4904,0.71,8.01535E+12,50
101010041,SBOZZO X CISA LOCKING-LINE POP 30MM,4904,0.79,8.01535E+12,50
101010051,SBOZZO X CISA LOCKING-LINE POP 40MM,4904,0.88,8.01535E+12,50
101010061,"SBOZZO X CISA LOCKING-LINE POP 50,60,70MM",4904,1,8.01535E+12,50
101020011,SBOZZO LOGO X L.40,4901,1.07,8.01535E+12,50
101022001,SBOZZO LCKING LINE X 21010.20,4901,1.07,8.01535E+12,
101022011,SBOZZO LOGO X 21010.25,4901,1.07,8.01535E+12,
101022012,SBOZZO LOGO X 21010.25 SINISTRO,4901,1.07,8.01535E+12,
101023001,SBOZZO X 21010.30,4901,1.07,8.01535E+12,
101040011,SBOZZO X CISA LOCKING-LINE L20,4903,0.73,8.01535E+12,50
101040021,SBOZZO X CISA LOCKING-LINE L25,4903,0.73,8.01535E+12,50
101040022,SBOZZO X CISA LOCKING-LINE L25 SX,4903,0.73,8.01535E+12,50
101040031,SBOZZO X CISA LOCKING LINE L30,4903,0.73,8.01535E+12,50
101040041,SBOZZO X CISA LOCKING LINE L40,4903,0.73,8.01535E+12,50
101040051,SBOZZO X CISA LOCKING-LINE L50,4903,0.73,8.01535E+12,50
101053011,SBOZZO X 08010 4 PERNI,4901,1.07,8.01535E+12,50
101053012,SBOZZO X 08010 4 PERNI,4901,1.07,8.01535E+12,
101053021,SBOZZO X 21010-08010 5P,4901,1.07,8.01535E+12,50
101060100,SBOZZO TESTA C2000 5P PROF.SIMM.,1901,0.95,8.01535E+12,50
101070011,SBOZZO X C.2000 3P.,1901,0.95,8.01535E+12,50
101070012,SBOZZO X C.2000 3P.PROF.SX,1901,0.95,8.01535E+12,50
101070051,SBOZZO X C.2000 4P.,1901,0.95,8.01535E+12,50
101070052,SBOZZO X C.2000 4P.PROF.SX,1901,0.95,8.01535E+12,50
101070101,SBOZZO X C.2000 5P.,1901,0.95,8.01535E+12,50
101070102,SBOZZO X C.2000 5P.PROF.SX,1901,0.95,8.01535E+12,50
101210002,CHIAVE,1901,1.08,8.01535E+12,25
101220001,SBOZZO,1901,1.08,8.01535E+12,50
101220002,SBOZZO,1901,1.08,8.01535E+12,25
101310001,SBOZZO 952.10 PROFILO DESTRO,1901,0.95,8.01535E+12,50
101310002,SBOZZO 952.10 PROFILO SINISTRO,1901,0.95,8.01535E+12,50
101310101,SBOZZO,1901,1,8.01535E+12,50
101310102,SBOZZO,1901,1,8.01535E+12,50
101310201,SBOZZO,1901,1.1,8.01535E+12,50
101310202,SBOZZO,1901,1.1,8.01535E+12,50
101310251,SBOZZO,1901,2.97,8.01535E+12,50
101310301,CHIAVE,1901,1.1,8.01535E+12,50
101320001,SBOZZO,1901,0.95,8.01535E+12,50
101320002,SBOZZO,1901,0.95,8.01535E+12,50
101320101,SBOZZO,1901,1,8.01535E+12,50
101320102,SBOZZO,1901,1,8.01535E+12,50
101330001,SBOZZO,1901,0.95,8.01535E+12,50
101330002,SBOZZO,1901,0.95,8.01535E+12,50
101336001,SBOZZO,1901,0.7,8.01535E+12,50
101336002,SBOZZO,1901,0.7,8.01535E+12,50
101337001,SBOZZO,1901,0.7,8.01535E+12,50
101337002,SBOZZO,1901,0.7,8.01535E+12,50
101410001,SBOZZO,1901,0.85,8.01535E+12,50
101410002,SBOZZO,1901,0.85,8.01535E+12,50
101420001,SBOZZO,1901,0.85,8.01535E+12,50
10142000100AS,CHIAVE,1901,5.74,8.01535E+12,50
101420002,SBOZZO,1901,0.85,8.01535E+12,50
101425001,SBOZZO X CIL.OV.08210.01,1901,0.85,8.01535E+12,50
101425002,SBOZZO X CIL.OV. 08210.01,1901,0.85,8.01535E+12,50
101430001,SBOZZO,1901,0.78,8.01535E+12,50
101440001,CHIAVE,1901,0.78,8.01535E+12,50
102102000,COPPIA CILINDRI,1811,43.72,8.01535E+12,6
1021020000000SX,COPPIA CILINDRI PROF SX,1811,47.74,8.01535E+12,6
10210200012,COPPIA CIL. NICH.,1811,45.69,8.01535E+12,6
102104000,COPPIA CILINDRI,1811,43.72,8.01535E+12,6
102106000,COPPIA CILINDRI,1811,43.72,8.01535E+12,6
1021060000000SX,COPPIA CILINDRI        - CON PROF.CHIAVE SX,1811,47.74,8.01535E+12,6
1.02106E+12,COPPIA CILINDRO SMONTATO,1812,41.31,8.01535E+12,
102110000,COPPIA CILINDRI,1811,43.72,8.01535E+12,6
1021100000000SX,COPPIA CILINDRI,1811,47.74,8.01535E+12,6
102139000,COPPIA CILINDRI,1811,43.72,8.01535E+12,6
1021390000000SX,COPPIA CILINDRI - CON PROF.CHIAVE SX,1811,47.74,8.01535E+12,6
10213900012,COPPIA CILINDRI,1811,45.68,8.01535E+12,6
1021390001200SX,COPPIA CILINDRI - CON PROF.CHIAVE SX,1811,49.67,8.01535E+12,6
102142000,CILINDRI MM.70 PER 11323,1811,48.52,8.01535E+12,6
10214200012,CILINDRI MM.70 NICHELATO,1811,50.58,8.01535E+12,6
102145000,COPPIA CILIN.X 11161/261,1811,45.73,8.01535E+12,6
1021450000000SX,COPPIA CILINDRI,1811,49.74,8.01535E+12,6
102146000,COPPIA CILINDRI X 11160,1811,45.73,8.01535E+12,6
1021460000000SX,COPPIA CILINDRI X 11160,1811,49.74,8.01535E+12,6
102156000,COPPIA CILINDRI,1811,43.72,8.01535E+12,6
1021560000000SX,COPPIA CILINDRI - CON PROF.CHIAVE SX,1811,47.74,8.01535E+12,6
1021880001291PP,COPPIA CILINDRO SMONTATO,1812,62.12,8.01535E+12,1
102325100,CILINDRO APRE PER PROFILI,1822,91.9,8.01535E+12,6
102400100,CILIN CON CHIAVE A SPILLO CORTA  WHALE,1823,32.21,8.01535E+12,12
1024001000000KA,"1024001000000KA : CILIN.CON CHIAVE A SPILLO CORTA ""WHALE""",1823,32.21,8.01535E+12,1
102400110,CILIND CON CHIAVE A SPILLO LUNGA  WHALE,1823,34.7,8.01535E+12,12
1024001100000KA,1024001100000KA : CILIND CON CHIAVE A SPILLO LUNGA  WHALE,1823,34.7,0,1
102520000,CILINDRO SAGOMATO,1811,39.54,8.01535E+12,6
102544100,CILINDRO SERRANDA,1811,27,8.01535E+12,6
102544140,CILINDRO SERRANDA,1811,27,8.01535E+12,6
102544150,CILINDRO SERRANDA,1811,27,8.01535E+12,6
102550250,CILINDRO TONDO,1811,26.5,8.01535E+12,6
1025502500000SX,CILINDRO TONDO - CON PROF.CHIAVE SX,1811,30.53,8.01535E+12,6
10255025012,CILINDRO TONDO NICH.,1811,28.03,8.01535E+12,6
102649010,CILINDRO RICIFRABILE PER LUCCHETTO TOP,1821,22.76,8.01535E+12,6
1026490100000SX,CILINDRO RICIFRABILE PER LUCCHETTO TOP,1821,27.06,8.01535E+12,6
102649100,CILINDRO APPL. OTTON.STD,1821,22.76,8.01535E+12,6
10264910012,CILINDRO APPL. OTTON.STD,1821,24.5,8.01535E+12,6
102649110,CILINDRO APPL. OTTONE,1821,22.76,8.01535E+12,6
10264911012,CILINDRO APPL. OTTONE,1821,24.5,8.01535E+12,6
102650010,CIL.RICIFR.X LUCCH.TOP,1821,26.21,8.01535E+12,6
102715101,CILINDRO A MAPPE CON CH.00162,2195,238.32,8.01535E+12,1
102715111,CILINDRO A MAPPE CON CH.00163,2195,238.32,8.01535E+12,
102716001,CILINDRO A MAPPE CON 3 CH.00162 CIFRATE,2195,335.09,8.01535E+12,1
102716311,CILINDRO A MAPPE CON 5 CH.00163 CH/CANT.CIFRATA,2195,394.42,8.01535E+12,1
102716501,CILINDRO A MAPPE CON 3 CH.00162 CIFRATE NUOVA VERS,2195,335.09,8.01535E+12,1
10271650118,CILINDRO A MAPPE CON 3 CH.00162 CIFRATE NUOVA VERS,2195,335.09,8.01535E+12,1
102716511,CILINDRO A MAPPE CON 5 CH.00162 CIFRATE NUOVA VERS,2195,379.11,8.01535E+12,1
10271651118,CILINDRO A MAPPE CON 5 CH.00162 CIFRATE NUOVA VERS,2195,379.11,8.01535E+12,1
102716601,CILINDRO A MAPPE CON 3 CH.00163 CIFRATE NUOVA VERS,2195,335.09,8.01535E+12,1
10271660118,CILINDRO A MAPPE CON 3 CH.00163 CIFRATE NUOVA VERS,2195,335.09,8.01535E+12,1
102716611,CILINDRO A MAPPE CON 5 CH.00163 CIFRAT NUOVA VERSI,2195,379.11,8.01535E+12,1
10271661118,CILINDRO A MAPPE CON 5 CH.00163 CIFRAT NUOVA VERSI,2195,379.11,8.01535E+12,1
10500100006,FRONTALE PIATTO X INC.EL.,997,8.9,8.01535E+12,12
10500100007,FRONTALE PIATTO X INC.EL.,997,8.9,8.01535E+12,12
10500100012,FRONTALE PIATTO X INC.EL.,997,9.95,8.01535E+12,12
10500110020,FRONTALE PIATTO X INC.EL. INOX SATINATO 280X24X3,997,12.73,8.01535E+12,12
10500200106,FRONTALE C/ALETTA X INC.EL.,997,12.61,8.01535E+12,12
10500200120,FRONTALE C/ALETTA X INC.EL. INOX,997,13.67,8.01535E+12,12
10500200206,FRONTALE C/ALETTA X INC.EL.,997,12.61,8.01535E+12,12
10500200220,FRONTALE C/ALETTA X INC.EL. INOX,997,13.67,8.01535E+12,12
10500300106,FRONTALE ANGOLARE QUADRO X INC.EL.,997,12.09,8.01535E+12,
10500300207,FRONTALE ANGOLARE QUADRO X INC.EL.,997,12.09,8.01535E+12,
10500400106,FRONTALE ANGOLARE TONDO X INC.EL.,997,12.09,8.01535E+12,6
10500400107,FRONTALE ANGOLARE TONDO X INC.EL.,997,12.09,8.01535E+12,6
10500400206,FRONTALE ANGOLARE TONDO X INC.EL.,997,12.09,8.01535E+12,6
10500400207,FRONTALE ANGOLARE TONDO X INC.EL.,997,12.09,8.01535E+12,6
10500500006,FRONTALE CORTO PIATTO X INC.EL.,997,6.81,8.01535E+12,6
10500500007,FRONTALE CORTO PIATTO X INC.EL.,997,6.81,8.01535E+12,6
10500500012,FRONTALE CORTO PIATTO X INC.EL.,997,7.85,8.01535E+12,6
10500500020,FRONTALE CORTO PIATTO INOX X INC.EL.,997,9.95,8.01535E+12,6
10500500038,FRONTALE CORTO PIATTO X INC.EL.,997,8.9,8.01535E+12,
105020000,FRONTALE PIATTO INOX X INC.EL.,997,12.09,8.01535E+12,6
105021001,FRONTALE PIATTO INOX 34X2X240 X INC.EL.,997,19.45,8.01535E+12,6
105021002,FRONTALE PIATTO INOX 34X2X240 X INC.EL.,997,19.45,8.01535E+12,6
105030000,FRONTALE PB INT.28MM X INC.EL.,997,29.47,8.01535E+12,12
105031000,FRONTALE PB INT.38MM X INC.EL.,997,29.47,8.01535E+12,12
106000000,GRUPPO RULLO PER NEW MULTITOP,981,14.34,8.01535E+12,12
106003000,MANIGLIA RIBASSATA PER SIVER E = 19 MM.,982,13.99,8.01535E+12,12
106003010,MANIGLIA RIBASSATA PER SIVER A SPILLO,982,13.99,8.01535E+12,12
106004000,MANIGLIA PARSI PER SIVER E = 25 MM.,982,15.35,8.01535E+12,12
106004010,MANIGLIA PARSI PER SIVER SPILLO,982,15.35,8.01535E+12,12
106010000,BORCHIA TONDA,980,1.58,8.01535E+12,100
10601000012,BORCHIA TONDA NICHELATA,980,2.73,8.01535E+12,100
106011000,BORCHIA A FILO,980,1.58,8.01535E+12,100
10601100012,BORCHIA A FILO NICHELATA,980,2.73,8.01535E+12,100
106012000,BORCHIA OVALE,980,1.12,8.01535E+12,100
10601200012,BORCHIA OVALE NICHELATA,980,2.21,8.01535E+12,100
106012010,BORCHIA IN NYLON,981,1.43,8.01535E+12,100
106018250,BORCHIA OVALE,980,2.06,8.01535E+12,100
10601825012,BORCHIA OVALE NICHELATA,980,3.13,8.01535E+12,100
106027000,BORCHIA OVALE,980,1.5,8.01535E+12,100
10602700012,BORCHIA OVALE NICHELATA,980,2.7,8.01535E+12,100
106027010,BORCHIA IN NYLON,981,1.43,8.01535E+12,100
106035000,CONTROP.REVERSIB.X 12010,983,16.86,8.01535E+12,6
106043000,BORCHIA RETTANGOLARE,980,3.54,8.01535E+12,100
10604300012,BORCHIA X C.F.R.NICHELATA,980,6.06,8.01535E+12,100
10604300018,BORCHIA X C.F.R. CROMATA,980,6.94,8.01535E+12,100
106043000B1,BORCHIA X C.F.R.,980,10.23,8.01535E+12,
1.06044E+12,CONTROPIASTRA PER CIR,984,18.17,8.01535E+12,25
106047510,VITE X BORCHIA ANTISTRAPPO,984,0.95,8.01535E+12,25
106048030,VITE MM.105,981,2.21,8.01535E+12,
10604803028,VITE MM 105 FISSAGGIO BORCHIA,984,2.1,8.01535E+12,
106062000,CONTROPIASTRA NYLON,981,4.37,8.01535E+12,25
106072000,CONTROPIASTRA NYLON,981,4.37,8.01535E+12,25
106075000,BORCHIA IN FERRO,982,1.55,8.01535E+12,100
106077160,CONTROPIASTRA ACC.ZINC.,981,7.33,8.01535E+12,25
106077200,CONTROPIASTRA ACC.ZINC.,981,7.33,8.01535E+12,25
106078160,CONTROPIASTRA ACC.ZINC.,981,7.33,8.01535E+12,25
106078200,CONTROPIASTRA ACC.ZINC.,981,7.33,8.01535E+12,25
106079160,CONTROPIASTRA ACC.ZINC.,981,6.27,8.01535E+12,25
106079200,CONTROPIASTRA ACC.ZINC.,981,6.27,8.01535E+12,25
106079770,BOCCHETTA X SERR.FASCIA,981,5.46,8.01535E+12,25
106080160,CONTROPIASTRA ACC.ZINCATO,981,5.46,8.01535E+12,25
106080200,CONTROPIASTRA ACC.ZINCATO,981,5.46,8.01535E+12,25
106081000,COPRITOPPA,983,6.08,8.01535E+12,12
10608100012,COPRITOPPA,983,8.6,8.01535E+12,25
10608100018,COPRITOPPA,983,11.01,8.01535E+12,25
106081010,BORCHIA INTERNA X DMA,983,7.52,8.01535E+12,12
10608101012,BORCHIA INTERNA X DMA NICHELATA,983,10.01,8.01535E+12,25
106082000,COPRITOPPA  ESTERNO,983,4.14,8.01535E+12,12
10608200012,COPRITOPPA -NK-,983,6.64,8.01535E+12,25
10608200018,COPRITOPPA,983,9.03,8.01535E+12,25
106082000B1,COPRITOPPA  ESTERNO,983,10.8,8.01535E+12,
106083000,COPRITOPPA,983,12.34,8.01535E+12,12
10608300012,COPRITOPPA NICHELATO,983,14.85,8.01535E+12,25
10608300018,COPRITOPPA,983,17.26,8.01535E+12,25
106084000,CONTROPIASTRA SUPERIORE,983,3.52,8.01535E+12,12
106086000,BOCCHETTA A PAVIMENTO,982,6,8.01535E+12,12
106086010,BOCCHETTA A PAVIMENTO,981,6,8.01535E+12,12
106086020,BOCCHETTA A PAVIMENTO,981,7.12,8.01535E+12,12
106091100,SOTTOBOCCHETTA,983,13.16,8.01535E+12,6
106092000,BORCHIA IN FERRO,982,1.55,8.01535E+12,100
106093000,COPPIA ROSETTE CILINDRO EUROPEO,079E,4.93,8.01535E+12,1
106093010,COPPIA ROSETTE CIECHE,079E,4.93,8.01535E+12,1
106093020,COPPIA ROSETTE CHIAVE PATENT,079E,5.1,8.01535E+12,1
106093040,COPPIA ROSETTE CILINDRO EUROPEO OVALI,079E,4.85,8.01535E+12,1
106093100,POMOLO BAGNO SENZA INDICATORE,079E,18.77,8.01535E+12,1
106093110,POMOLO BAGNO CON INDICATORE,079E,18.77,8.01535E+12,1
106100100,CONTROP.OTT.52431/641.35,983,5.14,8.01535E+12,25
10610010012,CONTROP.NK X 52141/641,983,8.1,8.01535E+12,25
10610110012,CONTROP.C/ALETTA ARROT. FIN.12,983,8.1,8.01535E+12,25
10610110047,CONTROP.C/ALETTA ARROT. FIN.47,983,8.1,8.01535E+12,25
106102100,CONTROP.OTT.52411/621.35,983,4.3,8.01535E+12,25
10610210012,CONTROP.OTT.52411/621.35,983,7.24,8.01535E+12,25
106102130,CONTROPIASTRA PIANA,983,6.84,8.01535E+12,25
10610213012,CONTROPIASTRA PIANA,983,9.76,8.01535E+12,25
106106200,CONTROPIASTRA C/A GRANDE X HEAVY DUTY  SQUAD.,983,11.63,8.01535E+12,25
10610620020,CONTROPIASTRA X HEAVY DUTY X APH3 INOX SQUAD.,983,11.63,8.01535E+12,25
10610625020,CONTROPIASTRA X HEAVY DUTY X APH3 INOX ARR.,983,11.63,8.01535E+12,25
10610700012,CONTROPIASTRA PIANA,983,8.08,8.01535E+12,25
106110000,PULSANTE OTTONE,983,14.88,8.01535E+12,6
10611000012,PULSANTE NICH.,983,17.82,8.01535E+12,25
106110150,PULSANTE IN NYLON CON FERMO A GIORNO,981,18.87,8.01535E+12,12
106120000,ACCESSORIO FERMO A GIORNO PER MULTITOP MATIC,981,34.76,8.01535E+12,12
106123001,BORCHIA IN NYLON,981,18.42,8.01535E+12,5
106123030,BORCHIA IN NYLON,981,14.34,8.01535E+12,5
106123040,BORCHIA CANOTTO DMPB 6 N.,984,15.01,8.01535E+12,5
106124000,BORCHIA IN FERRO,982,3.32,8.01535E+12,12
106124020,BORCHIA IN FERRO,982,3.32,8.01535E+12,12
106124140,COPRITOPPA X DMA X CIR.,984,4.93,8.01535E+12,20
106132000,BORCHIA EST.X DMA PORTOG.,983,23.75,8.01535E+12,25
106140000,BORCHIA EST.REVERS.X DMA,983,12.06,8.01535E+12,12
106140010,BORCHIA TAZZA DMA MM.60,983,13.84,8.01535E+12,12
106140020,BORCHIA TAZZA DMA MM.70,983,13.84,8.01535E+12,12
106141000,BOCCHETTA SUPERIORE INOX,796,27.85,8.01535E+12,6
106141350,BOCCHETTA DMIF SCROCCO,981,5.69,8.01535E+12,25
106141360,BOCCHETTA DMIF RULLO,981,5.69,8.01535E+12,25
106141370,BOCCHETTA DMIF SCROCCO,981,5.69,8.01535E+12,25
106141400,CONTROP. NYLON X DMIF,981,7.56,8.01535E+12,25
106141420,CONTROP.NYLON X DMIF,981,7.56,8.01535E+12,25
106141440,CONTROP.IN NYLON X DMIF,981,7.56,8.01535E+12,25
106141530,SPESSORI X SER.PROF.MET.,981,2.72,8.01535E+12,25
106141550,INSERTO X CONTROPIASTRE,981,2.73,8.01535E+12,25
106141560,BORCHIA IN NYLON X 56357,981,4.73,8.01535E+12,12
106141570,SPESSORE IN NYLON,981,4.45,8.01535E+12,25
106141630,SPESSORE IN NYLON,981,4.59,8.01535E+12,25
106141650,SPESSORI X SER.PROF.MET.,981,3.81,8.01535E+12,25
106141660,SPESSORE X SERR.PROF.MET.,981,4.74,8.01535E+12,25
106141670,SPESSORE X SERR.PROF.MET.,981,4.74,8.01535E+12,25
106141680,SPESSORI IN NYLON,981,2.78,8.01535E+12,25
106141690,SPESSORI IN NYLON,981,2.78,8.01535E+12,
106141700,INSERTOXBOCCH.RULLO MONT.,981,2.58,8.01535E+12,12
106141710,INSERTOXBOCCH.RULLO MONT.,981,2.58,8.01535E+12,12
106141760,INSERTO RULLO X CONT.MONT,981,2.73,8.01535E+12,12
106141770,SPESSORI IN NY.SOTTO BOC.,981,2.31,8.01535E+12,25
106141780,SPESSORE IN NYLON,981,5.67,8.01535E+12,12
106141790,SPESSORE IN NYLON,981,3.53,8.01535E+12,25
106141800,BOCCHET.NYL.X BLOCCO ASTE,796,4.76,8.01535E+12,25
106141820,INSERTO X RULLO,981,2.73,8.01535E+12,25
106141840,SPESSORE X INC.ELET.15020,981,4.59,8.01535E+12,12
106141860,INSERTOXBOCCH.RULLO MONT.,981,2.58,8.01535E+12,12
106141870,SPESSORI PER PROTETTORE CILINDRO,981,19.21,8.01535E+12,1
106141880,SPESSORE IN NYLON,981,7.71,8.01535E+12,12
106141890,SALVAPROFILO IN NYLON PER NUOVI PROFILI PORTA,981,6.98,8.01535E+12,25
106141900,ADATTATORE QUADRO DA 8 A 9 MM,981,1.3,8.01535E+12,50
106141950,SPESSORE+ALETTA MAGG. PER INC.ELET.,997,7.56,8.01535E+12,12
106141960,TAPPO CON ALETTA,997,14.96,8.01535E+12,12
106142000,CANNOTTO-BORCHIA X DM 2M.,983,14.07,8.01535E+12,12
106142010,CANNOTTO X DMPB 6 NOTT.,984,6.94,8.01535E+12,1
106142510,SPESSORE PER BORCHIE 06144.10.1/06145.10.0,984,1.07,8.01535E+12,
106142950,BOCCHETTA TEFLONATA ASOLATA,986,19.77,8.01535E+12,6
106143000,COPRITOPPA  INTERNO,983,6.51,8.01535E+12,12
10614300012,COPRITOPPA,983,9.03,8.01535E+12,25
106143000B1,COPRITOPPA  INTERNO,983,13.18,8.01535E+12,
106144101,BORCHIA CANNOTTO OTTONE,984,22.07,8.01535E+12,6
10614410118,BORCHIA CANNOTTO CON FIN. CROMATA,984,27.04,8.01535E+12,25
10614410164,BORCHIA CANNOTTO BRONZO ANODIZZATO,984,26.25,8.01535E+12,25
10614410165,BORCHIA CANNOTTO BRONZATO,984,25.44,8.01535E+12,25
106144101B1,BORCHIA CANNOTTO OTTONE,984,28.23,8.01535E+12,25
106144150,BORCHIA CANOTTO PLASTICA,984,14.36,8.01535E+12,6
106144501B1,CAPPUCCIO PER BORCHIA,984,9.91,8.01535E+12,50
106145100,BORCHIA CANOTTO DMPB,984,24.79,8.01535E+12,6
10614510018,BORCHIA CANOTTO DMPB,984,24.79,8.01535E+12,6
10614510065,BORCHIA CANOTTO DMPB,984,24.79,8.01535E+12,6
106145110,BORCHIA CANOTTO DMPB X SPESS. PORTA=MAX.110 MM,984,25.17,8.01535E+12,6
10614511018,BORCHIA CANOTTO DMPB X SPESS. PORTA=MAX.110 MM,984,25.17,8.01535E+12,6
10614511064,BORCHIA CANOTTO DMPB X SPESS. PORTA=MAX.110 MM,984,25.17,8.01535E+12,6
10614511065,BORCHIA CANOTTO DMPB X SPESS. PORTA=MAX.110 MM,984,25.17,8.01535E+12,6
10614550064,CAPPUCCI  PER BORCHIA TIPO 06145 (COPPIA),984,12.94,8.01535E+12,
106145500B1,CAPPUCCI  PER BORCHIA TIPO 06145(COPPIA),984,15.93,8.01535E+12,6
106146000,SEGNALATORE DI OCCUPATO,6200,10.75,8.01535E+12,6
10614600021,SEGN.DI OCCUP.CROM.LUC.,6200,10.75,8.01535E+12,1
106147000,BOCCOLE PER ASTE,981,2.74,8.01535E+12,25
106147010,BOCCOLA PER ASTE-D.16 EST./D.10 INT.,981,1.48,8.01535E+12,100
106149000,CONTROPIASTRA IN OTTONE X RULLO,983,9.14,8.01535E+12,25
106150000,CONTROP.OTT.52431/631.20,983,9.14,8.01535E+12,25
106151000,CONTROP.C/ALETTA ARROTON.,983,9.14,8.01535E+12,25
106152000,CONTROP.OTT.52411/611.20,983,9.14,8.01535E+12,25
10615200012,CONTROP.OTT.52411/611.20,983,12.09,8.01535E+12,
106157000,CONTROP.PIANA A SPIGOLI,981,4.06,8.01535E+12,25
106163000,CONTROPIASTRA OTTONE X 52010,983,6.84,8.01535E+12,25
10616300012,CONTROPIASTRA OTTONE,983,9.76,8.01535E+12,
106167000,CONTROP.PIANA A SPIGOLI,981,6.5,8.01535E+12,25
106168000,GRUPPO RULLO PER 56357,981,14.34,8.01535E+12,12
106193000,INGEGNO X SERR. X BAGNI,983,4.3,8.01535E+12,50
106195010,"INTERROTTORE ""MICRO"" PER MANIGLIONI",798,31.45,8.01535E+12,1
106195060,"INTERRUTTORE ""MICRO"" PER NEW EUROPA",798,31.45,8.01535E+12,1
106195070,"INTERRUTTORE ""MICRO"" PER NEW NO PROBLEM",797,29.15,8.01535E+12,1
106195080,MICROINTERRUTTORE PER DEVIATORI SERIE 19000-49000,981,29.76,8.01535E+12,1
106195090,ACCESSORIO SUPPORTO MICRO + MICRO PER SERIE 59600,798,38.65,8.01535E+12,1
106196310,STAFFA FISSAGGIO POSTERIORE PER TOUCH INFILARE,796,31.68,8.01535E+12,
10619635000AL,BARRA PER TOUCH INFILARE,798,83.65,8.01535E+12,1
10619636097,TAPPO BARRA POST.PER TOUCH APPL.,796,5.94,8.01535E+12,1
10619638097,CARTER POST.PER TOUCH INF/APPL,796,18.61,8.01535E+12,1
106196390,CHIAVE PLASTICA PER FERMO A GIORNO TOUCH,796,5.72,8.01535E+12,1
106196430,BARRA PER FAST TOUCH APPLICARE/INFILARE NERA,079A,55.3,8.01535E+12,1
10619643041,BARRA PER FAST TOUCH APPLICARE/INFILARE ROSSA,079A,55.3,8.01535E+12,1
10619643043,BARRA PER FAST TOUCH APPLICARE/INFILARE VERDE,079A,55.3,8.01535E+12,1
10619643045,BARRA PER FAST TOUCH APPLICARE/INFILARE BIANCA,079A,55.3,8.01535E+12,1
10619643064,BARRA PER FAST TOUCH APPLICARE/INFILARE BRONZO,079A,72.78,8.01535E+12,1
10619643097,BARRA PER FAST TOUCH APPLICARE/INFILARE GRIGIA,079A,55.3,8.01535E+12,1
106196430A1,BARRA PER FAST TOUCH APPLICARE/INFILARE OTT.,079A,78.63,8.01535E+12,1
10619644041,BARRA PER FAST TOUCH APPLICARE/INFILARE ROSSO 840,079A,54.35,8.01535E+12,1
10619644062,BARRA PER FAST TOUCH APPLICARE INFILARE ANOD 840,079A,67.98,8.01535E+12,1
10619660041,BARRA PER FAST TOUCH POLARIS ROSSA,079A,119.91,8.01535E+12,1
10619660043,BARRA PER FAST TOUCH POLARIS VERDE,079A,119.91,8.01535E+12,1
10619660045,BARRA PER FAST TOUCH POLARIS BIANCA,079A,119.91,8.01535E+12,1
10619660097,BARRA PER FAST TOUCH POLARIS GRIGIA,079A,119.91,8.01535E+12,1
106196600B9,BARRA PER FAST TOUCH POLARIS GRIGIA INOX,079A,119.91,8.01535E+12,1
106196600C2,BARRA PER FAST TOUCH POLARIS PVD INOX SATINATO,079A,271.78,8.01535E+12,1
106197020,COPPIA TAPPI RACCORDO CHIUSI X CARTER EUROPA/TOUCH,796,5.56,8.01535E+12,1
106197070,CONF. VITI DADI ESPANSIONE PER TAPPI N.E.,796,9.83,8.01535E+12,1
106198000,KIT MOLLA RITORNO BARRA,079B,43.31,8.01535E+12,1
106198010,CONFEZIONE VITI FISSAGGIO APPLICARE,079B,17.32,8.01535E+12,1
106198020,CONFEZIONE VITI FISSAGGIO INFILARE,079B,17.44,8.01535E+12,
10619803045,KIT FISSAGGIO BARRA,079B,17.32,8.01535E+12,1
10619804045,TAPPI CARTER,079B,6.08,8.01535E+12,1
10619804097,TAPPI CARTER,079B,6.08,8.01535E+12,1
106198050,TAPPI BARRA,079B,12.11,8.01535E+12,1
10619805045,TAPPI BARRA,079B,14.55,8.01535E+12,1
10619805097,TAPPI BARRA,079B,12.11,8.01535E+12,1
106198060,CARTER PUSH BAR INFILARE,079B,27,8.01535E+12,1
10619806045,CARTER PUSH BAR INFILARE,079B,26.89,8.01535E+12,1
10619806097,CARTER PUSH BAR INFILARE,079B,26.89,8.01535E+12,1
106198060B9,CARTER PUSH BAR INFILARE,079B,26.89,8.01535E+12,1
10619808045,CARTER SECONDARIO PUSH INFILARE,079B,26.89,8.01535E+12,1
106198090,CARTER PUSH BAR APPLICARE,079B,26.89,8.01535E+12,1
10619809045,CARTER PUSH BAR APPLICARE,079B,26.89,8.01535E+12,1
10619809097,CARTER PUSH BAR APPLICARE,079B,26.89,8.01535E+12,1
106198090B9,CARTER PUSH BAR APPLICARE,079B,26.89,8.01535E+12,1
106198090C2,CARTER PUSH BAR APPLICARE PVD,079B,53.72,8.01535E+12,1
106198100,CARTER PUSH BAR APPLICAR TAGLIAFUOCO,079B,26.89,8.01535E+12,1
10619810045,CARTER PUSH BAR APPLICAR TAGLIAFUOCO,079B,38.23,8.01535E+12,1
10619810097,CARTER PUSH BAR APPLICAR TAGLIAFUOCO,079B,26.89,8.01535E+12,1
10619811045,CARTER SECONDARIO APPLICARE PUSH BAR,079B,26.89,8.01535E+12,
10619811097,CARTER SECONDARIO APPLICARE PUSH BAR,079B,26.89,8.01535E+12,1
106198130,CONFEZIONE VITI FISSAGGIO TOUCH INFILARE,079B,17.32,8.01535E+12,1
106198140,TAPPO BARRA CON LOGO,079B,13.86,8.01535E+12,1
106198150,TAPPO BARRA POSTERIORE,079B,12.11,8.01535E+12,1
106198160,CARTER TOUCH BAR INFILARE,079B,26.89,8.01535E+12,1
10619816097,CARTER TOUCH BAR INFILARE,079B,26.89,8.01535E+12,1
106198160B9,CARTER TOUCH BAR INFILARE,079B,26.89,8.01535E+12,1
106198160C2,CARTER TOUCH BAR INFILARE,079B,53.72,8.01535E+12,1
106198170,CARTER TOUCH BAR INFILARE TAGLIAFUOCO,079B,26.89,8.01535E+12,1
10619817045,CARTER TOUCH BAR INFILARE TAGLIAFUOCO,079B,26.89,8.01535E+12,1
106198170B9,CARTER TOUCH BAR INFILARE TAGLIAFUOCO,079B,26.89,8.01535E+12,1
106198170C2,CARTER TOUCH BAR INFILARE TAGLIAFUOCO,079B,53.72,8.01535E+12,1
106198180,CARTER TOUCH APPLICARE,079B,26.89,8.01535E+12,1
10619818045,CARTER TOUCH APPLICARE,079B,26.89,8.01535E+12,1
10619818097,CARTER TOUCH APPLICARE,079B,26.89,8.01535E+12,1
106198180B9,CARTER TOUCH APPLICARE,079B,26.89,8.01535E+12,1
106198190,CARTER TOUCH APPLICARE TAGLIAFUOCO,079B,26.89,8.01535E+12,1
10619819097,CARTER TOUCH APPLICARE TAGLIAFUOCO,079B,26.89,8.01535E+12,1
106198200,CARTER SECONDARIO TOUCH,079B,26.89,8.01535E+12,1
10619820045,CARTER SECONDARIO TOUCH,079B,26.89,8.01535E+12,1
106198200C2,CARTER SECONDARIO TOUCH,079B,73.08,8.01535E+12,1
10619823045,CARTER CHIUSURA ALTO BASSO,079B,26.89,8.01535E+12,1
10619823097,CARTER CHIUSURA ALTO BASSO,079B,26.89,8.01535E+12,1
106198230B9,CARTER CHIUSURA ALTO BASSO,079B,26.89,8.01535E+12,1
106198230C2,CARTER CHIUSURA ALTO BASSO,079B,53.72,8.01535E+12,1
106198240,CARTER LATERALE DX,079B,26.89,8.01535E+12,1
10619824097,CARTER LATERALE DX,079B,26.89,8.01535E+12,1
106198240C2,CARTER LATERALE DX,079B,53.72,8.01535E+12,1
10619825097,CARTER LATERALE SX,079B,26.89,8.01535E+12,
106198250C2,CARTER LATERALE SX,079B,53.72,8.01535E+12,1
106198260,CARTER PER CATENACCI,079B,26.89,8.01535E+12,1
10619826045,CARTER PER CATENACCI,079B,26.89,8.01535E+12,1
10619826097,CARTER PER CATENACCI,079B,26.89,8.01535E+12,1
106198280,KIT ELEMENTI DI CONNESSIONE CAVETTO,079B,12.11,8.01535E+12,1
106198290,CARTER COPRI CAVETTO,079B,43.31,8.01535E+12,1
10619829045,CARTER COPRI CAVETTO,079B,43.31,8.01535E+12,1
106198300,KIT CONNESSIONE ASTE,079B,23.39,8.01535E+12,1
106198500,TAPPI CARTER PRESTIGE,079C,5.96,8.01535E+12,1
10619850045,TAPPI CARTER PRESTIGE,079C,5.96,8.01535E+12,1
106198510,TAPPI BARRA PRESTIGE,079C,11.95,8.01535E+12,1
106198520,KIT FISSAGGIO BARRA PRESTIGE,079C,17.2,8.01535E+12,1
106198540,PIASTRINO FISSAGGIO INGEGNO PRESTIGE,079C,8.57,8.01535E+12,1
106198610,KIT VITI M5X90 PER COMANDO ESETERNO,079B,12.11,8.01535E+12,1
106198661,CARTER PUSH BAR INFILARE 59617 DX INT 72MM,079B,27.81,8.01535E+12,1
10619866197,CARTER PUSH BAR INFILARE 59617 DX INT 72MM,079B,27.81,8.01535E+12,1
106198662,CARTER PUSH BAR INFILARE 59617 SX INT 72MM,079B,27.81,8.01535E+12,1
10619866297,CARTER PUSH BAR INFILARE 59617 SX INT 72MM,079B,27.81,8.01535E+12,1
106198671,CARTER PUSH BAR INFILARE 59617 DX INT 92MM,079B,27.81,8.01535E+12,1
10619867197,CARTER PUSH BAR INFILARE 59617 DX INT 92MM,079B,27.81,8.01535E+12,1
106198672,CARTER PUSH BAR INFILARE 59617 SX INT 92MM,079B,27.81,8.01535E+12,1
10619867297,CARTER PUSH BAR INFILARE 59617 SX INT 92MM,079B,27.81,8.01535E+12,1
106198700,KIT INGEGNO PIÙ ADATTATORE,796,10.6,8.01535E+12,1
106198710,INGEGNO ABBINAMENTO TOUCH SBLOCK,796,12.6,8.01535E+12,1
106198800,CAVO ALIMENTAZIONE EFAST,079B,38.12,8.01535E+12,1
106213050,CONTROPIASTRA PIANA,983,10.37,8.01535E+12,25
106216000,CONTROP. OTTONE ANGOLARE X 5C110,983,9.02,8.01535E+12,25
106218000,CONTROP.LARGA REVERSIB.,983,20.92,8.01535E+12,6
10621800012,CONTROP.LARGA REVERSIB.,983,23.89,8.01535E+12,25
106220000,BOCCHETTA X DMPB INF.,984,12,8.01535E+12,6
106220020,BOCCHETTA PER DMPB INF.,984,15.11,8.01535E+12,6
106220030,BOCCHETTA X DEV. 06434000,984,12,8.01535E+12,
106220050,BOCCHETTA X DMPB INFILARE,984,13.53,8.01535E+12,6
106220100,BOCCHETTA X DMA X CIR.,984,10.28,8.01535E+12,
106220200,BOCCHETTA,984,13.53,8.01535E+12,6
106220260,BOCCHETTA PER SERRAUTRA ANTIPANICO PER PB  I 28MM,984,15.11,8.01535E+12,6
106220270,BOCCHETTA PER SERRAUTRA ANTIPANICO PER PB  I=38MM,984,15.11,8.01535E+12,6
106220290,BOCCHETTA X DEV. 06433010,984,12,8.01535E+12,6
1.06221E+12,Controp.x Blin Scroc+Caten,984,3.3,8.01535E+12,20
106221000,TESTATA X 57535,984,15.11,8.01535E+12,6
106221010,TESTATA X P.B,984,15.11,8.01535E+12,6
10622101000QF,TESTATA X P.B,984,15.11,8.01535E+12,
106221100,TESTATA X P.B,984,15.11,8.01535E+12,6
106221110,TESTATA X P.B,984,15.11,8.01535E+12,6
106221150,TESTATA X B7515.28.0,984,15.11,8.01535E+12,6
106221160,TESTATA X B6515.28.0,984,15.11,8.01535E+12,6
106221170,TESTATA X B6515.38.0,984,15.11,8.01535E+12,6
106221200,TESTATA X RESIDENZIALE I=28MM,984,15.11,8.01535E+12,6
106221500,TESTATA X P.B,984,18.08,8.01535E+12,6
106221510,TESTATA X P.B,984,18.08,8.01535E+12,6
106221520,TESTATA X P.B,984,18.08,8.01535E+12,6
106221640,TESTATA X P.B MYEVO I=28MM,984,34.6,8.01535E+12,6
106223000,CONTROP.OTTON.X 52611.35,983,4.3,8.01535E+12,25
10622300012,CONTROP.ACC.OTT.NICHELATA,983,7.24,8.01535E+12,25
106224000,PINZA GUIDA ASTA,981,1.62,8.01535E+12,25
106224500,SPESSORE X SER.ELETR. PB.,984,2.28,8.01535E+12,6
106224710,BOCCOLE X RIDUZIONE FORI M8->M6 (60PZ),984,64.24,8.01535E+12,60
106226000,CONTROPIASTRA ACC.OTT.,983,5.67,8.01535E+12,25
106231000,CONTROPIASTRA PIANA,983,6.84,8.01535E+12,25
106232000,BOCCHETTA PER DMI FERRO,982,4.89,8.01535E+12,25
106232010,BOCCHETTA PER DMIF FERRO,982,4.89,8.01535E+12,25
106232050,BOCCH.X MONT.44620-46215,981,6.64,8.01535E+12,25
106232060,BOCCH.X DEVIATORI PALETTO,981,8.27,8.01535E+12,25
106232200,BOCCH.X MONT.SIC.FERRO,982,5.82,8.01535E+12,25
106232210,BOCCH.X MONT.SIC.FERRO,982,4.89,8.01535E+12,25
106232220,CONTROPIASTRA ASOLATA PER SIVER,982,8.12,8.01535E+12,25
106233000,TESTATA INOX,981,12.54,8.01535E+12,12
106233010,TESTATA INOX,981,12.54,8.01535E+12,12
106233020,TESTATA INOX,981,12.54,8.01535E+12,12
106233030,TESTATA INOX,981,12.54,8.01535E+12,12
106235000,CONTROPIASTRA PIANA,983,6.84,8.01535E+12,25
106236000,BOCCHETTA SUPERIORE,983,10.01,8.01535E+12,12
106237010,BOCCHETTA A PAVIMENTO,983,7.11,8.01535E+12,12
106243000,CONTROP.OTTON.X 52631.35,983,5.14,8.01535E+12,25
10624300012,BOCCHETTA NICHELATA,983,8.1,8.01535E+12,25
1.06251E+12,Controp.x Blin  solo Caten,981,2.88,8.01535E+12,20
106271000,BOCCHETTA X DMI SCROCCO,983,10.58,8.01535E+12,25
106272000,BOCCHETTA X DMI SCROCCO,983,10.58,8.01535E+12,25
106277010,CONTROPIASTRA UN NYLON,981,4.59,8.01535E+12,25
106277020,BOCC.PLASTICA X PROFIL.,981,4.59,8.01535E+12,25
106277030,BOCC.PLASTICA X PROFILATI,981,4.59,8.01535E+12,25
106277100,BOCC.PLASTICA X PROFILATI,981,4.59,8.01535E+12,25
106277110,BOCC.PLASTICA X PROFILATI,981,4.59,8.01535E+12,25
106277140,BOCC.PLASTICA X PROFIL.,981,4.59,8.01535E+12,25
106277280,CONTROPIASTRA IN NYLON,981,4.59,8.01535E+12,25
106277320,BOCC.PLASTICA X PROFILATI,981,5.29,8.01535E+12,25
106277410,BOCC.PLASTICA X PROFILATI,981,4.59,8.01535E+12,25
106277440,CONTROPIASTRA IN NYLON,981,5.29,8.01535E+12,25
106277760,CONTROPIASTRA IN NYLON,981,5.29,8.01535E+12,25
106277770,CONTROPIASTRA IN NYLON,981,5.29,8.01535E+12,25
106277780,CONTROPIASTRA IN NYLON,981,5.81,8.01535E+12,25
106277800,CONTROPIASTRA IN NYLON,981,5.29,8.01535E+12,25
106277880,CONTROPIASTRA IN NYLON,981,5.29,8.01535E+12,25
106277890,CONTROPIASTRA IN NYLON,981,5.29,8.01535E+12,25
106277920,CONTROPIASTRA IN NYLON,981,6.24,8.01535E+12,25
106277940,CONTROPIASTRA IN NYLON,981,6.98,8.01535E+12,
106277980,CONTROPIASTRE IN NYLON,981,6.24,8.01535E+12,12
106277990,CONTROPIASTRA IN NYLON,981,5.99,8.01535E+12,25
106278000,C/PIASTRA ACC.NK X 57211,983,10.01,8.01535E+12,12
106278020,CONTROPIASTRA IN NYLON,981,5.29,8.01535E+12,25
106278040,CONTROPIASTRA IN NYLON,981,5.29,8.01535E+12,25
106278050,CONTROPIASTRA IN NYLON,981,5.81,8.01535E+12,25
106278060,CONTROPIASTRA IN NYLON,981,5.29,8.01535E+12,25
106278070,CONTROPIASTRA IN NYLON,981,5.81,8.01535E+12,12
106278110,C/PIASTRA ACC.SAT.OTT.VERN. S/ALETTA,983,9.43,8.01535E+12,12
106278160,CONTROPIASTRA IN NYLON,981,5.29,8.01535E+12,25
106278170,CONTROPIASTRA IN NYLON,981,5.29,8.01535E+12,25
106278180,CONTROPIASTRA IN NYLON,981,6.65,8.01535E+12,
106278200,CONTROPIASTRA IN NYLON,981,7.01,8.01535E+12,25
106278210,CONTROPIASTRA IN NYLON,981,7.01,8.01535E+12,25
106278220,CONTROPIASTRA IN NYLON,981,7.01,8.01535E+12,25
106278260,CONTROPIASTRA IN NYLON,981,7.01,8.01535E+12,25
106278270,CONTROPIASTRA IN NYLON,981,7.01,8.01535E+12,25
106278280,CONTROPIASTRA IN NYLON,981,7.01,8.01535E+12,25
106278640,CONTROPIASTRA IN NYLON,981,7.01,8.01535E+12,25
106278650,CONTROPIASTRA IN NYLON,981,7.01,8.01535E+12,25
106278660,CONTROPIASTRA IN NYLON,981,5.81,8.01535E+12,25
106278800,CONTROPIASTRA IN NYLON,981,7.01,8.01535E+12,25
106279000,BOCCHETTA ARROT.X 57210,983,10.01,8.01535E+12,12
106279100,CONTROPIASTRA,983,8.63,8.01535E+12,12
10627910082,CONTROPIASTRA,983,7.9,8.01535E+12,12
106279110,C/PIASTRA OTT.SAT.VERN. SCR+CAT B.TONDI,983,13.44,8.01535E+12,12
106279120,C/PIASTRA B.TONDI ACC.OTT.SAT.VERN. SCR+CAT.,983,9.43,8.01535E+12,12
106281000,BOCCH.BATTISCR.X 57211/15,983,17.19,8.01535E+12,25
106282000,BOCCHETTA PIANA X 57220,983,8.14,8.01535E+12,25
106283020B7,CONTROPIASTRA X 56010/56015/56020,983,7.89,8.01535E+12,12
106284000,CONTROPIASTRA X 57258-52526,983,12.06,8.01535E+12,25
106285250,CONTROPIASTRA IN NYLON,981,5.99,8.01535E+12,25
106285270,CONTROPIASTRA IN NYLON,981,5.99,8.01535E+12,12
106285300,CONTROPIASTRA IN NYLON,981,5.99,8.01535E+12,12
106285320,CONTROPIASTRA IN NYLON,981,5.99,8.01535E+12,12
106285340,CONTROPIASTRA IN NYLON,981,5.99,8.01535E+12,12
106285350,CONTROPIASTRA IN NYLON,981,5.29,8.01535E+12,25
106285360,CONTROPIASTRA IN NYLON,981,5.99,8.01535E+12,12
106285370,CONTROPIASTRA IN NYLON,981,5.29,8.01535E+12,25
106285380,CONTROPIASTRA IN NYLON,981,5.99,8.01535E+12,6
106285420,CONTROPIASTRA IN NYLON,981,6.65,8.01535E+12,6
106285430,CONTROPIASTRA IN NYLON,981,6.08,8.01535E+12,12
106285440,CONTROPIASTRA IN NYLON,981,6.65,8.01535E+12,6
106287020,CONTROPIASTRA IN NYLON,981,4.59,8.01535E+12,25
106287110,CONTROPIASTRA IN NYLON,981,4.59,8.01535E+12,25
106287140,CONTROPIASTRA IN NYLON,981,4.59,8.01535E+12,25
106287170,CONTROPIASTRA IN NYLON,981,4.96,8.01535E+12,25
106287210,CONTROPIASTRA IN NYLON,981,6.41,8.01535E+12,25
106287250,CONTROPIASTRA IN NYLON,981,6.24,8.01535E+12,
106287260,CONTROPIASTRA IN NYLON,981,5.99,8.01535E+12,25
106287270,CONTROPIASTRA IN NYLON,981,6.41,8.01535E+12,25
106287290,CONTROPIASTRA IN NYLON,981,4.59,8.01535E+12,25
106287500,CONTROPIASTRA IN NYLON,981,6.65,8.01535E+12,25
106287640,CONTROPIASTRA IN NYLON,981,7.01,8.01535E+12,25
106287650,CONTROPIASTRA IN NYLON,981,6.41,8.01535E+12,25
106287770,CONTROPIASTRA IN NYLON,981,4.96,8.01535E+12,25
106287880,CONTROPIASTRA IN NYLON,981,5.81,8.01535E+12,25
106287890,CONTROPIASTRA IN NYLON,981,4.96,8.01535E+12,25
106287920,CONTROPIASTRA IN NYLON,981,5.99,8.01535E+12,25
106287940,CONTROPIASTRA IN NYLON,981,7.01,8.01535E+12,25
106287950,CONTROPIASTRA IN NYLON,981,4.96,8.01535E+12,25
106287970,CONTROPIASTRA IN NYLON,981,6.24,8.01535E+12,25
106290000,COPPIA ATTACCHI PER ASTE,981,7.77,8.01535E+12,12
106290050,COPPIA ATTACCHI PER ASTE,982,6.07,8.01535E+12,12
106290060,COPPIA ATTACCHI PER ASTE MULTITOP PRO,982,6.07,8.01535E+12,12
106290100,COPPIA ATTACCHI PER ASTE,982,9.84,8.01535E+12,12
106291000,PUNTALE ANTISEGA MM.10,982,8.29,8.01535E+12,12
106291010,PUNTALE ANTISEGA MM. 8,981,7.53,8.01535E+12,12
106291050,PUNTALE MONOBLOCCO MM.10,982,5.35,8.01535E+12,12
106291060,PUNTALE MONOBLOCCO MM.8,981,4.59,8.01535E+12,12
106291070,PUNTALE MONOBLOCCO MM.14,982,7.79,8.01535E+12,12
106291170,PUNTALE MONOBLOCCO MM.14 CONF INDUSTRIALE (60PZ),982,7.79,8.01535E+12,60
106291200,SPINOTTO GIUNZIONE,981,2.35,8.01535E+12,12
106291500,PUNTALE MOLLEGGIATO,984,20.61,8.01535E+12,
106292000,BOCCHETTA ASTA SUPERIORE,983,6.51,8.01535E+12,12
106292010,BOCCHETTA ASTA SUPERIORE,983,7.46,8.01535E+12,12
106293010,ALETTA BATTISCROCCO,983,19.91,8.01535E+12,25
106300140,COPPIA OCCHIOLI DIAM.14,985,17.31,8.01535E+12,6
106300180,COPPIA OCCHIOLI DIAM.18,985,17.31,8.01535E+12,6
106301500,CRAVATTA LUCE 50 MM.,985,24.01,8.01535E+12,4
106301600,CRAVATTA LUCE 60 MM.,985,27.7,8.01535E+12,4
106304000,SISTEMA RASTRELLIERA PER BICI IN CENTRO RAVENNA,989,167.17,8.01535E+12,1
106304010,SISTEMA BICICLETTA PER BICI IN CENTRO RAVENNA,989,121.51,8.01535E+12,1
106304020,SPINOTTO CIFRATO COD. ANT.RAVENNA CENTRO,989,12.15,8.01535E+12,1
106316040,KIT FISSAGGIO COMANDI ESTERNI 80-130MM,798,10.73,8.01535E+12,1
106322000,CONTROPIASTRA,983,5.14,8.01535E+12,12
106323000,CONTROPIASTRA,983,5.14,8.01535E+12,12
10632300012,CONTROPIASTRA NICHELATA,983,8.1,8.01535E+12,12
10632300082,CONTROPIASTRA,983,5.14,8.01535E+12,12
106323010,CONTROPIASTRA,983,10.21,8.01535E+12,12
106325000,CONTROPIASTRA,983,10.21,8.01535E+12,12
10632800012,CONTROPIASTRA INTERA SQUAD. NIKELATA,983,37.73,8.01535E+12,
10632800082,CONTROPIASTRA INTERA,983,29.46,8.01535E+12,6
106328000B7,CONTROPIASTRA INTERA X 53003 B7,983,37.73,8.01535E+12,6
106329000,CONTROPIASTRA INTERA,983,41.11,8.01535E+12,6
10632900082,CONTROPIASTRA INTERA,983,29.46,8.01535E+12,6
106329000B7,CONTROPIASTRA INTERA  B7,983,37.73,8.01535E+12,6
106331000,CONTROPIASTRA RASABILE,983,101.25,8.01535E+12,6
10635300044,POMOLO X CIL. 08353,980,21.27,8.01535E+12,6
10635300060,POMOLO X CIL. 08353,980,21.27,8.01535E+12,6
10635300062,POMOLO X CIL. 08353,980,21.27,8.01535E+12,6
10635300064,POMOLO X CIL. 08353,980,21.27,8.01535E+12,6
10635302012,POMOLO CILINDRO IN OTTONE,6200,17.32,8.01535E+12,6
10635302018,POMOLO CILINDRO IN OTTONE,6200,17.32,8.01535E+12,6
10635302021,POMOLO CILINDRO IN OTTONE,6200,17.32,8.01535E+12,6
10635302066,POMOLO CILINDRO IN OTTONE,6200,17.32,8.01535E+12,6
106353020N3,POMOLO CILINDRO IN OTTONE,6200,17.32,8.01535E+12,6
10635400012,POMOLO PER CIL.CON GAMBO,980,19.33,8.01535E+12,6
10635400021,POMOLO PER CIL.CON GAMBO,980,21.44,8.01535E+12,6
10635400023,POMOLO PER CIL. CON GAMBO,980,21.44,8.01535E+12,6
10635400066,POMOLO PER CIL.CON POMOLO,980,19.33,8.01535E+12,1
10635400068,POMOLO PER CIL.CON GAMBO,980,19.33,8.01535E+12,6
10635500012,POMOLO PER CIL.CON GAMBO,980,14.61,8.01535E+12,6
10635500018,POMOLO PER CIL.CON GAMBO,980,14.61,8.01535E+12,6
10635500066,POMOLO PER CIL.CON POMOLO,980,14.61,8.01535E+12,6
10635600012,POMOLO TRILOBATO,980,19.33,8.01535E+12,6
10635600066,POMOLO TRILOBATO,980,19.33,8.01535E+12,6
10635700012,POMOLO TONDO,980,19.33,8.01535E+12,6
10635700066,POMOLO TONDO,980,19.33,8.01535E+12,6
10635800012,POMOLO PER CIL.CON GAMBO,980,7.74,8.01535E+12,6
106411010,CATENACCIO ACCIAIO NIC.,980,2.1,8.01535E+12,12
106411020,CATENACCIO ACCIAIO NIC.,980,2.1,8.01535E+12,12
106411030,CATENACCIO ACCIAIO NIC.,980,2.1,8.01535E+12,12
106411040,CATENACCIO ACCIAIO NIC.,980,2.1,8.01535E+12,12
106412010,CATENACCIO ACCIAIO NIC.,980,2.1,8.01535E+12,12
106412020,CATENACCIO ACCIAIO NIC.,980,2.1,8.01535E+12,12
106412030,CATENACCIO ACCIAIO NIC.,980,2.1,8.01535E+12,12
106412040,CATENACCIO ACCIAIO NIC.,980,2.1,8.01535E+12,12
106412510,CATENACCIO ZINCATO,980,5.2,8.01535E+12,12
106413010,CATENACCIO ACCIAIO NIC.,980,2.1,8.01535E+12,12
106413020,CATENACCIO ACCIAIO NIC.,980,2.1,8.01535E+12,12
106413030,CATENACCIO ACCIAIO NIC.,980,2.1,8.01535E+12,12
106413040,CATENACCIO ACCIAIO NIC.,980,2.1,8.01535E+12,12
106414010,CATENACCIO ACCIAIO NIC.,980,2.1,8.01535E+12,12
106414020,CATENACCIO ACCIAIO NIC.,980,2.1,8.01535E+12,12
106414030,CATENACCIO ACCIAIO NIC.,980,2.1,8.01535E+12,12
106414040,CATENACCIO ACCIAIO NIC.,980,2.1,8.01535E+12,12
106414200,CATENACCIO ACCIAIO ZINC.,980,3.23,8.01535E+12,12
106414250,CATENACCIO ACC. ZINCATO,980,3.23,8.01535E+12,12
106414300,CATENACCIO ACCIAIO ZINC.,980,3.23,8.01535E+12,12
106415000,ASTA-CATENACCIO,983,19.26,8.01535E+12,12
106415010,ASTE INTERNE,982,19.26,8.01535E+12,25
106416000,ASTA CATEN.CIO 2 PUNTALI,983,17.14,8.01535E+12,10
106418000,COPPIA DEVIATORI,983,7.85,8.01535E+12,12
106418010,DEVIATORE X  DMPB,984,10.21,8.01535E+12,6
106418030,DEVIATORE X DMPB,984,9.7,8.01535E+12,6
106421101,CATENA PER LIMITATORE,984,8.16,8.01535E+12,6
106421102,CATENA PER LIMITATORE,984,8.16,8.01535E+12,6
106422000,OCCHIELLO,983,5.11,8.01535E+12,24
106422100,ACCESSORIO PER 72250,980,3.54,8.01535E+12,1
106424000,ACCESS. CON ASTE,983,32.19,8.01535E+12,6
106425020,ASTE CATENACCIO X DMPB,984,47.19,8.01535E+12,
106425030,ASTE CATENACCIO DMPB INF.,984,47.19,8.01535E+12,1
106425060,ASTE DMPB COMANDO DEV.,984,26.91,8.01535E+12,6
106425070,SERIE ASTE-CATENACCIO,983,58.24,8.01535E+12,1
106426070,SERIE ASTE-CATENACCIO,983,148.62,8.01535E+12,1
106429000,PIASTRA DMPB T. STRETTA,984,13.06,8.01535E+12,12
106429050,PIASTRA DMPB T. STRETTA,984,13.06,8.01535E+12,12
10642905000HF,PIASTRA DMPB SPECIALE PER ALIAS,984,13.06,8.01535E+12,12
106429060,PIASTRA DMPB T. STRETTA,984,14.51,8.01535E+12,12
106429100,"PIASTRA DI MONTAGGIO PER SERRAT. TIPO ""M""",984,13.06,8.01535E+12,12
106429150,PIASTRA DMPB T. STRETTA,984,14.79,8.01535E+12,12
106429160,PIASTRA DMPB T. STRETTA,984,16.38,8.01535E+12,12
106429200,PIASTRA DMPB T. STRETTA,984,16.38,8.01535E+12,12
106429400,PIASTRA DI RINFORZO,984,18.27,8.01535E+12,12
106429500,PROTEZIONE AL MANGANESE,984,18.08,8.01535E+12,12
106429510,PROTEZIONE AL MANGANESE,984,18.08,8.01535E+12,12
106429601,PROTEZIONE PER CILINDRO A MAPPE,984,71.99,8.01535E+12,1
10642960118,PROTEZIONE PER CILNDRO A MAPPE,984,71.99,8.01535E+12,1
10642960146,PROTEZIONE PER CILNDRO A MAPPE,984,71.99,8.01535E+12,1
106429601B1,PROTEZIONE PER CILINDRO A MAPPE,984,78.24,8.01535E+12,1
106433000,DEVIATORE LATERALE 1CAT.,984,26.94,8.01535E+12,1
106433010,DEVIATORE LATERALE 2CAT.,984,52.04,8.01535E+12,1
106433100,DEVIATORE LAT.CAT.MM.40,984,26.94,8.01535E+12,1
106433110,DEVIATORE LAT.CAT.MM.40,984,52.04,8.01535E+12,1
106434000,DEVIATORE 1CATEN. X DMPB,984,31.23,8.01535E+12,1
106434010,DEVIATORE 2CATEN. X DMPB,984,56.57,8.01535E+12,1
106436100,PIASTRA ANTITRAPANO PER MULTITOP-SERR,981,17.26,8.01535E+12,6
106436110,PIASTRA ANTITRAPANO PER MULTITOP-DEV,981,13.47,8.01535E+12,6
106436120,PIASTRA ANTITRAPANO PER SERR. CENTR MULTITOP MATIC,981,18.63,8.01535E+12,6
106436130,PIASTRA ANTITRAPANO PER DEV.MULTITOP MATIC,981,14.82,8.01535E+12,6
106437000,DEVIATORE 1CATEN. X DMPB,984,26.94,8.01535E+12,1
106437010,DEVIATORE 2CATEN. X DMPB,984,52.04,8.01535E+12,1
106441000,ASTE INTERNE ZANCATE,981,31.43,8.01535E+12,12
106441100,ASTE INTERNE DIRITTE,981,31.43,8.01535E+12,12
106441150,ASTE INTERNE,982,19.26,8.01535E+12,12
106441200,ASTE INTERNE FILETTATE,981,49.96,8.01535E+12,12
106441210,ASTE INTERNE FILETTATE,981,57.97,8.01535E+12,25
106442000,PIASTRINI PER ASTE ESTERNE,981,5.34,8.01535E+12,12
106443000,COPPIA DEVIATORI ASTE INTERNE,988,74.91,8.01535E+12,1
106443050,COPPIA DEVIATORI ASTE ESTERNE,988,65.79,8.01535E+12,1
106443210,COPPIA DEVIATORI ASTE INT.CAT.ORIZZ.-NEW,988,78.07,8.01535E+12,1
106443260,COPPIA DEVIATORI ASTE EST.CAT.ORIZZ.-NEW,988,68.88,8.01535E+12,1
10644326000PL,DEVIATORE ASTE EST.CAT.ORIZZ.SPI,988,33.65,8.01535E+12,1
106443310,COPPIA DEVIATORI ASTE INT.CAT.ORIZZ.-MULTITOP PRO,988,78.06,8.01535E+12,1
106443360,COPPIA DEVIATORI ASTE EST.CAT.ORIZZ.-MULTITOP PRO,988,68.88,8.01535E+12,1
106443410,COPPIA DEVIATORI ASTE INT.CAT.GANCIO-MULTITOP MAX,988,118.13,8.01535E+12,1
106443460,COPPIA DEVIATORI ASTE EST.CAT.GANCIO-MULTITOP MAX,988,108.98,8.01535E+12,1
106444460,"KIT PROLUNGA FRONT.""U"" 24X5-NERO- MULTITOP PRO",988,72.73,8.01535E+12,1
106444470,"KIT PROLUNGA FRONT.""U"" 24X7-NERO- MULTITOP PRO",988,72.73,8.01535E+12,1
106444560,"KIT PROLUNGA FRONT.""PIATTO""24X3-NERO-MULTITOP PRO",988,72.73,8.01535E+12,1
106444660,"KIT PROLUNGA FRONT.""U"" 24X5-INOX-MULTITOP PRO",988,79.91,8.01535E+12,1
10644466000VC,"KIT PROLUNGA FRONT.""U"" 24X5-INOX-MULTITOP PRO",988,79.91,8.01535E+12,1
106444670,"KIT PROLUNGA FRONT.""U"" 24X7-INOX-MULTITOP PRO",988,79.91,8.01535E+12,1
106444760,"KIT PROLUNGA FRONT.""PIATTO""24X3-INOX-MULTITOP PRO",988,79.91,8.01535E+12,1
106444860,"KIT PROLUNGA ""U"" 24X5-INOX-MULTITOP MATIC/EXIT",988,92.37,8.01535E+12,1
10644486000VC,"KIT PROLUNGA ""U"" 24X5-INOX-MULTITOP MATIC/EXIT",988,92.37,8.01535E+12,1
106444870,"KIT PROLUNGA ""U"" 24X7-INOX-MULTITOP MATIC/EXIT",988,92.37,8.01535E+12,1
106444960,"KIT PROLUNGA ""PIATTO""24X3-INOX-MULTITOP MATIC/EXIT",988,92.37,8.01535E+12,1
106449000,ASTE PER DEVIATORI,981,27.02,8.01535E+12,12
106449050,GRANO FILETTATO PER ATTACCO ASTE EST.,981,1.51,8.01535E+12,50
106449100,KIT CHIUSURA SUPPL.SUPER.CREM.,981,23.6,8.01535E+12,6
106449110,KIT CHIUSURA SUPPL.INFER.CREM.,981,22.82,8.01535E+12,6
106449200,KIT CHIUSURA SUPPL.PROFILO PORTA,981,39.53,8.01535E+12,1
106449210,KIT CHIUSURA SUPPL.PROFILO CE,981,39.53,8.01535E+12,1
106451000,ASTE INTERNE ZANCATE,981,31.43,8.01535E+12,12
106451100,ASTE INTERNE DIRITTE,981,31.43,8.01535E+12,12
106452050,PIASTRINI PER ASTE ESTERNE,981,5.34,8.01535E+12,12
10645205000TB,PIASTRINI PER ASTE ESTERNE X KLIL,981,18.27,8.01535E+12,12
106453050,COPPIA DEVIATORI ASTE INTERNE,988,74.91,8.01535E+12,1
106458100,BORCHIA X CILINDRO SAGOMATO,984,9.52,8.01535E+12,12
10645810018,BORCHIA X CILINDRO SAGOMATO,984,9.52,8.01535E+12,12
10645810065,BORCHIA X CILINDRO SAGOMATO,984,9.52,8.01535E+12,12
106458100B1,BORCHIA X CILINDRO SAGOMATO,984,14.61,8.01535E+12,12
106458110,BORCHIA X SERR. APPL. CILINDRO SERIE 56100,983,9.52,8.01535E+12,12
106458200,BORCHIA CILINDRO SAG.POMOLO,984,9.52,8.01535E+12,12
10645820018,BORCHIA CILINDRO SAG.POMOLO,984,9.52,8.01535E+12,12
10645820065,BORCHIA X CILINDRO SAGOMATO/POMOLO,984,9.52,8.01535E+12,12
106458200B1,BORCHIA CILINDRO SAG.POMOLO,984,14.61,8.01535E+12,12
106459010,BOCCHETTA INOX X MONTANTI,981,8.3,8.01535E+12,12
106459020,BOCCHETTA INOX X MONTANTI,981,17.25,8.01535E+12,12
106460000,BORCHIA ANTISTRAPPO,981,49.94,8.01535E+12,1
106460050,PROTETTORE PER CILINDRO ASTRAL-RS3,981,96.81,8.01535E+12,1
10646005015,PROTETTORE PER CILINDRO ASTRAL-RS3,981,107.67,8.01535E+12,1
106460150,PROTETTORE PER CILINDRO ASTRAL-RS3,983,117.08,8.01535E+12,1
106460500,BORCHIA ANTISTRAPPO      (23110),984,76.15,8.01535E+12,1
10646050018,BORCHIA ANTISTRAPPO,984,76.15,8.01535E+12,1
106460500B1,BORCHIA ANTISTRAPPO,984,83,8.01535E+12,1
106460510,BORCHIA ANTISTRAPPO,984,76.15,8.01535E+12,1
10646051018,BORCHIA ANTISTRAPPO,984,76.15,8.01535E+12,1
10646051064,BORCHIA ANTISTRAPPO,984,76.15,8.01535E+12,1
10646051065,BORCHIA ANTISTRAPPO,984,76.15,8.01535E+12,1
106460510B1,BORCHIA ANTISTRAPPO,984,83,8.01535E+12,1
10646060018,BORCHIA ANTISTRAPPO,984,76.15,8.01535E+12,
10646070044,PROTETTORE CORAZZATO PROFILI STRETTI (NERO),981,37.34,8.01535E+12,1
10646070045,PROTETTORE CORAZZATO PROFILI STRETTI (BIANCO),981,37.34,8.01535E+12,1
106460700C2,PROTETTORE CORAZZATO PROFILI STRETTI (CROM SATIN),981,37.34,8.01535E+12,1
106460700C3,PROTETTORE CORAZZATO PROFILI STRETTI (OTT LUCIDO),981,37.34,8.01535E+12,1
106460700N5,PROTETTORE CORAZZATO PROFILI STRETTI (ANTRACITE),981,37.34,8.01535E+12,1
106460700N8,PROTETTORE CORAZZATO PROFILI STRETTI (CROM LUCIDO),981,37.34,8.01535E+12,1
106461010,BOCCHETTA INOX X MONTANTI,981,10.66,8.01535E+12,12
106461020,BOCCHETTA INOX X MONTANTI,981,18.95,8.01535E+12,12
106461031,KIT CONTROPIASTRE DX 3 SCROCCHI PROFILO FERRO,981,58.76,8.01535E+12,6
106461032,KIT CONTROPIASTRE SX 3 SCROCCHI PROFILO FERRO,981,58.76,8.01535E+12,6
106461041,KIT CONTROPIASTRE DX 3 SCROCCHI PROFILO PORTA,981,81.24,8.01535E+12,6
106461042,KIT CONTROPIASTRE SX 3 SCROCCHI PROFILO PORTA,981,81.24,8.01535E+12,6
106461070,BOCCHETTA INOX X MULTITOP SPESS.1.5 MM,981,18.4,8.01535E+12,12
106461110,BOCCHETTA INOX X MONTANTI,981,10.66,8.01535E+12,12
106461120,"BOCCHETTA INOX X SIKUR EXIT 24X1,5 MM.",981,16.75,8.01535E+12,12
106461170,BOCCHETTA INOX X MULTITOP 36X2 MM X FORSTER,981,20.97,8.01535E+12,12
106461200,BOCCHETTA INOX PER DMIF,981,20.22,8.01535E+12,12
106461210,BOCCHETTA INOX PER DMIF,981,17.76,8.01535E+12,12
106461220,BOCCHETTA INOX X SIKUR EXIT 36X2 MM X FORSTER,981,17.59,8.01535E+12,12
106461250,"BOCCHETTA ""U"" INOX PER PALETTO",981,16.66,8.01535E+12,12
106461260,"BOCCHETTA ""U"" INOX PER PALETTO",981,14.14,8.01535E+12,12
106461271,"KIT CONTROPIASTRE DX 3 SCROCCHI PROFILO CAMERA""R""",981,81.24,8.01535E+12,6
106461272,"KIT CONTROPIASTRE SX 3 SCROCCHI PROFILO CAMERA""R""",981,81.24,8.01535E+12,6
106461300,BOCCHETTA PIANA INOX PER MULTITOP,981,10.4,8.01535E+12,12
106461340,BOCCHETTA PIANA INOX PER SIKUR EXIT,981,8.14,8.01535E+12,12
106461350,"BOCCHETTA ""U"" INOX PER MULTITOP",981,15.59,8.01535E+12,12
106461390,"BOCCHETTA ""U"" INOX PER SIKUR EXIT",981,13.19,8.01535E+12,12
106461400,BOCCHETTA PIANA INOX SCATOLATA PER MULTITOP,981,22.53,8.01535E+12,12
106461410,BOCCHETTA PIANA INOX SCATOLATA PER MULTITOP,981,20.88,8.01535E+12,12
106461430,KIT CONTROP.3 SCROCCHI PROFILO CAMERA EUROPEA,981,58.76,8.01535E+12,6
106461450,"BOCCHETTA A""U""INOX SCATOLATA PER MULTITOP",981,27.02,8.01535E+12,12
106461460,"BOCCHETTA A""U""INOX SCATOLATA PER MULTITOP",981,25.19,8.01535E+12,
106461510,BORCHIA ANTISTRAPPO,984,76.15,8.01535E+12,1
10646151018,BORCHIA ANTISTRAPPO  FINITURA OTTONE LUCIDO,984,76.15,8.01535E+12,
106462010,BOCCHETTA INOX X MONTANTI,981,15.67,8.01535E+12,12
106462200,BOCCHETTA INOX PER DMIF,981,17.29,8.01535E+12,12
106463050,CONTROPIASTRA IN METALLO,987,12.38,8.01535E+12,12
106463060,CONTROPIASTRA IN METALLO,987,13.29,8.01535E+12,12
106463070,CONTROPIASTRA IN METALLO,987,13.29,8.01535E+12,12
106463080,CONTROPIASTRA IN METALLO,987,8.57,8.01535E+12,12
106463090,CONTROPIASTRA IN METALLO,987,9.23,8.01535E+12,12
106463160,CONTROPIASTRA IN METALLO PER CREM.,987,13.29,8.01535E+12,12
106463170,CONTROPIASTRA IN METALLO PER CREM.,987,13.29,8.01535E+12,12
106463250,CONTROP.REG.-PALETTO-PROFILI PORTA 4/10 MM-INOX,975,20.31,8.01535E+12,
106463350,CONTROP.REG.-MULTITOP-PROFILI PORTA 4/10 MM-INOX,975,20.31,8.01535E+12,
106463570,CONTROP.METALLO REG.NERA PALETTO CENTRALE SORMONTO,987,13.29,8.01535E+12,12
106463580,CONTROP.METALLO REG.INOX PALETTO CENTRALE SORMONTO,987,16.7,8.01535E+12,12
106463670,CONTROP.METALLO REG.NERA MULTITOP PRO CENTR.SORM.,987,13.29,8.01535E+12,12
106463680,CONTROP.METALLO REG.INOX MULTITOP PRO CENTR.SORM.,987,16.7,8.01535E+12,12
1.06464E+12,CONTR.MET.INOX M.TO PRO CENT.PONZIO NA30001 SORM.,987,16.7,8.01535E+12,12
106463720,CONTROP.METALLO REG.NERA PALETTO CENTRALE C.E.,987,12.38,8.01535E+12,12
106463730,CONTROP.METALLO REG.INOX PALETTO CENTRALE C.E.,987,13.38,8.01535E+12,12
106463740,CONTROP.MET.NERA PALETTO CENTRALE 4/10 MM PORTA,975,16.13,8.01535E+12,12
106463750,CONTROP.MET.INOX PALETTO CENTRALE 4/10 MM PORTA,975,20.31,8.01535E+12,12
106463820,CONTROP.IN METALLO NERA MULTITOP PRO CENTRALE C.E,987,12.38,8.01535E+12,12
106463830,CONTROP.IN METALLO INOX MULTITOP PRO CENTRALE C.E,987,13.38,8.01535E+12,12
1.06464E+12,CONTR.METAL.INOX PRO CENTR.COD.PONZIO PA30003 C.E,987,13.38,8.01535E+12,12
106463840,CONTROP.MET.NERA M.TO PRO CENTRALE 4/10 MM PORTA,975,16.13,8.01535E+12,12
106463850,CONTROP.MET.INOX M.TO PRO CENTRALE 4/10 MM PORTA,975,20.31,8.01535E+12,12
1.06464E+12,CONTR.MET.INOX M.TO PRO CENT.PONZIO PA30001 PORTA,975,20.31,8.01535E+12,12
106465020,CONTROPIASTRA IN METALLO,987,8.57,8.01535E+12,12
106465030,CONTROPIASTRA IN METALLO,987,9.23,8.01535E+12,12
106465050,CONTROPIASTRA IN METALLO,987,12.38,8.01535E+12,12
106465060,CONTROPIASTRA IN METALLO,987,13.29,8.01535E+12,12
106465070,CONTROPIASTRA IN METALLO,987,13.29,8.01535E+12,12
106465250,CONTROP.REG.-PALETTO-PROFILI PORTA 4/10 MM-INOX,975,20.31,8.01535E+12,
106465350,CONTROP.REG.-MULTITOP-PROFILI PORTA 4/10 MM-INOX,975,20.31,8.01535E+12,
106465520,CONTROPIASTRA IN METALLO NERA C.E.,987,12.38,8.01535E+12,12
106465570,CONTROP.METALLO NERA UNIVERSALE DEVIATORI  SORM.,987,13.29,8.01535E+12,12
106465580,CONTROP.METALLO INOX UNIVERSALE DEVIATORI  SORM.,987,16.7,8.01535E+12,12
1.06466E+12,CONTR.MET.INOX UNIV.DEVIATORI PONZIO NA30006 SORM,987,16.7,8.01535E+12,12
106465720,CONTROP.METALLO NERA UNIVERSALE DEVIATORI C.E.,987,12.38,8.01535E+12,12
106465730,CONTROP.METALLO INOX UNIVERSALE DEVIATORI C.E.,987,13.38,8.01535E+12,12
1.06466E+12,CONTR.METAL.INOX UNIV.DEV.COD.PONZIO PA30036 C.E.,987,13.38,8.01535E+12,12
106465740,CONTROP.MET.NERA UNIVERSALE DEVIAT.4/10 MM PORTA,975,16.13,8.01535E+12,12
106465750,CONTROP.MET.INOX UNIVERSALE DEVIAT.4/10 MM PORTA,975,20.31,8.01535E+12,12
1.06466E+12,CONTR.MET.INOX UNIVER.DEVIAT.PONZIO PA30035 PORTA,975,20.31,8.01535E+12,12
106466010,ROTORE PER BORCHIA ANTISTRAPPO,984,6.79,8.01535E+12,50
106472000,ROTORE PER BORCHIA ANTISTRAPPO,984,13.53,8.01535E+12,50
106472400,SPESSORE PER BORCHIA ANTISTRAPPO,984,0.91,8.01535E+12,25
106472500,COPPIA COLONNETTE X BORCHIA ANTISTRAPPO,984,2.77,8.01535E+12,
106473000,BORCHIA X CILINDRO SAGOMATO,984,13.53,8.01535E+12,12
10647300018,BORCHIA X CILINDRO SAGOMATO,984,13.53,8.01535E+12,12
10647300064,BORCHIA X CILINDRO SAGOMATO,984,13.53,8.01535E+12,12
10647300065,BORCHIA X CILINDRO SAGOMATO,984,13.53,8.01535E+12,12
106473000B1,BORCHIA X CILINDRO SAGOMATO,984,18.53,8.01535E+12,12
106473100,BORCHIA CILINDRO SAG.POMOLO,984,13.53,8.01535E+12,12
10647310000GL,BORCHIA X CILINDRO SAGOMATO  (PER MASTER),984,13.53,8.01535E+12,
10647310018,BORCHIA CILINDRO SAG.POMOLO,984,13.53,8.01535E+12,12
10647310064,BORCHIA CILINDRO SAG.POMOLO,984,13.53,8.01535E+12,12
106473100B1,BORCHIA X CILINDRO POMOLOTO,984,18.53,8.01535E+12,12
106473200,BORCHIA OVALE CIL.EUROPEO FIN.67,981,15.26,8.01535E+12,12
106473200B1,BORCHIA OVALE CIL.EUROPEO FIN.B1,981,20.92,8.01535E+12,12
106473300,BORCHIA OVALE CIL.GAMBO RASABILE FIN 67,981,15.26,8.01535E+12,12
106473300B1,BORCHIA OVALE CIL.GAMBO RASABILE FIN B1,981,20.92,8.01535E+12,12
106473500,ANELLO BORCHIA PER BORCHIA ANTISTRAPPO,984,5.82,8.01535E+12,25
10647350018,ANELLO BORCHIA PER BORCHIA ANTISTRAPPO,984,5.82,8.01535E+12,
10647350064,ANELLO BORCHIA PER BORCHIA ANTISTRAPPO,984,5.82,8.01535E+12,25
106473500B1,ANELLO BORCHIA PER BORCHIA ANTISTRAPPO,984,10.84,8.01535E+12,25
106473600,ANELLO COPRIFILO X 06460.05/06,983,5.12,8.01535E+12,12
106480000,CORPO BORCHIA ANTISTRAPPO,984,43.16,8.01535E+12,6
106480010,CORPO BORCHIA ANTISTRAPPO,984,46.16,8.01535E+12,
106480020,CORPO BORCHIA ANTISTRAPPO,984,49.12,8.01535E+12,
106480100,CORPO BORCHIA ANTISTRAPPO,984,43.16,8.01535E+12,
106480200,CORPO BORCHIA ANTISTRAPPO CONFEZ. INDUSTR.,984,42.13,8.01535E+12,
106480210,CORPO BORCHIA ANTISTRAPPO CONFEZ. INDUSTR.,984,45.16,8.01535E+12,30
106480220,CORPO BORCHIA ANTISTRAPPO CONFEZ. INDUSTR.,984,48.1,8.01535E+12,30
106483000,CAPPUCCIO PER BORCHIA ANTISTRAPPO,984,14.39,8.01535E+12,6
10648300018,CAPPUCCIO PER BORCHIA ANTISTRAPPO,984,14.39,8.01535E+12,6
10648300046,CAPPUCCIO PER BORCHIA ANTISTRAPPO,984,14.39,8.01535E+12,6
10648300064,CAPPUCCIO PER BORCHIA ANTISTRAPPO,984,14.39,8.01535E+12,
10648300065,CAPPUCCIO PER BORCHIA ANTISTRAPPO,984,14.39,8.01535E+12,
106483000B1,CAPPUCCIO PER BORCHIA ANTISTRAPPO,984,14.39,8.01535E+12,6
106483200,CAPPUCCIO PER BORCHIA ANTISTRAPPO CONEZ.INDUSTR.,984,13.76,8.01535E+12,
106483200B1,CAPPUCCIO PER BORCHIA ANTISTRAPPO CONEZ.INDUSTR.,984,13.76,8.01535E+12,6
10648360046,COPRIFILO X BORCHIA ANTISTR. CON VITI,984,12.64,8.01535E+12,30
106483610,COPRIFILO X BORCHIA ANTISTR. SENZA VITI,984,14.39,8.01535E+12,30
10648361018,COPRIFILO X BORCHIA ANTISTR. SENZA VITI,984,14.39,8.01535E+12,30
10648361064,COPRIFILO X BORCHIA ANTISTR. SENZA VITI,984,14.39,8.01535E+12,30
106483610B1,COPRIFILO X BORCHIA ANTISTR. SENZA VITI,984,14.39,8.01535E+12,30
106483800,COPRIFILO X BORCHIA ANTISTR. CON VITI CONF.IND.,984,11.98,8.01535E+12,30
10648380018,COPRIFILO X BORCHIA ANTISTR. CON VITI CONF.IND.,984,11.98,8.01535E+12,
10648380064,COPRIFILO X BORCHIA ANTISTR. CON VITI CONF.IND.,984,11.98,8.01535E+12,30
106483810,COPRIFILO X BORCHIA ANTISTR. SENZA VITI CONF.IND.,984,13.76,8.01535E+12,
10648381018,COPRIFILO X BORCHIA ANTISTR. SENZA VITI CONF/IND.,984,13.76,8.01535E+12,30
10648381064,COPRIFILO X BORCHIA ANTISTR. SENZA VITI CONF/IND.,984,13.76,8.01535E+12,30
10648381065,COPRIFILO X BORCHIA ANTISTR. SENZA VITI CONF/IND.,984,13.76,8.01535E+12,
106483810B1,COPRIFILO X BORCHIA ANTISTR. SENZA VITI CONF/IND.,984,13.76,8.01535E+12,30
106485000,BORCHIA ANTISTRAPPO CON FLANGIA TRILOBATA,984,48.04,8.01535E+12,
106485020,BORCHIA ANTISTRAPPO CON FLANGIA TRILOBATA,984,54.01,8.01535E+12,
106485200,BORCHIA ANTISTRAPPO CON FLANGIA TRILOBATA CONF/IND,984,46.99,8.01535E+12,
106485210,BORCHIA ANTISTRAPPO CON FLANGIA TRILOBATA CONF/IND,984,51.35,8.01535E+12,
106485220,BORCHIA ANTISTRAPPO CON FLANGIA TRILOBATA CONF/IND,984,53,8.01535E+12,
106490000,BORCHIA ANTISTRAPPO,984,71.48,8.01535E+12,6
10649000018,BORCHIA ANTISTRAPPO,984,71.48,8.01535E+12,6
10649000065,BORCHIA ANTISTRAPPO,984,71.48,8.01535E+12,6
106490000B1,BORCHIA ANTISTRAPPO,984,71.48,8.01535E+12,6
106490010,BORCHIA ANTISTRAPPO,984,74.41,8.01535E+12,6
10649001018,BORCHIA ANTISTRAPPO,984,74.41,8.01535E+12,6
10649001065,BORCHIA ANTISTRAPPO,984,74.41,8.01535E+12,6
106490010B1,BORCHIA ANTISTRAPPO,984,74.41,8.01535E+12,6
106490020,BORCHIA ANTISTRAPPO,984,77.18,8.01535E+12,6
10649002018,BORCHIA ANTISTRAPPO,984,77.18,8.01535E+12,6
10649002064,BORCHIA ANTISTRAPPO,984,77.18,8.01535E+12,6
10649002065,BORCHIA ANTISTRAPPO,984,77.18,8.01535E+12,6
106490020B1,BORCHIA ANTISTRAPPO,984,77.18,8.01535E+12,6
10649010018,BORCHIA ANTISTRAPPO CONICA,984,35.34,8.01535E+12,
106490180,BORCHIA ANTISTRAPPO CONICA (OTTONE LUCIDO),984,21.41,8.01535E+12,6
10649018018,BORCHIA ANTISTRAPPO CONICA (CROMO LUCIDO),984,21.41,8.01535E+12,6
10649018044,BORCHIA ANTISTRAPPO CONICA (NERO OPACO),984,21.41,8.01535E+12,6
10649018064,BORCHIA ANTISTRAPPO CONICA (BRONZO),984,21.41,8.01535E+12,6
106490180B1,BORCHIA ANTISTRAPPO CONICA (CROM SATIN),984,21.41,8.01535E+12,6
106490250,BORCHIA ANTISTRAPPO CONICA (OTTONE LUCIDO),984,21.41,8.01535E+12,6
10649025018,BORCHIA ANTISTRAPPO CONICA (CROMO LUCIDO),984,21.41,8.01535E+12,6
10649025044,BORCHIA ANTISTRAPPO CONICA (NERO OPACO),984,21.41,8.01535E+12,6
10649025064,BORCHIA ANTISTRAPPO CONICA (BRONZO),984,21.41,8.01535E+12,6
106490250B1,BORCHIA ANTISTRAPPO CONICA (CROM SATIN),984,21.41,8.01535E+12,6
106490500,BORCHIA ANTISTRAPPO CON VASCHETTA MM13,984,25.14,8.01535E+12,6
10649050018,BORCHIA ANTISTRAPPO CON VASCHETTA MM13,984,25.14,8.01535E+12,6
106490500B1,BORCHIA ANTISTRAPPO CON VASCHETTA MM13,984,25.14,8.01535E+12,6
106490510,BORCHIA ANTISTRAPPO CON VASCHETTA MM18,984,25.14,8.01535E+12,6
10649051018,BORCHIA ANTISTRAPPO CON VASCHETTA MM18,984,25.14,8.01535E+12,6
106490510B1,BORCHIA ANTISTRAPPO CON VASCHETTA MM18,984,25.14,8.01535E+12,6
106490520,BORCHIA ANTISTRAPPO CON VASCHETTA MM22,984,25.14,8.01535E+12,6
10649052018,BORCHIA ANTISTRAPPO CON VASCHETTA MM22,984,25.14,8.01535E+12,6
106490520B1,BORCHIA ANTISTRAPPO CON VASCHETTA MM22,984,25.14,8.01535E+12,6
106490530,BORCHIA ANTISTRAPPO CON VASCHETTA MM25,984,25.14,8.01535E+12,6
10649053018,BORCHIA ANTISTRAPPO CON VASCHETTA MM25,984,25.14,8.01535E+12,6
106490530B1,BORCHIA ANTISTRAPPO CON VASCHETTA MM25,984,25.14,8.01535E+12,6
106498180,BORCHIA ANTISTRAPPO CONICA M8 (OTTONE LUCIDO),984,23.06,8.01535E+12,6
10649818064,BORCHIA ANTISTRAPPO CONICA M8 (BRONZO),984,23.06,8.01535E+12,6
106498180B1,BORCHIA ANTISTRAPPO CONICA M8 (CROM SATIN),984,23.06,8.01535E+12,6
106498250,BORCHIA ANTISTRAPPO CONICA M8 (OTTONE LUCIDO),984,23.06,8.01535E+12,6
10649825064,BORCHIA ANTISTRAPPO CONICA M8 (BRONZO),984,23.06,8.01535E+12,6
106498250B1,BORCHIA ANTISTRAPPO CONICA M8 (CROM SATIN),984,23.06,8.01535E+12,6
106510000,COPPIA CONTATTI,983,17.69,8.01535E+12,6
106510100,COPPIA CONTATTI,984,16.36,8.01535E+12,6
106510500,EADL GRUPPO CONTATTI STATO PORTA,979,45.82,8.01535E+12,1
106510600,COPPIA CONTATTI ELETTRICI CON MAGNETE,979,28.77,8.01535E+12,1
106511000,COPPIA CONTATTI,981,18.01,8.01535E+12,6
106515000,PASSACAVO X SERR.ELETTR.,984,43.49,8.01535E+12,6
106515100,PASSACAVO X SERR.ELETTR.,984,37.45,8.01535E+12,6
106515110,PASSACAVO X SERR.ELETTR.,984,33.01,8.01535E+12,
106515130,PASSACAVO X SERR.ELETTR.DOPPIA BORCH ANTA,984,43.49,8.01535E+12,6
106515150,PASSACAVO X SERR.ELETTR.,984,66.58,8.01535E+12,6
106515200,PASSACAVO X FERM 300MM,984,31.13,8.01535E+12,10
106515210,PASSACAVO X FERM 600MM,984,47.08,8.01535E+12,10
106520001,COFANETTO CHIAVI X SERRAT. RICIFRABILE,984,97.36,8.01535E+12,1
106520011,COFANETTO CHIAVI X SERAT. RICIFRABILE,984,119.81,8.01535E+12,1
106520101,COFANETTO CHIAVI X SERR. RICIFRABILE,984,97.36,8.01535E+12,1
106520111,COFANETTO CHIAVI X SERRAT. RICIFRABILE,984,119.81,8.01535E+12,1
106520501,COFANETTO CHIAVI X SERRAT. RICIFRABILE NUOVA VERSI,984,97.36,8.01535E+12,1
106520511,COFANETTO CHIAVI X SERAT. RICIFRABILE  NUOVO,984,119.81,8.01535E+12,1
10652051100GL,"NUOVO COF.CHIAVI X SERAT. RICIFRABILE ""MASTER""",984,116.83,8.01535E+12,1
10652051100HF,CH.DOPPIA MAPPA CAMBIOFAC.ALIAS A2P 1 STAR C. 5CH.,984,160.22,8.01535E+12,1
10652051100HG,CH.DOPPIA MAPPA CAMBIOFAC.ALIAS A2P 2 STAR C. 5CH.,984,160.22,8.01535E+12,1
106520551,COFANETTO CHIAVI X SERRAT. RICIF. CHI/PIEGHEVOLE,984,157.63,8.01535E+12,1
106520601,COFANETTO CHIAVI X SERR. RICIFRABILE  NUOVO,984,97.36,8.01535E+12,1
10652060100GL,NUOVO COF.CHIAVI X SERAT. RICIFRABILE SACC.,984,94.39,8.01535E+12,1
10652060100HF,CH.DOPPIA MAPPA CAMBIOFAC.ALIAS A2P 1 STAR L. 3CH.,984,134.05,8.01535E+12,1
10652060100HG,CH.DOPPIA MAPPA CAMBIOFAC.ALIAS A2P 2 STAR L. 3CH.,984,138.83,8.01535E+12,1
106520611,COFANETTO CHIAVI X SERRAT. RICIFRABILE NUOVO,984,119.81,8.01535E+12,1
10652061100GL,"NUOVO COF.X RICIFR. ""MASTER""",984,116.83,8.01535E+12,1
10652061100HG,CH.DOPPIA MAPPA CAMBIOFAC.ALIAS A2P 2 STAR L. 5CH.,984,163.71,8.01535E+12,1
106520651,COFANETTO CHIAVI X SERR. RICIFRABILE  NUOVO,984,162.09,8.01535E+12,1
1065206510000C5,COFANETTO CHIAVI X SERR. RICIFRABILE  NUOVO (5 CH),984,234.91,8.01535E+12,1
106521501,KIT CHIAVE CANT. CON CIFRATURA KA ITALIA NUOVO,984,15.11,8.01535E+12,1
10652150100CA,KIT CHIAVE CANT. CON CIFRATURA X BLINFORT NUOVO,984,15.11,0,
10652150100CE,KIT CHIAVE CANT. CON CIFRATURA X VIGHI NUOVO KIT,984,15.11,8.01535E+12,1
10652150100GL,KIT CHIAVE CANT. CON CIFRATURA X MASRER NUOVO KIT,984,15.11,8.01535E+12,1
10652150100PG,KIT CHIAVE CANT. CON CIFRATURA KA PER DITTA ALIAS,984,15.11,8.01535E+12,1
106521C21,KIT CHIAVE CANT. CON CIFRATURA KA (C323),984,75.47,8.01535E+12,1
106522000,ATTREZZO DI CAMBIO PER NEW CAMBIO FACLE,984,2.76,8.01535E+12,10
106525000,KIT TRANSPONDER  X SERAT. ELETTRONICA,979,532.65,8.01535E+12,
1065250000000C5,KIT TRANSPONDER  X SERAT. ELETTRONICA,979,612.59,8.01535E+12,
1065250001800C5,KIT TRANSPONDER  X SERAT. ELETTRONICA,979,610.61,8.01535E+12,
106525000B1,KIT TRANSPONDER  X SERAT. ELETTRONICA,979,539.57,8.01535E+12,
1065250101800C5,KIT TRANSPONDER  X SERAT. ELETTRONICA,979,615.65,8.01535E+12,
10652501046,KIT TRANSPONDER  X SERAT. ELETTRONICA,979,535.73,8.01535E+12,
106525010B1,KIT TRANSPONDER  X SERAT. ELETTRONICA,979,542.5,8.01535E+12,
106525010B1PG,KIT TRANSPONDER  X SERAT. ELETTRONICA,979,542.5,8.01535E+12,
106525020,KIT TRANSPONDER  X SERAT. ELETTRONICA,979,538.74,8.01535E+12,
106525500,EADL PULSANTE GRIGIO+BORCHIA ORO LUCIDO,979,85.51,8.01535E+12,1
10652550044,EADL PULSANTE GRIGIO+BORCHIA NERO LUCIDO,979,85.51,8.01535E+12,1
10652550044PG,EADL PULSANTE NERO SENZA BORCHIA(ALIAS) 10PZ,979,499.26,8.01535E+12,1
106525500B1,EADL PULSANTE GRIGIO+BORCHIA CROMO SATIN,979,85.51,8.01535E+12,1
106525510L6,EADL PULSANTE GRIGIO+BORCHIA SLIM NERO GRAFITE,979,83.82,8.01535E+12,1
106525510L7,EADL PULSANTE GRIGIO+BORCHIA SLIM TORTORA,979,83.82,8.01535E+12,1
106525510L8,EADL PULSANTE GRIGIO+BORCHIA SLIM ALLUMINIO,979,83.82,8.01535E+12,1
106525510L9,EADL PULSANTE GRIGIO+BORCHIA SLIM BIANCO PERLA,979,83.82,8.01535E+12,1
106525520L6,EADL PULSANTE NERO+BORCHIA SLIM NERO GRAFITE,979,83.82,8.01535E+12,1
106525700,EADL TASTIERA GRIGIA+BORCHIA ORO LUCIDO,979,186.23,8.01535E+12,1
10652570044,EADL TASTIERA GRIGIA+BORCHIA NERO LUCIDO,979,186.23,8.01535E+12,1
10652570044PG,EADL TASTIERA NERA SENZA BORCHIA(ALIAS) 10PZ,979,1285.52,8.01535E+12,1
106525700B1,EADL TASTIERA GRIGIA+BORCHIA CROMO SATIN,979,186.23,8.01535E+12,1
106525710L6,EADL TASTIERA GRIGIA+BORCHIA SLIM NERO GRAFITE,979,182.61,8.01535E+12,1
106525710L7,EADL TASTIERA GRIGIA+BORCHIA SLIM TORTORA,979,182.61,8.01535E+12,1
106525710L8,EADL TASTIERA GRIGIA+BORCHIA SLIM ALLUMINIO,979,182.61,8.01535E+12,1
106525710L9,EADL TASTIERA GRIGIA+BORCHIA SLIM BIANCO PERLA,979,182.61,8.01535E+12,1
106525720L6,EADL TASTIERA NERA+BORCHIA SLIM NERO GRAFITE,979,182.61,8.01535E+12,1
106525730L6,EADL TASTIERA GRIGIA RFID+BORCHIA SLIM NERO GRAF,979,553.81,8.01535E+12,1
106525730L7,EADL TASTIERA GRIGIA RFID+BORCHIA SLIM TORTORA,979,553.81,8.01535E+12,1
106525730L8,EADL TASTIERA GRIGIA RFID+BORCHIA SLIM ALLUMINIO,979,553.81,8.01535E+12,1
106525730L9,EADL TASTIERA GRIGIA RFID+BORCHIA SLIM BIANCO PERL,979,553.81,8.01535E+12,1
106525740L6,EADL TASTIERA NERA RFID+BORCHIA SLIM NERO GRAFITE,979,553.81,8.01535E+12,1
106525750L6,EADL LETTORE RFID GRIGIO+BORCHIA SLIM NERO GRAF,979,486.48,8.01535E+12,1
106525750L7,EADL LETTORE RFID GRIGIO+BORCHIA SLIM TORTORA,979,486.48,8.01535E+12,1
106525750L8,EADL LETTORE RFID GRIGIO+BORCHIA SLIM ALLUMINIO,979,486.48,8.01535E+12,1
106525750L9,EADL LETTORE RFID GRIGIO+BORCHIA SLIM BIANCO PERL,979,486.48,8.01535E+12,1
106525760L6,EADL LETTORE RFID NERO+BORCHIA SLIM NERO GRAFITE,979,486.48,8.01535E+12,1
106525770,TASTIERA FERM NERO CROMATO LUCIDO,079A,316.94,8.01535E+12,1
106525770B1,TASTIERA FERM CROMATO NICHELATO SATINATO,079A,316.94,8.01535E+12,1
106525800A3,CASE+COVER PER NUKI KEYPAD - GRIGIO,910,91.01,8.01535E+12,1
106525800A5,CASE+COVER PER NUKI KEYPAD - NERO OPACO,910,91.01,8.01535E+12,1
106525900A3,CASE COVER PER NUKI KEYPAD 2.0 GRIGIO,910,210,8.01535E+12,1
106525900A5,CASE COVER PER NUKI KEYPAD 2.0 NERO OPACO,910,210,8.01535E+12,1
106526000,CHIAVE ELETTRONICA (TRANSPONDER),979,39.97,8.01535E+12,1
106526110,EADL KIT 5 TESSERE UTENTE NERE,979,67.34,8.01535E+12,1
106526210,EADL KIT 5 MINI TESSERE UTENTE NERE,979,119.77,8.01535E+12,1
106526300,EADL KIT TESSERA CHANGE + TESSERA SAFE,979,29.92,8.01535E+12,1
106526400,EADL KIT TESSERA MASTER + TESSERA RESET,979,29.92,8.01535E+12,1
106527000,MODULO INTERFACCIA BTICINO,979,738.41,8.01535E+12,
106528000,INTERFACCIA INTERNA PER BORCHIA TRANSPONDER,979,277.74,8.01535E+12,
10652800018,INTERFACCIA INTERNA PER BORCHIA TRANSPONDER,979,277.74,8.01535E+12,
10652800064,INTERFACCIA INTERNA PER BORCHIA TRANSPONDER,979,277.74,8.01535E+12,
106528000B1,INTERFACCIA INTERNA PER BORCHIA TRANSPONDER,979,277.74,8.01535E+12,
10652900000PG,TESSERA TRANSPONDER PER E-VOLUTION ALIAS,979,39.97,8.01535E+12,1
1065C4530A3,BUTTON-COVER QUADRATA GRIGIA,910,436.52,8.01535E+12,1
1065C4530A5,BUTTON-COVER QUADRATA NERO OPACO,910,436.52,8.01535E+12,1
1065C4540A3,BUTTON-COVER TONDA GRIGIA,910,436.52,8.01535E+12,1
1065C4540A5,BUTTON-COVER TONDA NERO OPACO,910,436.52,8.01535E+12,1
106601800,ESPOSITORE LUCCHETTI VUOTO 15 GANCI,990,199.72,8.01535E+12,1
106601900,ESPOSITORE LUCCHETTI VUOTO 10 GANCI,990,119.86,8.01535E+12,1
106602010,ESPOSITORE TASTIERE E PULSANTI MYEVO RFID (IT),979,447.57,8.01535E+12,1
106602020,PORT.ESPOS.MYEVO RFID(IT) CIFRAT:HPG95H00365,979,2829.13,8.01535E+12,1
106602040,ESPOSITORE DOMO CONNEXA,979,2176.13,8.01535E+12,1
106602110,ESPOSITORE TASTIERE E PULSANTI MYEVO RFID (EN),979,447.57,8.01535E+12,1
106602120,PORT.ESPOS.MYEVO RFID (EN) COD CIFRAT:HPG95H00365,979,2829.13,8.01535E+12,1
106602150,ESPOS.06601.15 VUOTO,990,698.01,8.01535E+12,1
106610500,ESPOSITORE CASSEFORTI COMPONIBILE VUOTO,763,702.95,8.01535E+12,1
106612160,ESPOS. TOUCH BAR,799,111.94,8.01535E+12,
106613000,ESPOSITORE REVOLUTION PRO,984,439.69,8.01535E+12,1
106615000,ESPOSITORE MULTITOP MAX - DEV. A GANCIO,981,53.65,8.01535E+12,
106617000,ESPOSITORE MULTITOP MATIC,981,850.96,8.01535E+12,1
106618000,VALIGIA MULTITOP MATIC,981,1418.28,8.01535E+12,1
106670000,ESPOSITORE EFAST,079A,1039.32,8.01535E+12,1
106671000,ESPOSITORE ALPHA TOTEM,898,1009.05,8.01535E+12,1
106672000,ESPOSITORE ALPHA VALIGETTA,898,1009.05,8.01535E+12,1
106673000,ESPOSITORE ALPHA TOTEM - EXPORT ENG,898,1009.05,8.01535E+12,1
106674000,ESPOSITORE ALPHA VALIGETTA - EXPORT ENG,898,1009.05,8.01535E+12,1
106740000,"BATTERIA DA12V E 3,2AH PER PBE",984,49.89,8.01535E+12,1
106A95050,MICROSWITCH,898,30.53,8.01535E+12,1
106A95060,MICROSWITCH,898,30.53,8.01535E+12,1
106A96450,BARRA DIAMANTATA TOUCH 1300 MM R,887,55.62,8.01535E+12,1
106A9645043,BARRA DIAMANTATA TOUCH 1300 MM V,887,55.62,8.01535E+12,1
106A9645044,BARRA DIAMANTATA TOUCH 1300 MM N,887,55.62,8.01535E+12,1
106A9645097,BARRA DIAMANTATA TOUCH 1300 MM G,887,55.62,8.01535E+12,1
106A96450C2,BARRA DIAMANTATA TOUCH 1300 MM ANODINOX,887,206,8.01535E+12,1
106A96450P1,BARRA DIAMANTATA TOUCH 1300 MM SS,887,55.62,8.01535E+12,1
106A96450S1,BARRA DIAMANTATA TOUCH 1300 MM AS,887,121.9,8.01535E+12,1
106A98120,CARTER INCONTRO N,897,19.57,8.01535E+12,1
106A9812045,CARTER INCONTRO B,897,19.57,8.01535E+12,1
106A9812097,CARTER INCONTRO G,897,19.57,8.01535E+12,1
106A98120C2,CARTER INCONTRO PVD,897,26.42,8.01535E+12,1
106A98120P1,CARTER INCONTRO SS,897,19.57,8.01535E+12,1
106A98120S1,CARTER INCONTRO AS,897,23,8.01535E+12,1
106A98900,ADATTATORE PER SOLO CILINDRO ALPHA,898,10.3,8.01535E+12,1
106A98910,ADATTATORE PER RETROFIT COMANDI FAST,898,12.36,8.01535E+12,1
106A98920,KIT DIME PLASTICA,080K,61.8,8.01535E+12,1
106A98930,KIT RETROFIT ALPHA FAST,080K,15.45,8.01535E+12,1
107007130,BARRA ORIZZONTALE CM.90,787,16.04,8.01535E+12,1
10700713043,BARRA ORIZZONTALE CM.90,787,27.02,8.01535E+12,1
10700713044,BARRA ORIZZONTALE CM.90 FIN.44,787,26.65,8.01535E+12,1
10700713097,BARRA ORIZZONTALE CM.90,787,26.65,8.01535E+12,1
107007140,BARRA ORIZZONTALE CM. 120,787,18.89,8.01535E+12,1
10700714000ED,BARRA ORIZZONTALE CM. 120 NOVOFERM GER,787,12.24,8.01535E+12,1
10700714044,BARRA ORIZZONTALE X 59300,787,29.42,8.01535E+12,1
10700714097,BARRA ORIZZONTALE X 59300,787,29.42,8.01535E+12,1
107007140B9,BARRA ORIZZONTALE,787,29.42,8.01535E+12,1
107007150,BARRA ORIZZONTALE CM.150,787,28.85,8.01535E+12,1
10700715043,BARRA ORIZZONTALE CM.150 FIN.43,787,39.47,8.01535E+12,1
10700715044,BARRA ORIZZONTALE CM.150 FIN.44,787,39.47,8.01535E+12,1
10700715045,BARRA ORIZZONTALE CM.150 FIN.45,787,39.47,8.01535E+12,1
10700715097,BARRA ORIZZONTALE CM.150 FIN.97,787,39.47,8.01535E+12,1
107007150B9,BARRA ORIZZONTALE,787,39.41,8.01535E+12,1
107007240,BARRA ORIZZONTALE CM. 120 FAST LIGHT,078F,13,8.01535E+12,1
107007600,BARRA ACCIAIO X 59350,786,53.85,8.01535E+12,1
107007610,BARRA ACCIAIO X 59350,786,85.64,8.01535E+12,1
10700761000ED,BARRA ACCIAIO NOVOFERM GER,786,64.98,8.01535E+12,1
107007620,BARRA OVALE ACCIAIO INOX,786,129.73,8.01535E+12,1
107009000,BOBINA 12V X 12010/12011,983,31.19,8.01535E+12,6
107012000,COPPIA BOBINE,983,34.06,8.01535E+12,6
107013000,BOBINA 12V.SERIE 14010,981,33.36,8.01535E+12,6
107017101,BOCCHETTA X ELETTROSERR.,983,22.44,8.01535E+12,6
107017102,BOCCHETTA X ELETTROSERR.,983,22.44,8.01535E+12,6
107018001,BOCCHETTA X ELETTROSERR.,982,23.22,8.01535E+12,6
107018001N7,BOCCHETTA X ELETTROSERR.,982,23.22,8.01535E+12,6
107018002,BOCCHETTA X ELETTROSERR.,982,23.22,8.01535E+12,6
107018002N7,BOCCHETTA X ELETTROSERR.,982,23.22,8.01535E+12,1
107018003,BOCCHETTA X ELETTROSERR.,982,23.22,8.01535E+12,6
107018004,BOCCHETTA X ELETTROSERR.,982,23.22,8.01535E+12,6
107018103,BOCCHETTA X ELETTROSER.,982,33.88,8.01535E+12,1
107018104,BOCCHETTA X ELETTROSER.,982,33.88,8.01535E+12,1
107019101,BOCCHETTA X ELETTROSERR.,983,24.24,8.01535E+12,6
107019102,BOCCHETTA X ELETTROSERR.,983,24.24,8.01535E+12,6
107020001,BOCCHETTA SERIE 11761/11771,982,26.77,8.01535E+12,6
107020002,BOCCHETTA SERIE 11761/11771,982,26.77,8.01535E+12,6
107021000,BOCCHETTA X ELETTIKA FERRO,982,22.79,8.01535E+12,6
107021010,SPESSORI X BOCCHETTA FE ELETTRIKA,982,1.58,8.01535E+12,6
107021050,PIASTRA+SOTTOBOCCHETTA A SALDARE,982,16.98,8.01535E+12,6
107021100,BOCCHETTA X ELETTRIKA LEGNO,983,22.66,8.01535E+12,6
107021110,SPESSORI X BOCCHETTA LE ELETTRIKA,983,1.58,8.01535E+12,12
107022000,BOOSTER PER ELETTRIKA,982,73.72,8.01535E+12,1
107022100,BOOSTER PLUS + BOBINA CON MICRO X ELETTRIKA,982,198.12,8.01535E+12,1
107022200,TEMPORIZZATORE PER NUOVA ELETTROMANIGLIA,798,115.14,8.01535E+12,1
107023000,MICROINTERRUTTORE PER ELETTRIKA,982,35.37,8.01535E+12,1
107024001,BOCCHETTA IN ACCIAIO,983,9.42,8.01535E+12,6
107024002,BOCCHETTA IN ACCIAIO,983,9.42,8.01535E+12,6
107025000,BOBINA 12 V.PER ELETTRIKA,982,33.09,8.01535E+12,6
107025100,BOBINA+MICRO BITICINO/CISA X ELETTRIKA,982,37.37,8.01535E+12,1
10702510000AH,BOBINA+MICRO  BITICINO X ELETTRIKA,982,37.37,8.01535E+12,1
107027000,CONTROPIASTRA ACC.NIC.,981,3.93,8.01535E+12,25
107028000,CONTROPIASTRA ACC.NIC.,981,3.93,8.01535E+12,25
107028100,CONTROPIASTRA IN OTTONE,982,4.27,8.01535E+12,25
107030400,CAVO ALIMENTAZIONE MOTORE CISA PER MATIC,981,36.87,8.01535E+12,12
107030410,CAVO PROGRAMMAZIONE MOTORE CISA PER MATIC,981,127.67,8.01535E+12,1
107030420,CAVO ALIMENTAZIONE MOTORE CISA PER MATIC 10M,981,110.83,8.01535E+12,1
107030510,BORCHIA INTERNA  E-VOLUTION,979,268.78,8.01535E+12,1
107030600,SCHEDA BATTERIA PER E-VOLUTION,979,202.51,8.01535E+12,1
107030700,EADL CAVO ALIMENTAZIONE,979,32.04,8.01535E+12,1
107030720,EADL CAVO PER APERTURA DA REMOTO,979,32.04,8.01535E+12,1
107030800,EADL PORTA BATTERIE 12 TIPO AA + CAVO,979,85.51,8.01535E+12,1
107030810,EADL PORTA BATTERIE 12 TIPO C + CAVO,979,85.51,8.01535E+12,1
107032000,CONTROPIASTRA OTTONE,983,3.44,8.01535E+12,25
107047000,BOBINA 12V.PER 14020/14021,981,33.36,8.01535E+12,6
107054000,BOCCHETTA NORMALE,983,22.37,8.01535E+12,2
107055000,BOCCHETTA ALTA D.M.A.,983,22.37,8.01535E+12,2
107056000,PROTEZIONE CILINDRO,982,9.46,8.01535E+12,10
107060010,TRASFORMATORE 110V/220V. PER PBE,984,102.45,8.01535E+12,1
107060030,EADL ALIMENTATORE PER SERRATURA ELETTRONICA,979,186.23,8.01535E+12,1
107060050,"ALIMENTATORE CON BATTERIA TAMPONE (EADL,EFAST)",979,274.87,8.01535E+12,1
107060100,ALIMENTATORE EFAST E POLARIS,079A,114.1,8.01535E+12,1
107061000,TETTUCCIO+SOTTOBOCCHETTA,982,16.98,8.01535E+12,12
107061100,TETTUCCIO+SOTTOBOCCHETTA,982,21.41,8.01535E+12,12
107063200,COPPIA SCROCCHI LATERALI,797,99.68,8.01535E+12,1
10706320045,COPPIA SCROCCHI LATERALI,797,114.17,8.01535E+12,1
10706320097,COPPIA SCROCCHI LATERALI,797,114.19,8.01535E+12,1
107063210,COPPIA SCROCCHI LATERALI INOX,797,300.09,8.01535E+12,1
107063261,SCROCCO LATERALE SERIE FAST,079A,55.48,8.01535E+12,1
10706326197,SCROCCO LATERALE SERIE FAST,079A,55.48,8.01535E+12,1
107063261C2,SCROCCO LATERALE SERIE FAST,079A,149.53,8.01535E+12,1
107063262,SCROCCO LATERALE SERIE FAST,079A,55.48,8.01535E+12,
107063300,COPPIA SCROC.ALTO/BASSO,797,99.68,8.01535E+12,1
1070633000000FR,COPPIA SCROC.ALTO/BASSO,797,146.01,8.01535E+12,1
10706330097,COPPIA SCROCCHI ALTO-BASSO,797,114.11,8.01535E+12,1
107063310,COPPIA SCROC.ALTO/BASSO INOX,797,300.09,8.01535E+12,1
107063352,COPPIA SCROCCHI ALTO/ BASSO-LATER.,797,99.68,8.01535E+12,1
107063361,COPPIA SCROCCHI ALTO/ BASSO-LATER. INOX,797,300.09,8.01535E+12,1
107063362,COPPIA SCROCCHI ALTO/ BASSO-LATER. INOX,797,300.09,8.01535E+12,1
107063400,COPPIA CATENACCI ALTO BASSO,797,121.24,8.01535E+12,1
10706340097,COPPIA CATENACCI ALTO BASSO,797,135.75,8.01535E+12,1
107063410,COPPIA CATENACCI ALTO/BASSO INOX,797,321.7,8.01535E+12,1
107063510,COPPIA SCROCCHI LATERALI FAST,079A,130.93,8.01535E+12,1
10706351097,COPPIA SCROCCHI LATERALI FAST,079A,130.93,8.01535E+12,1
107063510C2,COPPIA SCROCCHI LATERALI FAST,079A,393.85,8.01535E+12,1
10706353045,COPPIA SCROCCHI LATERALI FAST ASTE FILETTATE,079A,144.57,8.01535E+12,1
107063600,COPPIA SCROC.ALTO/BASSO,798,110.65,8.01535E+12,1
107063600C200FR,COPPIA SCROC.ALTO/BASSO PER TOUCH BAR,798,381.41,8.01535E+12,
107063610,COPPIA SCROC.ALTO/BASSO FAST,079A,130.93,8.01535E+12,1
1070636100000FR,COPPIA SCROC.ALTO/BASSO FAST TF,079A,168.65,8.01535E+12,1
10706361041,COPPIA SCROC.ALTO/BASSO FAST,079A,140.33,8.01535E+12,
1070636109700FR,COPPIA SCROC.ALTO/BASSO FAST TF,079A,168.65,8.01535E+12,1
10706361097SCFR,COPPIA SCROC.ALTO/BASSO FAST ECO000050,079A,168.65,8.01535E+12,1
10706361097UA,COPPIA SCROC.ALTO/BASSO FAST METRO TORINO,079A,134.23,8.01535E+12,1
107063610C2,COPPIA SCROC.ALTO/BASSO FAST,079A,393.85,8.01535E+12,1
107063620,COPPIA SCROC.ALTO/BASSO FAST LIGHT,079F,101.42,8.01535E+12,1
10706362097,COPPIA SCROC.ALTO/BASSO FAST LIGHT,079F,101.42,8.01535E+12,1
107063630,COPPIA SCROC.ALTO/BASSO ASTE FILETTATE FAST,079A,130.93,8.01535E+12,1
107063630B9,COPPIA SCROC.ALTO/BASSO ASTE FILETTATE FAST,079A,130.93,8.01535E+12,1
107063661,COPPIA SCROCCHI ALTO/ BASSO-LATER.FAST,079A,130.93,8.01535E+12,1
10706366145,COPPIA SCROCCHI ALTO/ BASSO-LATER.FAST,079A,144.59,8.01535E+12,1
10706366245,COPPIA SCROCCHI ALTO/ BASSO-LATER.FAST,079A,144.59,8.01535E+12,1
10706366297,COPPIA SCROCCHI ALTO/ BASSO-LATER.FAST,079A,130.93,8.01535E+12,1
107063662C2,COPPIA SCROCCHI ALTO/ BASSO-LATER.FAST,079A,393.85,8.01535E+12,1
10706371097,COPPIA CATENACCI ALTO/BASSO FAST,079A,151.18,8.01535E+12,1
107063710B9,COPPIA CATENACCI ALTO/BASSO FAST,079A,151.18,8.01535E+12,
107063710C2,COPPIA CATENACCI ALTO/BASSO FAST,079A,414.08,8.01535E+12,1
107064510,KIT DI PROLUNGAMENTO ASTA FAST,079A,39.1,8.01535E+12,1
10706451041,KIT DI PROLUNGAMENTO ASTA FAST,079A,41.22,8.01535E+12,
10706451045,KIT DI PROLUNGAMENTO ASTA FAST,079A,42.46,8.01535E+12,1
107064510B9,KIT DI PROLUNGAMENTO ASTA FAST,079A,37.97,8.01535E+12,1
107064510C2,KIT DI PROLUNGAMENTO ASTA FAST,079A,90.86,8.01535E+12,1
107064600,KIT DI PROLUNGAMENTO ASTA,797,40.44,8.01535E+12,1
10706460045,KIT DI PROLUNGAMENTO ASTA,797,45.5,8.01535E+12,1
10706460097,KIT DI PROLUNGAMENTO ASTA,797,45.24,8.01535E+12,1
107064610,KIT DI PROLUNGAMENTO ASTA INOX,797,96.81,8.01535E+12,1
107064710,KIT DI PROLUNGAMENTO ASTA FAST PER CATENACCI,079A,39.1,8.01535E+12,1
10706471097,KIT DI PROLUNGAMENTO ASTA FAST PER CATENACCI,079A,37.97,8.01535E+12,1
107064710B9,KIT DI PROLUNGAMENTO ASTA FAST PER CATENACCI,079A,37.97,8.01535E+12,1
107064710C2,KIT DI PROLUNGAMENTO ASTA FAST,079A,90.86,8.01535E+12,1
107065520,DISPOSITIVO PER FERMA GIORNO PRESTIGE,797,18.01,8.01535E+12,1
107070120,COPPIA PLACCHE,986,16.66,8.01535E+12,
107070220,COPPIA PLACCHE,7201,16.25,8.01535E+12,6
107070240,COPPIA PLACCHE/MAN.E POM.,7201,27.83,8.01535E+12,6
107070250,COPPIA PLACCHE/2 MANIGLIE,7201,24.52,8.01535E+12,6
107070260,COPPIA PLACCHE 2 MANIGLIE,7201,24.52,8.01535E+12,6
107070500,COPPIA: MANIGLIA + POMOLO  (UNI EN 179),984,65.01,8.01535E+12,1
107070500B1,COPPIA: MANIGLIA + POMOLO (UNI EN 179,984,70.13,8.01535E+12,1
107070560B1,POMOLO FISSO EST.X 43725 (EN1125),986,74.54,8.01535E+12,1
107070600,COPPIA MANIGLIE  (UNI EN 179),984,55.72,8.01535E+12,1
107070600B1,COPPIA MANIGLIE  (UNI EN 179),984,59.81,8.01535E+12,1
107070660B1,1/2 MANIGLIA EST.X 43725 (EN179/1125),986,70.66,8.01535E+12,1
107070700,COPPIA MANIGLIE PORTA RTD,7200,18.18,8.01535E+12,1
107070710,COPPIA MANIGLIE PORTA A ELLE,7200,18.18,8.01535E+12,1
107070720,COPPIA MANIGLIE PORTA CURVE,7200,18.18,8.01535E+12,1
107070730,COPPIA MANIGLIE PORTA STONDATA,7200,18.18,8.01535E+12,1
107070800,COPPIA MANIGLIE PORTA RTD ROS OVALE E BOCCHETTA,7200,33.43,8.01535E+12,1
107070810,COPPIA MANIGLIE PORTA STONDATA ROS OVALE E BORCHIE,7200,33.43,8.01535E+12,1
107070820,COPPIA MANIGLIE PORTA A ELLE ROS OVALE E BOCCHETTE,7200,33.43,8.01535E+12,1
107071100,ADATT.CHIAVE PATENT,986,3.05,8.01535E+12,6
107072110,BOCCHETTA,796,5.14,8.01535E+12,1
10707211097,BOCCHETTA LATERALE/SUPERIORE,796,7.74,8.01535E+12,1
107072140,BOCCHETTA,796,6.67,8.01535E+12,1
107072200,BOCCHETTA X TOUCH BAR,798,8.06,8.01535E+12,1
10707220097,BOCCHETTA X TOUCH BAR,798,10.42,8.01535E+12,1
107072210,BOCCHETTA ANGOLARE PER TOUCH BAR,798,8.06,8.01535E+12,1
10707221097,BOCCHETTA ANGOLARE PER TOUCH BAR,798,10.67,8.01535E+12,1
107072250,BOCCHETTA X TOUCH BAR,798,8.06,8.01535E+12,1
107072260,BOCCHETTA ANGOLARE PER TOUCH BAR,798,8.06,8.01535E+12,1
107072270,BOCCHETTA A PAVIMENTO PER 07063.60.0,798,8.06,8.01535E+12,1
10707227045,BOCCHETTA A PAVIMENTO PER 07063.60.0,798,10.67,8.01535E+12,1
10707227097,BOCCHETTA A PAVIMENTO PER 07063.60.0,798,10.67,8.01535E+12,1
107072280,BOCCHETTA PAVIMENTO PER MANIGL. ANTIPANICO,796,8.76,8.01535E+12,1
10707228097,BOCCHETTA PAVIMENTO PER MANIGL. ANTIPANICO,796,8.76,8.01535E+12,1
107072300,BOCCHETTA X 59300,796,12.9,8.01535E+12,1
107072310,BOCCHETTA REGOLABILE,798,29.79,8.01535E+12,1
10707231045,BOCCHETTA REGOLABILE,798,32.43,8.01535E+12,1
10707231097,BOCCHETTA REGOLABILE,798,29.79,8.01535E+12,1
107072320,BOCCHETTA PER PORTONI INDUSTRIALI,798,28.99,8.01535E+12,1
10707232097,BOCCHETTA PER PORTONI INDUSTRIALI,798,28.99,8.01535E+12,1
107072330,BOCCHETTA REGOLABILE PER PVC,798,12.97,8.01535E+12,1
10707233045,BOCCHETTA REGOLABILE PER PVC,798,15.68,8.01535E+12,1
10707233097,BOCCHETTA REGOLABILE PER PVC,798,15.68,8.01535E+12,1
107072340,BOCCHETTA PVC,798,11.58,8.01535E+12,1
10707234045,BOCCHETTA PVC,798,14.2,8.01535E+12,1
10707234097,BOCCHETTA PVC,798,14.2,8.01535E+12,1
107072700,BOCCHETTA X MANIGL. ANTIPAN. (INOX),798,27.1,8.01535E+12,1
107072710,BOCCHETTA ANGOLARE PER MANIGL.ANTIP. (INOX),798,27.1,8.01535E+12,1
107072750,BOCCHETTA X MANIGL. ANTIP. (INOX),798,27.1,8.01535E+12,1
107072770,BOCCHETTA A PAVIMENTO PER MANIGL. ANTIP. (INOX),798,27.1,8.01535E+12,1
107072780,BOCCHETTA PAVIMENTO PER MANIGL. ANTIPANICO (INOX),796,30.5,8.01535E+12,1
107073200,CONTROPIASTRA PER SERRATURE TAGLIAFUOCO  235X32,986,6.18,8.01535E+12,20
107073210,CONTROPIASTRA PER SERRATURE TAGLIAFUOCO 235X24,986,6.18,8.01535E+12,20
107074700,MANIGLIA CON ABILITAZIONE A COMANDO ELETTRICO I72,999,523.18,8.01535E+12,1
10707470097,MANIGLIA CON ABILITAZIONE A COMANDO ELETRICO I72,999,531.11,8.01535E+12,1
107074710,MANIGLIA CON ABILITAZIONE A COMANDO ELETRICO I92,999,523.18,8.01535E+12,1
10707471097,MANIGLIA CON ABILITAZIONE A COMANDO ELETRICO I92,999,531.11,8.01535E+12,1
107074800,COMANDO ELETTRICO PER MANIGLIONI APPLICARE,999,538.56,8.01535E+12,1
10707480097,COMANDO ELETTRICO PER MANIGLIONI APPLICARE,999,546.72,8.01535E+12,1
107076160,PLACCA ESTERNA,796,35.28,8.01535E+12,6
107076210,PLACCA ESTERNA CIECA,7201,15.67,8.01535E+12,6
107076230,PLACCA ESTERNA,7201,28.56,8.01535E+12,6
107076240,PLACCA ESTERNA,7201,28.56,8.01535E+12,6
107076250,PLACCA ESTERNA,7201,33.99,8.01535E+12,6
107076260,PLACCA ESTERNA,7201,33.94,8.01535E+12,6
10707660097,PLACCA ESTERNA FIN.97,798,15.98,8.01535E+12,
107076650,PLACCA INTERNA PER PRESTIGE INFILARE (I 72),798,13.33,8.01535E+12,1
107076660,PLACCA INTERNA PER PRESTIGE INFILARE (I 92),798,13.33,8.01535E+12,1
107076700C2,PLACCA INTERNA COPRICILINDRO FAST PUSH PER ADL,079A,33.72,8.01535E+12,6
107076710,PLACCA INTERNA COPRICILINDRO FAST PUSH PER ALU,079A,11.03,8.01535E+12,6
10707671045,PLACCA INTERNA COPRICILINDRO FAST PUSH PER ALU,079A,13,8.01535E+12,6
10707671097,PLACCA INTERNA COPRICILINDRO FAST PUSH PER ALU,079A,10.73,8.01535E+12,6
107076710C2,PLACCA INTERNA COPRICILINDRO FAST PUSH PER ALU,079A,33.71,8.01535E+12,6
107077140,PIASTRA ESTERNA CIECA PER PRESTIGE,797,38.07,8.01535E+12,1
10707714097,PIASTRA ESTERNA CIECA PER PRESTIGE,797,45.51,8.01535E+12,1
107077140C2,PIASTRA ESTERNA CIECA PER PRESTIGE,797,102.16,8.01535E+12,1
107077150,PIASTRA ESTERNA PER PRESTIGE,797,38.07,8.01535E+12,1
107077150C2,PIASTRA ESTERNA PER PRESTICE,797,102.16,8.01535E+12,1
107078350,COMANDO EST. POMOLO FISSO INT 43,788,47.97,8.01535E+12,1
10707835045,COMANDO EST. POMOLO FISSO INT 43,788,54.36,8.01535E+12,1
10707835097,COMANDO EST. POMOLO FISSO INT 43,788,47.97,8.01535E+12,1
107078350B9,COMANDO EST. POMOLO FISSO INT 43,788,47.97,8.01535E+12,1
107078350B9UE,COMANDO EST. POMOLO FISSO INT 43 CIL CISA,788,51.97,8.01535E+12,1
107078350C2,COMANDO EST. POMOLO FISSO INT 43,788,161.17,8.01535E+12,1
107078360,COMANDO EST. MANIGLIA CON CILINDRO RIBASSATA,788,63.23,8.01535E+12,1
10707836045,COMANDO EST. MANIGLIA CON CILINDRO RIBASSATA,788,69.72,8.01535E+12,1
10707836097SH,COMANDO EST. MANIGLIA SENZA CILINDRO RIBASSATA,788,60.87,8.01535E+12,1
107078360C2,COMANDO EST. MANIGLIA CON CILINDRO RIBASSATA,788,177.2,8.01535E+12,1
107078380,COMANDO EST. MANIGLIA CON CILINDRO,788,63.23,8.01535E+12,20
10707838000SH,COMANDO EST. MANIGLIA SENZA CILINDRO,788,54.4,8.01535E+12,1
10707838045,COMANDO EST. MANIGLIA CON CILINDRO,788,69.72,8.01535E+12,1
10707838045SH,COMANDO EST. MANIGLIA SENZA CILINDRO,788,54.4,8.01535E+12,1
10707838097,COMANDO EST. MANIGLIA CON CILINDRO,788,69.72,8.01535E+12,1
10707838097SH,COMANDO EST. MANIGLIA SENZA CILINDRO,788,54.4,8.01535E+12,1
107078380B9,COMANDO EST. MANIGLIA CON CILINDRO,788,69.72,8.01535E+12,1
107078380C2,COMANDO EST. MANIGLIA CON CILINDRO,788,177.2,8.01535E+12,20
107078650,COMANDO EST. POMOLO FISSO INT 90,788,59.95,8.01535E+12,1
10707865045,COMANDO EST. POMOLO FISSO INT 90,788,66.37,8.01535E+12,1
107078650C2,COMANDO EST. POMOLO FISSO INT 90,788,182.09,8.01535E+12,1
107078680,COMANDO EST. MANIGLIA CON CILINDRO,788,86.16,8.01535E+12,12
10707868000SH,COMANDO EST. MANIGLIA S/CILINDRO,788,77.32,8.01535E+12,1
10707868045,COMANDO EST. MANIGLIA CON CILINDRO,788,92.61,8.01535E+12,1
10707868045SH,COMANDO EST. MANIGLIA S/CILINDRO,788,83.76,8.01535E+12,1
10707868097,COMANDO EST. MANIGLIA CON CILINDRO,788,92.61,8.01535E+12,1
10707868097SH,COMANDO EST. MANIGLIA S/CILINDRO,788,83.8,8.01535E+12,1
107078680B9SH,COMANDO EST. MANIGLIA S/CILINDRO,788,83.8,8.01535E+12,1
107078680C2,COMANDO EST. MANIGLIA CON CILINDRO,788,208.35,8.01535E+12,12
107078690,COMANDO EST. POMOLO CON CHIAVE,788,59.29,8.01535E+12,1
10707869000SH,COMANDO EST. POMOLO   S/CILINDRO,788,50.44,8.01535E+12,1
10707869045,COMANDO EST. POMOLO CON CHIAVE,788,65.74,8.01535E+12,1
10707869097,COMANDO EST. POMOLO CON CHIAVE,788,65.74,8.01535E+12,1
10707869097SH,COMANDO EST. POMOLO   S/CILINDRO,788,50.44,8.01535E+12,1
107078690B9,COMANDO EST. POMOLO CON CHIAVE,788,65.74,8.01535E+12,1
107078690C2,COMANDO EST. POMOLO CON CHIAVE,788,171.31,8.01535E+12,1
107081060,KIT ASTE VERTICALI,797,41,8.01535E+12,1
10708106045,KIT ASTE,797,48.43,8.01535E+12,1
10708106097,KIT ASTE,797,48.43,8.01535E+12,1
107081120,KIT ASTE VERTICALI,796,32.45,8.01535E+12,1
10708115000UA,KIT ASTE VERTICALI SPECIALE,798,44.23,8.01535E+12,1
107081610,ASTA VERTIC. INOX,797,123.07,8.01535E+12,1
107083050,INCONTRO ELETTRICO 12V./CA( S. ANTIRIPETITORE),797,265.36,8.01535E+12,1
10708305045,INCONTRO ELETTRICO 12V./CA (S.ANTIRIPETITORE),797,272.53,8.01535E+12,1
107083050B9,INCONTRO ELETTRICO 12V./CA (S.ANTIRIPETITORE),797,272.53,8.01535E+12,1
107083050C2,INCONTRO ELETTRICO 12V./CA (S. ANTIRIPETITORE),797,366.64,8.01535E+12,1
107083060,INCONTRO ELETTRICO 12V./CC( S. ANTIRIPETITORE),797,276.88,8.01535E+12,1
10708306045,INCONTRO ELETTRICO 12V./CC( S. ANTIRIPETITORE),797,284.06,8.01535E+12,1
10708306097,INCONTRO ELETTRICO 12V./CC( S. ANTIRIPETITORE),797,284.06,8.01535E+12,1
107083060B9,INCONTRO ELETTRICO 12V./CC( S. ANTIRIPETITORE),797,284.06,8.01535E+12,1
107083060C2,INCONTRO ELETTRICO 12V.CA (SEZA ANTIRIPETITORE),797,378.13,8.01535E+12,1
107083070,INCONTRO ELETTRICO 24V./CC( S. ANTIRIPETITORE),797,284.64,8.01535E+12,1
10708307097,INCONTRO ELETTRICO 24V./CC( S. ANTIRIPETITORE),797,291.79,8.01535E+12,1
107083070B9,INCONTRO ELETTRICO 24V./CC( S. ANTIRIPETITORE),797,291.79,8.01535E+12,1
10708315045,INCONTRO ELETTRICO 12V./CA (S.ANTIRIPETITORE),797,272.82,8.01535E+12,
10708316045,INCONTRO ELETTRICO 12V./CC( S. ANTIRIPETITORE),797,284.27,8.01535E+12,
107083160C2,INCONTRO ELETTRICO 12V.CA (SEZA ANTIRIPETITORE),797,683.83,8.01535E+12,
107083250,INCONTRO ELETTRICO 12V.CA (CON ANTIRIPETITORE),797,283.06,8.01535E+12,
107083400,INCONTRO ELETTRICO 12V.CC (SOTTO TENSIONE),797,353.87,8.01535E+12,1
10708340045,INCONTRO ELETTRICO 12V.CC (SOTTO TENSIONE),797,361.03,8.01535E+12,1
10708340097,INCONTRO ELETTRICO 12V.CC (SOTTO TENSIONE),797,361.03,8.01535E+12,1
107083400C2,INCONTRO ELETTRICO 12V.CC (SOTTO TENSIONE),797,455.14,8.01535E+12,1
107083410,INCONTRO ELETTRICO 24V.CC (SOTTO TENSIONE),797,361.63,8.01535E+12,1
10708341045,INCONTRO ELETTRICO 24V.CC (SOTTO TENSIONE),797,368.79,8.01535E+12,1
10708341097,INCONTRO ELETTRICO 24V.CC (SOTTO TENSIONE),797,368.79,8.01535E+12,1
107083410B9,INCONTRO ELETTRICO 24V.CC (SOTTO TENSIONE),797,368.79,8.01535E+12,1
107083410C2,INCONTRO ELETTRICO 24V.CC (SOTTO TENSIONE),797,462.91,8.01535E+12,1
107083500,QUADRO MANIGLIA SDOPPIATO,986,10.19,8.01535E+12,6
107083510,QUADRO MANIGLIA SDOPPIATO,986,10.19,8.01535E+12,6
107083520,QUADRO MANIGLIA SDOPPIATO,986,10.19,8.01535E+12,6
107083530,QUADRO MANIGLIA SDOPPIATO,986,10.19,8.01535E+12,6
10708353000ED,QUADRO MANIGLIA SDOPPIATO NOVOFERM GER,986,7.42,8.01535E+12,6
107083540,QUADRO MANIGLIA 7/8 MM PER GARMAT,986,9.23,8.01535E+12,6
10708365097,INCONTRO ELETTRICO 12V./CA( S/ANTIRIP.+ 1 MICRO),797,415.96,8.01535E+12,
107083700,QUADRO MANIGLIA,986,3.66,8.01535E+12,6
10708380045,INCONTRO ELETTRICO 12V./CA( S/ANTIRIP.+ 1 MICRO),797,415.68,8.01535E+12,1
10708380097,INCONTRO ELETTRICO 12V./CA( S/ANTIRIP.+ 1 MICRO),797,415.68,8.01535E+12,1
107083800B9,INCONTRO ELETTRICO 12V./CA( S/ANTIRIP.+ 1 MICRO),797,415.68,8.01535E+12,1
107083800C2,INCONTRO ELETTRICO 12V./CA( S/ANTIRIP.+ 1 MICRO),797,509.79,8.01535E+12,1
107083810,INCONTRO ELETTRICO 12V./CC( S/ANTIRIP.+ 1 MICRO),797,419.97,8.01535E+12,1
10708381045,INCONTRO ELETTRICO 12V./CC( S/ANTIRIP.+ 1 MICRO),797,427.14,8.01535E+12,1
107083810B9,INCONTRO ELETTRICO 12V./CC( S/ANTIRIP.+ 1 MICRO),797,427.14,8.01535E+12,1
107083820,INCONTRO ELETTRICO 24V./CC( S/ANTIRIP.+ 1 MICRO),797,427.69,8.01535E+12,1
10708382045,INCONTRO ELETTRICO 24V./CC( S/ANTIRIP.+ 1 MICRO),797,434.87,8.01535E+12,1
10708382097,INCONTRO ELETTRICO 24V./CC( S/ANTIRIP.+ 1 MICRO),797,434.87,8.01535E+12,1
107083820B9,INCONTRO ELETTRICO 24V./CC( S/ANTIRIP.+ 1 MICRO),797,434.87,8.01535E+12,1
107083820C2,INCONTRO ELETTRICO 24V./CC( S/ANTIRIP.+ 1 MICRO),797,528.97,8.01535E+12,1
107083900,INCONTRO ELETTRICO 12V.CA (CON ANTIRIPETITORE),797,283.06,8.01535E+12,1
10708390045,INCONTRO ELETTRICO 12V.CA (CON ANTIRIPETITORE),797,290.23,8.01535E+12,1
10708390097,INCONTRO ELETTRICO 12V.CA (CON ANTIRIPETITORE),797,290.23,8.01535E+12,1
107083900B9,INCONTRO ELETTRICO 12V.CA (CON ANTIRIPETITORE),797,290.23,8.01535E+12,1
107083900C2,INCONTRO ELETTRICO 12V.CA (CON ANTIRIPETITORE),797,384.34,8.01535E+12,1
107084100,SELETTORE X PORTE,797,68.3,8.01535E+12,1
107084110,SELETTORE X PORTE,797,88.83,8.01535E+12,1
107084200,SELETTORE INOX PER PORTE,797,118.44,8.01535E+12,1
107084210,SELETTORE INOX PER PORTE,797,148.02,8.01535E+12,1
107085750,QUADRO MANIGLIA,986,4.04,8.01535E+12,1
107085760,QUADRO MANIGLIA 25/30,986,4.04,8.01535E+12,1
107085770,QUADRO MANIGLIA 18/75 PER SIKUREXIT,986,4.2,8.01535E+12,1
107085780,QUADRO MANIGLIA 8/9,986,10.86,8.01535E+12,1
107085790,QUADRO MANIGLIA 18/75 CON SEEGER,986,4.2,8.01535E+12,1
107086000,BOBINA 12V.,981,33.36,8.01535E+12,6
107086010,BOBINA 24V.,981,41.17,8.01535E+12,6
107088000,ASTE INTERNE FILETTATE,981,54.46,8.01535E+12,12
107088030,ASTE INTERNE FILETTATE,982,25.61,8.01535E+12,12
10708803000DU,"ASTA SPECIALE PER ""NOVOFERM"" L=900 SENZA PUNTALE",982,13.27,8.01535E+12,50
10708803000DZ,"ASTA SPECIALE PER ""NOVOFERM"" L=1120 SENZA PUNTALE",982,13.27,8.01535E+12,50
10708803000ED,ASTE INTERNE FILETTATE NOVOFERM GER,982,18.9,8.01535E+12,50
10708803000QL,ASTE INTERNE FILETTATE,982,13.07,8.01535E+12,50
10708803000QM,ASTE INTERNE FILETTATE CON PUNTALE,982,13.07,8.01535E+12,50
10708803000QN,ASTE INTERNE FILETTATE CON PUNTALE,982,13.07,8.01535E+12,50
107088040,ASTE INTERNE INNESTO RAPIDO,982,30.26,8.01535E+12,12
10708804000CG,ASTE INTERNE INNESTO RAPIDO SENZA PUNTALI,982,17.88,8.01535E+12,12
107088050,ASTE INTERNE FILETTATE CON PUNTALE 14 MM,982,30.26,8.01535E+12,12
10708912097,SPESSORE SOTTOINCONTRO,797,4.31,8.01535E+12,25
107089500,DISPOS.BLOCCA ASTE,986,28.52,8.01535E+12,3
10708950000ED,DISPOS.BLOCCA ASTE NOVOFERM GER,986,10.4,8.01535E+12,1
107089520,DISPOS.BLOCCO ASTE,986,28.52,8.01535E+12,3
107089530,DISPOS.BLOCCO ASTE,986,76.86,8.01535E+12,3
107089630,DISPOS.BLOCCA ASTE,986,76.86,8.01535E+12,3
10708970000DC,DISPOS.BLOC.ASTE CNF.IND.,986,28.52,8.01535E+12,1
10708970000LM,DISPOS. BLOC.ASTE CONF. IND.,986,28.52,8.01535E+12,1
107090010,KIT GLASS MANIGLIONE NEW EUROPA,797,167.49,8.01535E+12,1
107090010C2,KIT GLASS MANIGLIONE NEW EUROPA,797,326.8,8.01535E+12,1
107090050,KIT GLASS MANIGLIONE PRESTIGE,797,167.49,8.01535E+12,1
107090050C2,KIT GLASS MANIGLIONE PRESTIGE,797,326.8,8.01535E+12,1
107090100,KIT GLASS CHIUSURE SUPPLEMENTARI,797,282.1,8.01535E+12,1
107090100C2,KIT GLASS CHIUSURE SUPPLEMENTARI,797,441.49,8.01535E+12,1
107090500,COPPIA SCROCCHI,986,67.75,8.01535E+12,24
10709050000PE,COPPIA SCROCCHI PER LUTERMAX,986,113.45,8.01535E+12,24
10709050000UC,COPPIA SCROCCHI CORSA SFALSATA,986,112.54,8.01535E+12,24
10709050020UC,COPPIA SCROCCHI CORSA SFALSATA FRONTALE INOX,986,121.87,8.01535E+12,24
107091010,KIT GLASS BOCCHETTA LATERALE,797,81.78,8.01535E+12,1
107091010C2,KIT GLASS BOCCHETTA LATERALE,797,161.48,8.01535E+12,1
107091020,KIT GLASS BOCCHETTA  SCROCCO ALTO,797,81.78,8.01535E+12,1
107091020C2,KIT GLASS BOCCHETTA  SCROCCO ALTO,797,161.48,8.01535E+12,1
107091030C2,KIT GLASS BOCCHETTA  CATENACCIO ALTO,797,161.48,8.01535E+12,
107091500,COPPIA ASTE,986,14.37,8.01535E+12,24
107095000,DISCO+QUADRANTE X COMBIN.,795,35.49,8.01535E+12,1
107101010,MOLLA PER CHIUDIPORTA,791,33.57,8.01535E+12,1
107102020,MOLLA PER CHIUDIPORTA,791,42.01,8.01535E+12,1
107103030,MOLLA PER CHIUDIPORTA,791,50.26,8.01535E+12,1
107104040,MOLLA PER CHIUDIPORTA,791,69.96,8.01535E+12,1
107108000,SET 3 POMOLI,795,40.41,8.01535E+12,1
107109000,POMOLO AZIONAMENTO SERR.,795,10.48,8.01535E+12,1
107109010,CHIAVE DI CAMBIO LA GARD,795,30.11,8.01535E+12,1
107109030,CHIAVE DI CAMBIO E TASTATORE PER CASS. 3 POMOLI,795,11.87,8.01535E+12,1
107109040,BOMBOLETTA SPRAY PER RITOCCHI CASS. HOME,795,53.31,8.01535E+12,1
107109050,TAPPO EFFRAZIONE CASSEFORTI HOME,795,2.52,8.01535E+12,1
107110000,CERNIERA CHIUDIPORTA A PAVIMENTO,794,34.9,8.01535E+12,1
10711000018,BRACCIO INFERIORE,794,34.9,8.01535E+12,1
107111002,CERNIERA CHIUDIPORTA A PAVIMENTO,794,36.87,8.01535E+12,1
10711100218,BRACCIO INFERIORE,794,36.87,8.01535E+12,1
107112001,CERNIERA CHIUDIPORTA A PAVIMENTO,794,36.87,8.01535E+12,1
10711200118,BRACCIO INFERIORE,794,36.87,8.01535E+12,1
107113000,CERNIERA PER CHIUDIPORTA,794,67.18,8.01535E+12,1
10711300018,CERNIERA SUPERIORE,794,67.18,8.01535E+12,1
107114000,PORTAPILE DGT,795,4.58,8.01535E+12,1
107114050,PORTAPILE DGT 6V,795,4.58,8.01535E+12,1
107114060,GRUPPO SOLENOIDE 6V,795,42.84,8.01535E+12,1
107114070,PORTASCHEDA DGT 6V,795,2.16,8.01535E+12,1
107114120,SCHEDA ELETTRONICA VISION MASTER CODE,795,214.61,8.01535E+12,1
107114140,SET MINUTERIA DGT HOME,795,5.01,8.01535E+12,1
107114150,SCHEDA ELETTRONICA DGT VISION,795,214.61,8.01535E+12,1
107114160,TASTIERA DGT VISION,795,55.39,8.01535E+12,1
107114170,KIT CONVER. DA CASSAFORTE DGT 9V A DGT VISION,795,325.12,8.01535E+12,1
107114301,SPORTELLO DI RICAMBIO DGT VISION (DIM.30/31/32/34),795,624.62,8.01535E+12,1
107114311,SPORTELLO DI RICAMBIO CON CHIAVE DM DIM. 3X,795,315.11,8.01535E+12,1
107114401,SPORTELLO DI RICAMBIO DGT VISION (DIM.40/41/42/43),795,725.74,8.01535E+12,1
107114411,SPORTELLO DI RICAMBIO CON CHIAVE DM DIM. 4X,795,416.08,8.01535E+12,1
107114501,SPORTELLO DI RICAMBIO DGT VISION (DIM.50/51/52/53),795,820.31,8.01535E+12,1
107114701,SPORTELLO DI RICAMBIO DGT VISION (DIM.70/71/72/74),795,899.71,8.01535E+12,1
107114920,SCHEDA ELETTRONICA VISION MASTER CODE (NO LIGHT),795,214.61,8.01535E+12,
107115000,CERNIERA PER CHIUDIPORTA,794,47.32,8.01535E+12,1
107118001,BOBINE 12V X 11721,982,33.09,8.01535E+12,6
107118002,BOBINE 12V X 11721,982,33.09,8.01535E+12,6
107118011,BOBINE 24V X NUOVE ELETTR,982,40.89,8.01535E+12,6
107118012,BOBINE 24V X NUOVE ELETTR,982,40.89,8.01535E+12,6
107120001,BOBINA 12 V.REGOLABILE X PC,982,33.09,8.01535E+12,6
107120002,BOBINA 12 V.REGOLABILE X PC,982,33.09,8.01535E+12,6
107120011,BOBINA 24 V.REGOLABILE X PC,982,40.89,8.01535E+12,6
107120012,BOBINA 24 V.REGOLABILE X PC,982,40.89,8.01535E+12,6
107123000,PIASTRA OTTONE PAVIMENTO,793,30.3,8.01535E+12,1
107124000,PIASTRA INOX PAVIMENTO,793,26.29,8.01535E+12,1
107124500,CUSTODIA DA MURARE,793,24.44,8.01535E+12,1
107125000,SUPPORTO PER CASSEFORTI,795,176.92,8.01535E+12,1
107125010,SUPPORTO PER CASSEFORTI,795,209.14,8.01535E+12,1
107126010,KIT SEGNAL.PORTA APERTA ROSSO,986,20.85,8.01535E+12,1
107126020,KIT SEGNAL.PORTA APERTA VERDE,986,20.85,8.01535E+12,6
107126100,LED BICOLORE PER SERRATURA MITO SENSOR,986,49.01,8.01535E+12,1
107126510,KIT PLACCHE DI MONTAGGIO PER 07074  TOUCH BAR FAST,986,49.75,8.01535E+12,1
107128000,BOBINA 12V.PER 17352/17357,981,33.36,8.01535E+12,6
10713200097,BRACCIO CORTO S/ARRESTO,792,45.34,8.01535E+12,1
10713200098,BRACCIO CORTO S/ARRESTO,792,45.27,8.01535E+12,1
10713300097,BRACCIO CORTO C/ARRESTO,792,91.25,8.01535E+12,1
10713300098,BRACCIO CORTO C/ARRESTO,792,91.24,8.01535E+12,1
10713300099,BRACCIO CORTO C/ARRESTO,792,91.25,8.01535E+12,1
10713400097,BRACCIO LUNGO S/ARRESTO,792,53.79,8.01535E+12,1
10713400098,BRACCIO LUNGO S/ARRESTO,792,53.79,8.01535E+12,1
10713500097,BRACCIO LUNGO C/ARRESTO,792,107.28,8.01535E+12,1
10714101044,PIASTRA ANGOLARE FISS BRACCETTO,792,27.86,8.01535E+12,1
10714101045,PIASTRA ANGOLARE FISS BRACCETTO,792,27.86,8.01535E+12,1
10714101087,PIASTRA ANGOLARE FISS BRACCETTO,792,27.86,8.01535E+12,1
10714101088,PIASTRA ANGOLARE FISS BRACCETTO,792,27.86,8.01535E+12,1
10714101090,PIASTRA ANGOLARE FISS BRACCETTO,792,27.86,8.01535E+12,1
10714201044,PIASTRA APPOGGIO SERIE C15,792,50.11,8.01535E+12,1
10714201045,PIASTRA APPOGGIO SERIE C15,792,50.11,8.01535E+12,1
10714201087,PIASTRA APPOGGIO SERIE C15,792,50.11,8.01535E+12,1
10714201088,PIASTRA APPOGGIO SERIE C15,792,50.11,8.01535E+12,1
10714201090,PIASTRA APPOGGIO SERIE C15,792,50.11,8.01535E+12,1
10714201097,PIASTRA APPOGGIO SERIE C15,792,50.11,8.01535E+12,1
10715301044,PIASTRA FISSAGGIO S/605,792,20.6,8.01535E+12,1
10715302044,PIASTRA FISSAGGIO SERIE C15,792,24.14,8.01535E+12,1
10715302045,PIASTRA FISSAGGIO SERIE C15,792,24.14,8.01535E+12,1
10715302088,PIASTRA FISSAGGIO SERIE C15,792,24.14,8.01535E+12,1
10715302090,PIASTRA FISSAGGIO SERIE C15,792,24.14,8.01535E+12,1
10715302097,PIASTRA FISSAGGIO SERIE C15,792,24.14,8.01535E+12,1
10715303044,PIASTRA APPOGGIO SERIE C16,792,33.37,8.01535E+12,1
10715303045,PIASTRA APPOGGIO SERIE C16,792,33.37,8.01535E+12,1
10715303087,PIASTRA APPOGGIO SERIE C16,792,33.37,8.01535E+12,1
10715303088,PIASTRA APPOGGIO SERIE C16,792,33.37,8.01535E+12,1
10715303090,PIASTRA APPOGGIO SERIE C16,792,33.37,8.01535E+12,1
10715303097,PIASTRA APPOGGIO SERIE C16,792,33.37,8.01535E+12,
10715304044,PIASTRA FISSAGGIO SERIE C16,792,24.14,8.01535E+12,
10715304045,PIASTRA FISSAGGIO SERIE C16,792,24.14,8.01535E+12,1
10715304087,PIASTRA FISSAGGIO SERIE C16,792,24.14,8.01535E+12,1
10715304088,PIASTRA FISSAGGIO SERIE C16,792,24.14,8.01535E+12,1
10715304090,PIASTRA FISSAGGIO SERIE C16,792,24.14,8.01535E+12,1
10715304097,PIASTRA FISSAGGIO SERIE C16,792,24.14,8.01535E+12,1
10715305044,PIASTRA APPOGGIO SERIE C161105,792,50.11,8.01535E+12,1
10715305045,PIASTRA APPOGGIO SERIE C161105,792,50.11,8.01535E+12,1
10715305087,PIASTRA APPOGGIO SERIE C161105,792,50.11,8.01535E+12,1
10715305088,PIASTRA APPOGGIO SERIE C161105,792,50.11,8.01535E+12,1
10715305090,PIASTRA APPOGGIO SERIE C161105,792,50.11,8.01535E+12,1
10715305097,PIASTRA APPOGGIO SERIE C161105,792,50.11,8.01535E+12,1
10715306044,PIASTRA FISSAGGIO SERIE C161105,792,24.14,8.01535E+12,1
10715306045,PIASTRA FISSAGGIO SERIE C161105,792,24.14,8.01535E+12,1
10715306087,PIASTRA FISSAGGIO SERIE C161105,792,24.14,8.01535E+12,1
10715306088,PIASTRA FISSAGGIO SERIE C161105,792,24.14,8.01535E+12,1
10715306090,PIASTRA FISSAGGIO SERIE C161105,792,24.14,8.01535E+12,1
10715306097,PIASTRA FISSAGGIO SERIE C161105,792,24.14,8.01535E+12,1
10715310045UL ,PIASTRA FISSAGGIO CHIUDIPORTA MARINO,792,12.86,8.01535E+12,
10715310097UL ,PIASTRA FISSAGGIO CHIUDIPORTA MARINO,792,12.86,8.01535E+12,
10715315044,PIASTRA PER CHIUDIPORTA D5200 D5210,725,16.68,8.01535E+12,1
10715315045,PIASTRA PER CHIUDIPORTA D5200 D5210,725,16.68,8.01535E+12,1
10715315088,PIASTRA PER CHIUDIPORTA D5200 D5210,725,16.68,8.01535E+12,1
10715315097,PIASTRA PER CHIUDIPORTA D5200 D5210,725,16.68,8.01535E+12,1
107153220,ACCESSORIO ARRESTO ANTA ATTIVA PER 07158/07159,725,53.96,8.01535E+12,1
107155010,PIASTRA ANGOLARE PER CHIUDICANCELLO,079D,16.88,8.01535E+12,1
107155020,PIASTRA PIANA PER CHIUDICANCELLO,079D,16.88,8.01535E+12,1
107155030,PIASTRA RETROFIT REGOLABILE PER CHIUDICANCELLO,079D,38.83,8.01535E+12,1
107155040,CARDINE INFERIORE PER CHIUDICANCELLO,079D,37.29,8.01535E+12,1
107155050,BRACCIO A COMPASSO PER CHIUDICANCELLO,079D,45.9,8.01535E+12,1
107155060,BRACCIO A SCORREVOLE PER CHIUDICANCELLO,079D,28.59,8.01535E+12,1
10715510044,BRACCIO SENZA ARRESTO SERIE C1415,792,40.81,8.01535E+12,
10715510045,BRACCIO SENZA ARRESTO SERIE C1415,792,40.81,8.01535E+12,1
10715510087,BRACCIO SENZA ARRESTO SERIE C1415,792,40.81,8.01535E+12,1
10715510088,BRACCIO SENZA ARRESTO SERIE C1415,792,40.81,8.01535E+12,1
10715510090,BRACCIO SENZA ARRESTO SERIE C1415,792,40.81,8.01535E+12,1
10715510097,BRACCIO SENZA ARRESTO SERIE C1415,792,40.81,8.01535E+12,1
10715511044,BRACCIO CON ARRESTO PER SERIE C1416,792,79.8,8.01535E+12,1
10715511045,BRACCIO CON ARRESTO PER SERIE C1416,792,79.8,8.01535E+12,1
10715511087,BRACCIO CON ARRESTO PER SERIE C1416,792,79.8,8.01535E+12,1
10715511088,BRACCIO CON ARRESTO PER SERIE C1416,792,79.8,8.01535E+12,1
10715511090,BRACCIO CON ARRESTO PER SERIE C1416,792,79.8,8.01535E+12,1
10715511097,BRACCIO CON ARRESTO PER SERIE C1416,792,79.8,8.01535E+12,1
10715512044,BRACCETTO CHIUDIPORTA SERIE C1503-C1603,792,42.66,8.01535E+12,1
10715512045,BRACCETTO CHIUDIPORTA SERIE C1503-C1603,792,42.66,8.01535E+12,1
10715512090,BRACCETTO CHIUDIPORTA SERIE C1503-C1603,792,42.66,8.01535E+12,
10715512097,BRACCETTO CHIUDIPORTA SERIE C1503-C1603,792,42.66,8.01535E+12,1
10715513044,BRACCETTO CON ARRESTO PER SERIE C15103 C161103,792,83.84,8.01535E+12,1
10715513045,BRACCETTO CON ARRESTO PER SERIE C15103 C161103,792,83.84,8.01535E+12,1
10715513087,BRACCETTO CON ARRESTO PER SERIE C15103 C161103,792,83.84,8.01535E+12,1
10715513088,BRACCETTO CON ARRESTO PER SERIE C15103 C161103,792,83.84,8.01535E+12,1
10715513090,BRACCETTO CON ARRESTO PER SERIE C15103 C161103,792,83.84,8.01535E+12,1
10715513097,BRACCETTO CON ARRESTO PER SERIE C15103 C161103,792,83.84,8.01535E+12,1
10715514044,BRACCETTO NORMALE PER SERIE C16 2-6,792,42.66,8.01535E+12,1
10715514088,BRACCETTO NORMALE PER SERIE C16 2-6,792,47.54,8.01535E+12,1
10715514090,BRACCETTO NORMALE PER SERIE C16 2-6,792,42.66,8.01535E+12,
10715514097,BRACCETTO NORMALE PER SERIE C16 2-6,792,42.66,8.01535E+12,1
10715515044,BRACCETTO CON ARRESTO PER SERIE C16 2-6,792,98.32,8.01535E+12,1
10715515045,BRACCETTO CON ARRESTO PER SERIE C16 2-6,792,98.32,8.01535E+12,1
10715515090,BRACCETTO CON ARRESTO PER SERIE C16 2-6,792,98.32,8.01535E+12,1
10715515097,BRACCETTO CON ARRESTO PER SERIE C16 2-6,792,98.32,8.01535E+12,1
10715520044,BRACCIO PER CHIUDIPORTA SERIE C2010,792,102.08,8.01535E+12,1
10715520045,BRACCIO PER CHIUDIPORTA SERIE C2010,792,102.08,8.01535E+12,1
10715520088,BRACCIO PER CHIUDIPORTA SERIE C2010,792,102.08,8.01535E+12,1
10715520090,BRACCIO PER CHIUDIPORTA SERIE C2010,792,102.08,8.01535E+12,1
10715520097,BRACCIO PER CHIUDIPORTA SERIE C2010,792,102.08,8.01535E+12,1
10715521044,BRACCIO PER CHIUDIPORTA C2110,792,107.62,8.01535E+12,1
10715521045,BRACCIO PER CHIUDIPORTA C2110,792,107.62,8.01535E+12,1
10715521088,BRACCIO PER CHIUDIPORTA C2110,792,107.62,8.01535E+12,1
10715521090,BRACCIO PER CHIUDIPORTA C2110,792,107.62,8.01535E+12,1
10715521097,BRACCIO PER CHIUDIPORTA C2110,792,107.62,8.01535E+12,1
107156000,SET MOLLE DI RICAMBIO PER CHIUDICANCELLO,079D,37.83,8.01535E+12,1
107156020,GRANO ARRESTO RICAMBIO PER CHIUDICANCELLO,079D,9.55,8.01535E+12,1
107156030,MOLLE DI RICAMBIO RINFORZATE PER CHIUDICANCELLO,079D,12,8.01535E+12,1
10715700088,BOCCOLA DI PROLUNGAMENTO,6173,8.9,8.01535E+12,1
10715700097,BOCCOLA DI PROLUNGAMENTO,6173,8.9,8.01535E+12,1
10715710044,BRACCIO STANDARD PER SERIE D5200,725,63.82,8.01535E+12,1
10715710045,BRACCIO STANDARD PER SERIE D5200,725,63.82,8.01535E+12,1
10715710088,BRACCIO STANDARD PER SERIE D5200,725,63.82,8.01535E+12,1
10715710097,BRACCIO STANDARD PER SERIE D5200,725,63.82,8.01535E+12,1
10715711044,BRACCIO ARRESTO PER SERIE D5210,725,70.11,8.01535E+12,1
10715711045,BRACCIO ARRESTO PER SERIE D5210,725,70.11,8.01535E+12,1
10715711097,BRACCIO ARRESTO PER SERIE D5210,725,70.11,8.01535E+12,1
10715800044,BRACCIO COORDINATORE PER D5200 A TIRARE,725,329.85,8.01535E+12,1
10715800045,BRACCIO COORDINATORE PER D5200 A TIRARE,725,329.85,8.01535E+12,1
10715800088,BRACCIO COORDINATORE PER D5200 A TIRARE,725,329.85,8.01535E+12,1
10715800097,BRACCIO COORDINATORE PER D5200 A TIRARE,725,329.85,8.01535E+12,1
10715900044,BRACCIO COORDINATORE PER D5200 A SPINGERE,725,486.63,8.01535E+12,1
10715900045,BRACCIO COORDINATORE PER D5200 A SPINGERE,725,486.63,8.01535E+12,1
10715900088,BRACCIO COORDINATORE PER D5200 A SPINGERE,725,486.63,8.01535E+12,1
10715900097,BRACCIO COORDINATORE PER D5200 A SPINGERE,725,486.63,8.01535E+12,1
107165000,KIT PROLUNGA PER CILIND.,980,5.74,8.01535E+12,12
107165010,KIT PROLUNGA PER CILIND.,980,6.29,8.01535E+12,12
107165020,KIT PROLUNGA PER CILIND.,980,6.86,8.01535E+12,12
107165030,KIT PROLUNGA PER CILIND.,980,7.88,8.01535E+12,12
107165040,KIT PROLUNGA PER CILIND.,980,11.68,8.01535E+12,12
10716504012,KIT PROLUNGA PER CILINDRO FIN.12,980,14.29,8.01535E+12,12
107165050,KIT PROLUNGA PER CILIND.MM 50,980,5.2,8.01535E+12,12
107165210,KIT CILIND. TUBO FISSO PRESTIGE,980,18.15,8.01535E+12,1
10716550045,DISPOSITIVO FERMO A GIORNO FAST TOUCH,079A,21.6,8.01535E+12,1
10716550097,DISPOSITIVO PER FERMA GIORNO FAST TOUCH,079A,16.95,8.01535E+12,1
107165510C2,DISPOSITIVO PER FERMA FAST PUSH,079A,39.96,8.01535E+12,1
107173000,KIT CHIUSURE A/B MULTIP,983,78.91,8.01535E+12,1
107174000,SET.CONTROP.53002,983,17.91,8.01535E+12,6
10717400082,SET.CONTROP.53002 ZIN.GIAL.,983,14.15,8.01535E+12,6
107174000B7,SET.CONTROP.53002 B7,983,16.2,8.01535E+12,6
107175000,SET.CONTROP.53003,983,17.91,8.01535E+12,6
10717500082,SET.CONTROP.53003 ZIN.GIAL.,983,14.15,8.01535E+12,6
107175000B7,SET.CONTROP.53003 B7,983,16.2,8.01535E+12,6
107176000,SET.CONTROP.OTT.MULTIP.,983,34.86,8.01535E+12,6
107176100,SET.CONTROP.ALET.OTT.MULTIP.,983,38.92,8.01535E+12,6
107176610,PLACCA DI COPERTURA INT 72 FAST INF,079A,11.03,8.01535E+12,6
10717661045,PLACCA DI COPERTURA INT 72 FAST INF,079A,13.41,8.01535E+12,6
10717661097,PLACCA DI COPERTURA INT 72 FAST INF,079A,11.03,8.01535E+12,6
107176620,PLACCA DI COPERTURA INT 85 FAST INF,079A,11.03,8.01535E+12,6
10717662097,PLACCA DI COPERTURA INT 85 FAST INF,079A,11.03,8.01535E+12,6
107176630,PLACCA DI COPERTURA INT 92 FAST INF,079A,11.03,8.01535E+12,6
10717663097,PLACCA DI COPERTURA INT 92 FAST INF,079A,11.03,8.01535E+12,6
107176660,PLACCA DI COPERTURA CIECA FAST TOUCH INF,079A,11.03,8.01535E+12,6
10717666045,PLACCA DI COPERTURA CIECA FAST TOUCH INF,079A,13.41,8.01535E+12,6
10717666097,PLACCA DI COPERTURA CIECA FAST TOUCH INF,079A,11.03,8.01535E+12,6
107176660B9,PLACCA DI COPERTURA CIECA FAST TOUCH INF,079A,11.03,8.01535E+12,6
107176660C2,PLACCA DI COPERTURA CIECA FAST TOUCH INF,079A,34.74,8.01535E+12,6
107177000,SET.CONTROP.OTT.MULTIP.,983,34.86,8.01535E+12,6
107177100,SET.CONTROP.ALET.OTT.MULTIP.,983,38.92,8.01535E+12,6
107178000,SET.CONTROP.OTT.MULTIP.,983,24.53,8.01535E+12,6
107178100,SET.CONTROP.ALET.OTT.MULTIP.,983,28.64,8.01535E+12,6
107202510,INGEGNO INF. CON PERNO E MOLLA PER UNITA' ELETT.,6201,5.7,8.01535E+12,1
107202520,INGEGNO SUP. RONDELLE/MOLLE PREM. PER U.ELETTR.,6201,29.37,8.01535E+12,1
107206000,QUADRO ACC. 8X100,986,3.38,8.01535E+12,6
107206010,QUADRO SDOPPIATO,983,6.99,8.01535E+12,25
107206030,QUADRO 8X100 PER CATENACCIO,6201,4.54,8.01535E+12,1
107209000,KIT ARRESTO PER D8200,725,14.88,8.01535E+12,1
107209010,AMMORTIZZATORE DI CHIUSURA,725,10.86,8.01535E+12,1
107209020,KIT ARRESTO PER D6200,725,17.39,8.01535E+12,1
107209030,KIT ARRESTO PER SERIE D5200,725,15.11,8.01535E+12,1
10720920097,BRACCIO PER CHIUDIPORTA D8200,725,34.79,8.01535E+12,1
107209210,KIT GUARNIZIONI RESISTENTI AL FUOCO PER CP D8200,725,116.36,8.01535E+12,1
107209250,KIT FISSAGGIO BRACCIO PROFILI ALU PER D8200,725,28.36,8.01535E+12,1
107210000,KIT ARRESTO PER D7200,725,25.57,8.01535E+12,1
107210010,"KIT ARRESTO PER BRACCIO SCORREVOLE SERIE ""C""",792,28.81,8.01535E+12,1
107302080,TRASFORMATORE 24V 15VA,6179,65.88,8.01535E+12,1
107430310,CAVETTO ALIMENTAZIONE,795,13.78,8.01535E+12,1
107430320,CAVETTO ALIMENTAZIONE 6V,795,10.11,8.01535E+12,1
107456000,E-SIGNO CASSAF. PLANT SET,6414,58.31,8.01535E+12,1
107457011,SET QUADRI PER E-SIGNO CON PLACCA STRETTA (5 PZ),6361,29.4,8.01535E+12,1
107457021,SET QUADRI PER E-SIGNO CON PLACCA STRETTA (5 PZ),6361,29.4,8.01535E+12,1
107457031,SET QUADRI PER E-SIGNO CON PLACCA STRETTA (5 PZ),6361,29.4,8.01535E+12,1
107457060,E-SIGNO 1X PANIC DEVICES SPINDLE SET,6361,41.99,8.01535E+12,1
107457120,WALL READER,6369,938.62,8.01535E+12,
107457170,E-SIGNO PLASTIC COVER DEMOUNTING TOOL,6361,6.77,8.01535E+12,1
107457210,WALL READER COVER PLASTIC DARK GREY,6361,22.6,8.01535E+12,1
107457220,WALL READER COVER GLASS WHITE,6361,163.11,8.01535E+12,1
107457230,WALL READER COVER GLASS BLACK,6361,163.11,8.01535E+12,1
107457231M1,E-SIGNO INT.PLATE-W/ CYL.HOLE-SAT.SILV-STD.HANDLE,6361,53.29,8.01535E+12,
107457233M1,E-SIGNO INT.PLATE-W/O CYL.HOLE-SAT.SILV-STD.HANDLE,6361,53.29,8.01535E+12,
107457250,E-SIGNO FIRE DOOR UNDERPLATE,6361,46.19,8.01535E+12,1
107457260M1,E-SIGNO EXT.UNIT SAT.SILVER-STD.HAND (NO DPR),6360,480.06,8.01535E+12,1
107457400M1,E-SIGNO EXT.UNIT SAT.SILVER-SLIM HAND (NO DPR),6360,480.06,8.01535E+12,1
107457421M1,E-SIGNO INT.PLATE-W/ CYL.HOLE-SAT.SILV-SLIM HANDLE,6361,53.29,8.01535E+12,1
107457423M1,E-SIGNO INT.PLATE-W/O CYL.HOLE-SAT.SILV-SLIMHANDLE,6361,53.29,8.01535E+12,1
107550010,KIT DI RICIFRATURA D.13,980,758.45,8.01535E+12,1
107550120,VALIGETTA MODULARE RS3,978,2292.3,8.01535E+12,1
107550130,KIT CIFR. KA C3000 E CH.PIATTA,980,1017.74,8.01535E+12,1
107550140,VALIGETTA MODULARE AP4,978,1964.83,8.01535E+12,1
107550150,KIT ONE KEY,980,511.4,8.01535E+12,1
107551010,PERNO SALTO 1 C83/C2000,980,147.01,8.01535E+12,1000
107551020,PERNO SALTO 2 C83,980,147.01,8.01535E+12,1000
107551030,PERNO SALTO 3 C83/SALTO 4 C2000,980,147.01,8.01535E+12,1000
107551040,PERNO SALTO 4 C83,980,147.01,8.01535E+12,1000
107551050,PERNO SALTO 5 C83/SALTO 7 C2000,980,147.01,8.01535E+12,1000
107551060,PERNO SALTO 6 C83,980,147.01,8.01535E+12,1000
107551110,PERNO 0 SP/TSP,980,88.59,8.01535E+12,1000
107551120,PERNO 1 SP/TSP,980,88.59,8.01535E+12,1000
107551130,PERNO 2 SP TSP,980,88.59,8.01535E+12,1000
107551140,PERNO 3 SP/TSP,980,88.59,8.01535E+12,1000
107551150,PERNO 4 SP/TSP,980,88.59,8.01535E+12,1000
107551160,PERNO 5 SP/TSP,980,88.59,8.01535E+12,1000
107551170,PERNO 6 SP/TSP,980,88.59,8.01535E+12,1000
107551410,PERNO SALTO 2 C2000,980,147.01,8.01535E+12,1000
107551420,PERNO SALTO 3 C2000,980,147.01,8.01535E+12,1000
107551430,PERNO SALTO 5 C2000,980,147.01,8.01535E+12,1000
107551440,PERNO SALTO 6 C2000,980,147.01,8.01535E+12,1000
107551450,PERNO SALTO 8 C2000,980,147.01,8.01535E+12,1000
107551510,PERNO D.2.5/1,980,88.59,8.01535E+12,1000
107551520,PERNO D.2.5/2,980,88.59,8.01535E+12,1000
107551530,PERNO D.2.5/3,980,88.59,8.01535E+12,1000
107551540,PERNO D.2.5/4,980,88.59,8.01535E+12,1000
107551550,PERNO D.2.5/5,980,88.59,8.01535E+12,1000
107551560,PERNO D.2.5/6,980,88.59,8.01535E+12,1000
107552010,CONTROP. CILINDR.D.2.8,980,53.63,8.01535E+12,1000
107552020,CONTROP. CILINDR.D.2.8,980,53.63,8.01535E+12,1000
107552030,CONTROP. CILINDR.D.2.8,980,53.63,8.01535E+12,1000
107552040,CONTROP. CILINDR. PER NUOVO LUCCHETTO L30 CISA,980,53.63,8.01535E+12,1000
107552510,CONTROP. CILINDRICO D.2.5,980,53.63,8.01535E+12,1000
107552710,CONTROPERNO ASTRAL 1,980,87.31,8.01535E+12,1000
107552720,CONTROPERNO ASTRAL 2,980,87.31,8.01535E+12,1000
107552730,CONTROPERNO ASTRAL 3,980,87.31,8.01535E+12,1000
107552750,CONTROPERNO ASTRAL 5,980,87.31,8.01535E+12,1000
107552760,CONTROPERNO ASTRAL 6,980,87.31,8.01535E+12,1000
107552810,CONTROPERNO INF.X VARI 1,980,87.31,8.01535E+12,1000
107552820,CONTROPERNO INF.X VARI 2,980,87.31,8.01535E+12,1000
107552830,CONTROPERNO INF.X VARI 3,980,87.31,8.01535E+12,1000
107552840,CONTROPERNO INF.X VARI 4,980,87.31,8.01535E+12,1000
107552850,CONTROPERNO INF.X VARI 5,980,87.31,8.01535E+12,1000
107552860,CONTROPERNO INF.X VARI 6,980,87.31,8.01535E+12,1000
107553010,CONTROP. A 2 TESTE D.2.8,980,67.83,8.01535E+12,1000
107553020,CONTROP. A 2 TESTE D.2.8,980,67.83,8.01535E+12,1000
107553030,CONTROP. A 2 TESTE D.2.8,980,67.83,8.01535E+12,1000
107553040,CONTROP. A 2 TESTE PER NUOVO LUCCHETTO L30 CISA,980,67.83,8.01535E+12,1000
107553510,CONTROP. A 2 TESTE D.2.5,980,67.83,8.01535E+12,1000
107554010,MOLLA X 02500,980,42.88,8.01535E+12,1000
107554020,MOLLA X 02552,980,42.88,8.01535E+12,1000
107554030,MOLLA X C83-22010-50-60,980,42.88,8.01535E+12,1000
107554050,MOLLA CONTROPERNO,980,42.88,8.01535E+12,1000
107554510,MOLLA X 22010.30/40,980,42.88,8.01535E+12,1000
107554710,MOLLA INF. X SIGILLO,980,44.6,8.01535E+12,1000
107554720,MOLLA INF.,980,42.88,8.01535E+12,1000
107554730,MOLLA INF.,980,42.88,8.01535E+12,1000
107554910,MOLLA INF. ACCIAIO X SIGILLO,980,146.66,8.01535E+12,1000
107554920,MOLLA INF. ACCIAIO,980,146.66,8.01535E+12,1000
107555010,PASTIGLIA D.2.8/1,980,42.88,8.01535E+12,1000
107555020,PASTIGLIA D.2.8/2,980,42.88,8.01535E+12,1000
107555030,PASTIGLIA D.2.8/3,980,42.88,8.01535E+12,1000
107555040,PASTIGLIA D.2.8/4,980,42.88,8.01535E+12,1000
107555050,PASTIGLIA D.2.8/5,980,42.88,8.01535E+12,1000
107555110,PASTIGLIA ADDIZ. D.2.8/1,980,42.88,8.01535E+12,1000
107555120,PASTIGLIA ADDIZ. D.2.8/2,980,42.88,8.01535E+12,1000
107555130,PASTIGLIA ADDIZ. D.2.8/3,980,42.88,8.01535E+12,1000
107555140,PASTIGLIA ADDIZ. D.2.8/4,980,42.88,8.01535E+12,1000
107555210,PASTIGLIA,980,42.88,8.01535E+12,1000
107555220,PASTIGLIA IN OTT. D. 2.8,980,42.88,8.01535E+12,1000
107555230,PASTIGLIA IN OTT. D. 2.8,980,42.88,8.01535E+12,1000
107555240,PASTIGLIA IN OTT. D. 2.8,980,42.88,8.01535E+12,1000
107555250,PASTIGLIA IN OTT. D. 2.8,980,42.88,8.01535E+12,1000
107555260,PASTIGLIA IN OTT. D. 2.8,980,42.88,8.01535E+12,1000
107555310,PASTIGLIA ADDIZ. 2,980,42.88,8.01535E+12,1000
107555320,PASTIGLIA ADDIZ. 3,980,42.88,8.01535E+12,1000
107555330,PASTIGLIA IN OTT. 2,980,42.88,8.01535E+12,1000
107555340,PASTIGLIA IN OTT. 3,980,42.88,8.01535E+12,1000
107555350,PASTIGLIA IN OTT. 4,980,42.88,8.01535E+12,1000
107555360,PASTIGLIA IN OTT. 5,980,42.88,8.01535E+12,1000
107555370,PASTIGLIA IN OTT. 6,980,42.88,8.01535E+12,1000
107555380,PASTIGLIA IN OTT. 7,980,42.88,8.01535E+12,1000
107555390,PASTIGLIA ADDIZ. 4,980,42.88,8.01535E+12,1000
107555400,PASTIGLIA ADDIZ. 5,980,42.88,8.01535E+12,1000
107555510,PASTIGLIA D.2.5/1,980,42.88,8.01535E+12,1000
107555520,PASTIGLIA D.2.5/2,980,42.88,8.01535E+12,1000
107555530,PASTIGLIA D.2.5/3,980,42.88,8.01535E+12,1000
107555540,PASTIGLIA D.2.5/4,980,42.88,8.01535E+12,1000
107555550,PASTIGLIA D.2.5/5,980,42.88,8.01535E+12,1000
107555610,PASTIGLIA ADDIZ. D.2.5/1,980,42.88,8.01535E+12,1000
107556030,SPINA CILINDRETTO LUCCHETTO 30 MM,980,51.24,8.01535E+12,1000
107556040,SPINA CILINDRETTO NUOVO LUCCHETTO 40MM,980,51.24,8.01535E+12,1000
107556050,SPINA CILINDRETTO NUOVO LUCCHETTO 50MM,980,51.24,8.01535E+12,250
107556060,SPINA CILINDRETTO NUOVO LUCCHETTO 60MM,980,51.24,8.01535E+12,1
107556510,SPINA CILINDRETTO L.30,980,42.88,8.01535E+12,250
107556520,SPINA CILINDRETTO L.40,980,42.88,8.01535E+12,250
107557010,TAPPO X PERNI L.50,980,106.46,8.01535E+12,1000
107557020,TAPPO X PERNI L.60,980,106.46,8.01535E+12,1000
107557030,TAPPO X PERNI L.30,980,106.46,8.01535E+12,1000
107557110,TAPPO IN CONFEZ. DA 1000,980,106.46,8.01535E+12,1000
10755711012,TAPPO,980,110.43,8.01535E+12,1000
107557520,TAPPO X PERNI L.40,980,85.16,8.01535E+12,1000
107558010,GHIERA X CILINDRO TONDO,980,49.83,8.01535E+12,250
107558020,GHIERA X CILINDRO 08310,980,49.83,8.01535E+12,250
107558050,GHIERA IN ACCIAIO,980,97.21,8.01535E+12,250
107559010,MACCHINETTA CARICAMENTO  (13852),980,835.42,8.01535E+12,1
107559020,SCARPINA PER C83,980,227.59,8.01535E+12,1
107559030,PREMIMOLLA (08885),980,78,8.01535E+12,1
107559040,PINZE PER GHIERE,980,232.59,8.01535E+12,1
107559050,PINZETTINA,980,29.31,8.01535E+12,
107559060,SPINA RIPARAZIONE D 13,980,49.64,8.01535E+12,1
107559070,ATTREZZO CONTROLLO L.50,980,5.63,8.01535E+12,1
107559090,CHIAVI MADRE PROF. 902,980,12.93,8.01535E+12,1
107559110,ATTREZZO CONTROLLO L.40,980,5.63,8.01535E+12,1
107559120,CHIAVE MADRE PROF. 904,980,12.93,8.01535E+12,1
107559130,LETTORE CIFRATURA CHIAVE,980,14.19,8.01535E+12,1
107559190,MACCHINETTA,980,835.42,8.01535E+12,1
107559280,"SET DI 8 CHIAVI MADRE CONSALTO 0,44",980,23.73,8.01535E+12,1
107559420,PINZE GHIERE PER TEKNO,980,421.29,8.01535E+12,1
107559430,ATTREZZO ASSEMBLAGGIO MODULARE,977,946.86,8.01535E+12,1
107559480,"LETTORE CIFRATURA CHIAVE SALTO 0,44",980,96.83,8.01535E+12,1
107559620,SCARPINA X CIL. ASTRAL,980,227.59,8.01535E+12,1
107559630,PREMIMOLLA,980,78,8.01535E+12,1
107559800,ATTREZZO GUIDAMOLLE ASTRAL,980,97.94,8.01535E+12,1
107559810,MACCHINA CARICAMENTO ASTRAL,980,1207.81,8.01535E+12,1
107559840,LETTORE CIFRATURA CHIAVE ASTRAL,980,66.44,8.01535E+12,1
107559850,ATTREZZO GUIDAMOLLE X 08310,980,97.94,8.01535E+12,1
107559880,CISA B2B MATRIX,980,4240.66,8.01535E+12,1
107559890,KIT AUTHENTICARD,980,1117.5,8.01535E+12,
107559910,AERO USB READER,6375,645.97,8.01535E+12,1
107562010,SFERA X ART.SP/TSP,980,51.75,8.01535E+12,
107571110,PERNO IN ACCIAIO D. 2.8,980,283.37,8.01535E+12,1000
107571130,PERNO IN ACCIAIO D. 2.8,980,283.37,8.01535E+12,1000
107571140,PERNO IN ACCIAIO D. 2.8,980,283.37,8.01535E+12,1000
107571150,PERNO IN ACCIAIO D. 2.8,980,283.37,8.01535E+12,1000
107571170,PERNO IN ACCIAIO D. 2.8,980,283.37,8.01535E+12,1000
107571180,PERNO IN ACCIAIO D. 2.8,980,283.37,8.01535E+12,1000
107571700,PERNO ACCIAIO INFER. 0,980,347.51,8.01535E+12,1000
107571710,PERNO ACCIAIO INFER. 1,980,347.51,8.01535E+12,1000
107571720,PERNO ACCIAIO INFER. 2,980,347.51,8.01535E+12,1000
107571730,PERNO ACCIAIO INFER. 3,980,347.51,8.01535E+12,1000
107571740,PERNO ACCIAIO INFER. 4,980,347.51,8.01535E+12,1000
107571750,PERNO ACCIAIO INFER. 5,980,347.51,8.01535E+12,1000
107571760,PERNO ACCIAIO INFER. 6,980,347.51,8.01535E+12,1000
107571770,PERNO 5 ASTRAL TEKNO,980,347.51,8.01535E+12,1000
107571780,PERNO 6 ASTRAL TEKNO,980,347.51,8.01535E+12,1000
107571790,PERNO SUPER.  ACC.,980,473.89,8.01535E+12,1000
107571800,PERNO ACCIAIO INFER. 7,980,347.51,8.01535E+12,1000
107571910,PERNO LATERALE ACC.AP3,980,473.89,8.01535E+12,1000
107571930,PERNO CONTROLLO TACCA,980,473.89,8.01535E+12,1000
107571940,PERNO CONTROLLO DORSO,980,473.89,8.01535E+12,1000
107571950,GRUPPO PERNO BREVETTO AP4,980,447.08,8.01535E+12,500
107572010,CONTROPERNO MM.3,980,106.46,8.01535E+12,1000
107572020,CONTROPERNO MM.4,980,106.46,8.01535E+12,1000
107572030,CONTROPERNO MM.5,980,106.46,8.01535E+12,1000
107572630,CONTROPERNO ACCIAIO,980,483.34,8.01535E+12,1000
107572640,CONFEZ.1000 CONTROPERNO ACCIAIO,980,922.34,8.01535E+12,1000
107572710,CONTROPERNO INF. ACCIAIO,980,469.23,8.01535E+12,1000
107572720,CONTROPERNO INF. ACCIAIO,980,469.23,8.01535E+12,1000
107572730,CONTROPERNO INF. ACCIAIO,980,469.23,8.01535E+12,1000
107572740,CONTROPERNO INF. ACCIAIO,980,469.23,8.01535E+12,1000
107572750,CONTROPERNO INF. ACCIAIO,980,469.23,8.01535E+12,1000
107572760,CONTROPERNO INF. ACCIAIO,980,469.23,8.01535E+12,1000
107572770,CONTROPERNO INF. ACCIAIO,980,469.23,8.01535E+12,1000
107572780,CONTROPERNO INF. ACCIAIO,980,469.23,8.01535E+12,1000
107572840,CONTROP.SALTO 4 MEZZO/SALTO 2 SIGILLO,980,483.34,8.01535E+12,1000
107572850,CONTROP.SALTO 3 SIGILLO,980,483.34,8.01535E+12,1000
107572860,CONTROPERNO ACCIAIO,980,483.34,8.01535E+12,
107572870,CONTROP.5/6 MEZZO E TEKNO,980,483.34,8.01535E+12,1000
107572880,CONTROP.4 SIGILLO E TACCA,980,483.34,8.01535E+12,1000
107572890,CONTROP.SALTO 5 E 6 SIGILLO,980,483.34,8.01535E+12,1000
107572900,GRUPPO CONTROPERNO BKP,980,958.33,8.01535E+12,1000
107572910,GRUPPO CONTROPERNO BKP,980,958.33,8.01535E+12,1000
107572920,GRUPPO CONTROPERNO BKP,980,958.33,8.01535E+12,1000
107572960,CONTROP.SALTO 4 TEKNO,980,483.34,8.01535E+12,1000
107572970,GRUPPO CONTROPERNO SPEC. AP4,980,447.08,8.01535E+12,500
107575040,SFERA D. 8 X 28030,985,6.31,8.01535E+12,10
107575070,PERNO ARRESTO ARCO,985,3.5,8.01535E+12,5
107575080,MOLLA PERNO ARR. ARCO,985,0.7,8.01535E+12,5
107575090,MOLLA PERNO ARR. ARCO,985,0.7,8.01535E+12,3
107575160,SPINTORE X 28550.66/67,985,9.82,8.01535E+12,3
107575180,SPINTORE X 28550.84/85,985,13.41,8.01535E+12,3
107576010,SFERA D.5 X 28550,985,6.31,8.01535E+12,10
107580010,GRUPPO ESTENSIONE FRIZ L=10,978,121.59,8.01535E+12,20
107580020,GRUPPO ESTENSIONE FRIZ L=20,978,135.06,8.01535E+12,20
107580030,GRUPPO ESTENSIONE FRIZ L=30,978,74.28,8.01535E+12,10
107580050,GRUPPO ESTENSIONE FRIZ L=5,978,162.09,8.01535E+12,30
107580060,GRUPPO ESTENSIONE POM L=10,978,114.63,8.01535E+12,20
107580070,GRUPPO ESTENSIONE POM L=20,978,131,8.01535E+12,20
107580080,GRUPPO ESTENSIONE POM L=30,978,81.89,8.01535E+12,10
107580100,VITE PER GRUPPO ESTENSIONE L=5,978,55.64,8.01535E+12,50
107580110,VITE PER GRUPPO ESTENSIONE L=10,978,98.21,8.01535E+12,100
10758011A,VITE PER GRUPPO ESTENSIONE L=10,978,55.64,8.01535E+12,50
10758011B,VITE PER GRUPPO ESTENSIONE L=15,978,55.64,8.01535E+12,50
107580120,VITE PER GRUPPO ESTENSIONE L=20,978,114.63,8.01535E+12,100
10758012A,VITE PER GRUPPO ESTENSIONE L=20,978,55.64,8.01535E+12,50
10758012B,VITE PER GRUPPO ESTENSIONE L=25,978,55.64,8.01535E+12,50
107580130,VITE PER GRUPPO ESTENSIONE L=30,978,131,8.01535E+12,100
10758013A,VITE PER GRUPPO ESTENSIONE L=30,978,55.64,8.01535E+12,50
10758013B,VITE PER GRUPPO ESTENSIONE L=35,978,55.64,8.01535E+12,50
107580140,VITE PER GRUPPO ESTENSIONE L=40,978,73.66,8.01535E+12,50
10758014A,VITE PER GRUPPO ESTENSIONE L=40,978,41.75,8.01535E+12,25
10758014B,VITE PER GRUPPO ESTENSIONE L=45,978,41.75,8.01535E+12,25
107580150,VITE PER GRUPPO ESTENSIONE L=50,978,81.89,8.01535E+12,50
10758015A,VITE PER GRUPPO ESTENSIONE L=50,978,41.75,8.01535E+12,25
10758015B,VITE PER GRUPPO ESTENSIONE L=55,978,41.75,8.01535E+12,25
107580160,VITE PER GRUPPO ESTENSIONE L=60,978,47.7,8.01535E+12,20
10758016A,VITE PER GRUPPO ESTENSIONE L=60,978,25.06,8.01535E+12,10
10758016B,VITE PER GRUPPO ESTENSIONE L=65,978,25.06,8.01535E+12,10
107580170,VITE PER GRUPPO ESTENSIONE L=70,978,55.62,8.01535E+12,20
10758017A,VITE PER GRUPPO ESTENSIONE L=70,978,25.06,8.01535E+12,10
107580200,SPINA PER GRUPPO SIGILLO,978,131,8.01535E+12,500
107580210,GRUPPO ESTENSIONE RS3 L=05,978,196.5,8.01535E+12,20
107580220,GRUPPO ESTENSIONE RS3 L=10,978,229.22,8.01535E+12,20
107580230,GRUPPO ESTENSIONE RS3 L=20,978,131,8.01535E+12,10
107580240,GRUPPO ESTENSIONE RS3 L=30,978,147.37,8.01535E+12,10
107580290,ING.X CIL.CHIAVE VERTICALE,977,41.52,8.01535E+12,100
107580300,INGEGNO FRIZIONATO,978,40.93,8.01535E+12,100
107580310,INNESTO FRIZIONATO 30-30,978,121.59,8.01535E+12,50
107580320,INNESTO FRIZIONATO 30-35,978,196.5,8.01535E+12,50
10758032A,INNESTO FRIZIONATO 30-35,978,128.32,8.01535E+12,50
107580330,INNESTO FRIZIONATO 35-35,978,212.87,8.01535E+12,50
10758033A,INNESTO FRIZIONATO 35-35,978,128.32,8.01535E+12,50
107580340,INNESTO FRIZ. X0-X0,977,123.35,8.01535E+12,50
107580350,PROLUNGA LATO 35 MM,978,19.64,8.01535E+12,100
107580360,INNESTO FRIZ. X0-X5,977,86.89,8.01535E+12,1
107580370,INNESTO FRIZ. X5-X5,977,60.15,8.01535E+12,1
107580400,INGEGNO POMOLO,978,40.93,8.01535E+12,100
107580410,INNESTO POMOLO 30,978,180.12,8.01535E+12,50
107580420,INNESTO POMOLO 35,978,196.5,8.01535E+12,50
107580450,MODULO POM.AP3 30 MM,978,127.16,8.01535E+12,5
107580460,MODULO POM.AP3 35 MM,978,130.38,8.01535E+12,5
10758047012,MODULO POM.AP4 30 MM,978,125.9,8.01535E+12,5
10758048012,MODULO POM.RAS AP4 30MM,978,125.9,8.01535E+12,5
10758048066,MODULO POM RAS AP4 30MM,978,125.9,8.01535E+12,5
107580500,INGEGNO RS3 MODULO,978,32.72,8.01535E+12,50
107580510,INNESTO RS3 FRIZ 30-30,978,131,8.01535E+12,25
107580520,INNESTO RS3 FRIZ 30-35,978,139.16,8.01535E+12,25
107580530,INNESTO RS3 FRIZ 35-35,978,147.37,8.01535E+12,25
107580550,MODULO POM.RS3 30 MM,978,151.04,8.01535E+12,5
10758056012,MODULO POM.RS5/RX,977,167.1,8.01535E+12,1
10758057012,MODULO POM.RASABILE RS5/RX,977,178.23,8.01535E+12,1
10758058012,KIT MODULO POMOLO TEKNO INOVATE N,3713,95.28,8.01535E+12,1
10758058066,KIT MODULO POMOLO TEKNO INOVATE L,3713,95.28,0,1
10758059012,KIT MODULO POMOLO RASABILE TEKNO INOVATE N,3713,105.58,8.01535E+12,1
10758059066,KIT MODULO POMOLO RASABILE TEKNO INOVATE L,3713,105.58,0,1
107580600,KIT ING.MEZZO CIL AP3,978,47.7,8.01535E+12,5
10758060A,KIT ING.MEZZO CIL AP4,978,47.7,8.01535E+12,5
107580610,INNESTO RS3 POMOLO 30,978,139.16,8.01535E+12,50
107580620,INNESTO RS3 POMOLO 35,978,147.37,8.01535E+12,25
107580630,KIT BLOCCO LATO CHIAVE RS5/RX,977,38.99,8.01535E+12,1
107580640,KIT BLOCCO LATO POMOLO RS5/RX,977,27.85,8.01535E+12,1
107580650,KIT BLOCCO TEKNO INOVATE,3713,51.5,8.01535E+12,1
107580700,KIT ING.MEZZO CIL RS3,978,57.2,8.01535E+12,5
107580710,KIT MEZZO CIL RS5/RX,977,72.41,8.01535E+12,1
107580720,KIT MEZZO CIL 35/10 RS5/RX,977,31.19,8.01535E+12,1
107580750,KIT ESTENSIONE RS5/RX L=05,977,297.42,8.01535E+12,1
107580760,KIT ESTENSIONE RS5/RX L=10,977,231.7,8.01535E+12,1
107580770,KIT ESTENSIONE RS5/RX L=20,977,298.54,8.01535E+12,1
107580780,KIT ESTENSIONE RS5/RX L=30,977,182.69,8.01535E+12,1
107580800,CONFEZIONE GIUNTO X RS5/RX,977,111.39,8.01535E+12,1
107580810,CONF.VITE L=30 MM RS5/RX,977,44.56,8.01535E+12,1
107580820,CONF.VITE L=35 MM RS5/RX,977,26.74,8.01535E+12,1
107580830,CONF.VITE L=40 MM RS5/RX,977,26.74,8.01535E+12,1
107580840,CONF.VITE L=45 MM RS5/RX,977,26.74,8.01535E+12,1
107580850,CONF.VITE L=50 MM RS5/RX,977,26.74,8.01535E+12,1
107580860,CONF.VITI L=55+60 MM RS5/RX,977,33.42,8.01535E+12,1
107580870,CONF.VITI L=65+70 MM RS5/RX,977,16.71,8.01535E+12,1
107580880,CONF.VITI L=75+80 MM RS5/RX,977,16.71,8.01535E+12,1
107580890,CONF.VITI L=85+90 MM RS5/RX,977,10.02,8.01535E+12,1
107580900,CONF.VITI L=95+100 MM RS5/RX,977,10.02,8.01535E+12,1
107580910,CONF.VITI L=100-120 MM,977,22.28,8.01535E+12,1
107582100,GIUNTO MEZZO CIL. 30-10,978,60.79,8.01535E+12,5
107582110,GIUNTO MEZZO CIL. 35-10,978,63.49,8.01535E+12,5
107582120,GIUNTO MEZZO CIL. 40-10,978,66.19,8.01535E+12,5
107582130,GIUNTO MEZZO CIL. 45-10,978,68.88,8.01535E+12,5
107582140,GIUNTO MEZZO CIL. 50-10,978,71.59,8.01535E+12,5
107582160,GIUNTO MEZZO CIL. 60-10,978,29.05,8.01535E+12,2
107582170,GIUNTO MEZZO CIL. 65-10,978,31.06,8.01535E+12,2
107582180,GIUNTO MEZZO CIL. 70-10,978,33.09,8.01535E+12,2
107582200,GIUNTO MEZZO CIL. 80-10,978,35.11,8.01535E+12,2
107582230,GIUNTO MEZZO CIL. 95-10,978,37.13,8.01535E+12,2
107582300,GRUPPO SIGILLO PER 30-30,978,135.06,8.01535E+12,5
107582310,GRUPPO SIGILLO PER 30-35,978,141.83,8.01535E+12,5
107582320,GRUPPO SIGILLO PER 30-40,978,148.58,8.01535E+12,5
107582330,GRUPPO SIGILLO PER 30-45,978,155.33,8.01535E+12,5
107582340,GRUPPO SIGILLO PER 30-50,978,162.09,8.01535E+12,5
107582350,GRUPPO SIGILLO PER 30-55,978,168.84,8.01535E+12,5
107582360,GRUPPO SIGILLO PER 30-60,978,74.28,8.01535E+12,2
107582370,GRUPPO SIGILLO PER 30-65,978,81.04,8.01535E+12,2
107582380,GRUPPO SIGILLO PER 30-70,978,87.8,8.01535E+12,2
107582390,GRUPPO SIGILLO PER 30-75,978,47.95,8.01535E+12,1
107582400,GRUPPO SIGILLO PER 30-80,978,52,8.01535E+12,1
107582410,GRUPPO SIGILLO PER 30-85,978,56.04,8.01535E+12,1
107582420,GRUPPO SIGILLO PER 30-90,978,60.12,8.01535E+12,1
107582440,GRUPPO SIGILLO PER 30-100,978,64.17,8.01535E+12,1
107582460,GRUPPO SIGILLO PER 35-35,978,148.58,8.01535E+12,5
107582470,GRUPPO SIGILLO PER 35-40,978,155.33,8.01535E+12,5
107582480,GRUPPO SIGILLO PER 35-45,978,162.09,8.01535E+12,5
107582490,GRUPPO SIGILLO PER 35-50,978,168.84,8.01535E+12,5
107582500,GRUPPO SIGILLO PER 35-55,978,74.28,8.01535E+12,2
107582510,GRUPPO SIGILLO PER 35-60,978,81.04,8.01535E+12,2
107582520,GRUPPO SIGILLO PER 35-65,978,87.8,8.01535E+12,2
107582530,GRUPPO SIGILLO PER 35-70,978,47.95,8.01535E+12,1
107582540,GRUPPO SIGILLO PER 35-75,978,52,8.01535E+12,1
107582550,GRUPPO SIGILLO PER 35-80,978,56.04,8.01535E+12,1
107582560,GRUPPO SIGILLO PER 40-40,978,162.09,8.01535E+12,5
107582570,GRUPPO SIGILLO PER 40-45,978,168.84,8.01535E+12,5
107582580,GRUPPO SIGILLO PER 40-50,978,74.28,8.01535E+12,2
107582590,GRUPPO SIGILLO PER 40-55,978,81.04,8.01535E+12,2
107582600,GRUPPO SIGILLO PER 40-60,978,87.8,8.01535E+12,2
107582610,GRUPPO SIGILLO PER 40-65,978,47.95,8.01535E+12,1
107582620,GRUPPO SIGILLO PER 40-70,978,52,8.01535E+12,1
107582630,GRUPPO SIGILLO PER 40-75,978,56.04,8.01535E+12,1
107582640,GRUPPO SIGILLO PER 40-80,978,60.12,8.01535E+12,1
107582660,GRUPPO SIGILLO PER 45-45,978,74.28,8.01535E+12,2
107582670,GRUPPO SIGILLO PER 45-50,978,81.04,8.01535E+12,2
107582680,GRUPPO SIGILLO PER 45-55,978,87.8,8.01535E+12,2
107582690,GRUPPO SIGILLO PER 45-60,978,47.95,8.01535E+12,1
107582710,GRUPPO SIGILLO PER 45-70,978,52,8.01535E+12,1
107582720,GRUPPO SIGILLO PER 45-75,978,56.04,8.01535E+12,1
107582760,GRUPPO SIGILLO PER 50-50,978,87.8,8.01535E+12,2
107582770,GRUPPO SIGILLO PER 50-55,978,47.95,8.01535E+12,1
107582780,GRUPPO SIGILLO PER 50-60,978,52,8.01535E+12,1
107582790,GRUPPO SIGILLO PER 50-65,978,56.04,8.01535E+12,1
107582800,GRUPPO SIGILLO PER 50-70,978,60.12,8.01535E+12,1
107582820,GRUPPO SIGILLO PER 50-80,978,68.22,8.01535E+12,1
107582860,GRUPPO SIGILLO PER 55-55,978,52,8.01535E+12,1
107582870,GRUPPO SIGILLO PER 55-60,978,56.04,8.01535E+12,1
107582880,GRUPPO SIGILLO PER 55-65,978,60.12,8.01535E+12,1
107582950,GRUPPO SIGILLO PER 60-60,978,60.12,8.01535E+12,1
107583030,KIT RICAMBIO ONE KEY ROSSO FUOCO,980,14.62,8.01535E+12,30
107583040,KIT RICAMBIO ONE KEY BLU SEGNALE,980,14.62,8.01535E+12,30
107583050,KIT RICAMBIO ONE KEY NERO OPACO,980,14.62,8.01535E+12,30
107583060,KIT RICAMBIO ONE KEY ROSSO TRAFFICO,980,14.62,8.01535E+12,30
107583070,KIT RICAMBIO ONE KEY ROSSO MAGENTA,980,14.62,8.01535E+12,30
107583080,KIT RICAMBIO ONE KEY BLU TRAFFICO,980,14.62,8.01535E+12,30
107583090,KIT RICAMBIO ONE KEY VERDE GIALLO,980,14.62,8.01535E+12,30
107583100,KIT RICAMBIO ONE KEY GIALLO ZOLFO,980,14.62,8.01535E+12,30
107583110,KIT RICAMBIO ONE KEY ARANCIO LUCENTE,980,14.62,8.01535E+12,30
107583120,KIT RICAMBIO ONE KEY VIOLA ERICA,980,14.62,8.01535E+12,30
107583130,KIT RICAMBIO ONE KEY BLU LUCE,980,14.62,8.01535E+12,30
107583140,KIT RICAMBIO ONE KEY VERDE GIALLASTRO,980,14.62,8.01535E+12,30
107583150,KIT RICAMBIO ONE KEY VERDE OPALE,980,14.62,8.01535E+12,30
107583160,KIT RICAMBIO ONE KEY GIALLO SEGNALE,980,14.62,8.01535E+12,30
107583170,KIT RICAMBIO ONE KEY ARANCIO PURO,980,14.62,8.01535E+12,30
107583180,KIT RICAMBIO ONE KEY NERO TRASPARENTE,980,14.62,8.01535E+12,30
107584100,ARCO X SERIE 28050.57,985,19.52,8.01535E+12,1
107585180,GRUPPO LUCCHETTO ARCO ACCIAIO 28050 56  BRICARD,985,44.21,8.01535E+12,20
107586040,PIASTRINO 28050.55/56/57,985,22.07,8.01535E+12,3
107586050,PIASTRINO 28050.70/71/72,985,24.01,8.01535E+12,3
107586061,PIASTRINO X 28050 SP/TSP,985,22.07,8.01535E+12,3
107586080,PIASTRINO PROT.CIL.ASTRAL,985,22.07,8.01535E+12,3
107586090,PIASTRINO PROT.CIL.ASTRAL,985,24.01,8.01535E+12,3
107586100,PIASTRINO PROT.CIL. RS3,985,24.01,8.01535E+12,3
107589020,PIASTRINO X 28550,985,24.01,8.01535E+12,3
107589031,PIASTRINO X 28550 SP/TSP,985,24.01,8.01535E+12,3
107589040,PIASTRINO PROT.CIL.ASTRAL,985,24.01,8.01535E+12,3
107589050,PIASTRINO PROT.CIL. RS3,985,24.01,8.01535E+12,3
107590010,GRUPPO NOTTOLINO,983,78.32,8.01535E+12,6
107590050,GRUPPO NOTTOLINO,983,107.72,8.01535E+12,6
107590120,GRUPPO NOTTOLINO,983,72.42,8.01535E+12,6
107590150,GRUPPO NOTTOLINO,983,72.42,8.01535E+12,6
107590180,GRUPPO NOTTOLINO,983,96.07,8.01535E+12,6
107590210,GRUPPO NOTTOLINO,983,78.32,8.01535E+12,6
107590230,GRUPPO NOTTOLINO,981,71.83,8.01535E+12,6
107590240,GRUPPO NOTTOLINO,983,99.09,8.01535E+12,6
107590250,GRUPPO NOTTOLINO,983,99.09,8.01535E+12,6
107590260,GRUPPO NOTTOLINO,983,99.09,8.01535E+12,6
107590270,GRUPPO NOTTOLINO,983,99.09,8.01535E+12,6
107590280,GRUPPO NOTTOLINO,983,99.09,8.01535E+12,6
107590290,GRUPPO NOTTOLINI D.M.,983,125.46,8.01535E+12,6
107590300,GRUPPO NOTTOLINI,983,102.91,8.01535E+12,6
107590350,GRUPPO NOTTOLINO,983,173.07,8.01535E+12,6
107590360,GRUPPO NOTTOLINO,983,173.07,8.01535E+12,6
107590370,GRUPPO NOTTOLINO,983,173.07,8.01535E+12,6
107590380,GRUPPO NOTTOLINO,983,173.07,8.01535E+12,6
107590450,GRUPPO NOTTOLINO,983,78.32,8.01535E+12,6
107591010,GRUPPO NOTTOLINI,983,78.32,8.01535E+12,6
107591050,GRUPPO NOTTOLINI,983,107.72,8.01535E+12,6
107591120,GRUPPO NOTTOLINI,983,72.42,8.01535E+12,6
107591150,GRUPPO NOTTOLINI,983,72.42,8.01535E+12,6
107591210,GRUPPO NOTTOLINI,983,78.32,8.01535E+12,6
107591290,GRUPPO NOTTOLINI,983,113.42,8.01535E+12,6
107591390,GRUPPO NOTTOLINI,983,125.46,8.01535E+12,6
107A07200,BARRA DIAMANTATA 900 MM R,887,12.36,8.01535E+12,1
107A0720044,BARRA DIAMANTATA 900 MM N,887,12.36,8.01535E+12,1
107A0720045,BARRA DIAMANTATA 900 MM B,887,12.36,8.01535E+12,1
107A0720097,BARRA DIAMANTATA 900 MM G,887,12.36,8.01535E+12,1
107A07200C2,BARRA DIAMANTATA 900 MM ANODINOX,887,52.28,8.01535E+12,1
107A07200P1,BARRA DIAMANTATA 900 MM SS,887,12.36,8.01535E+12,1
107A07200S1,BARRA DIAMANTATA 900 MM AS,887,32.32,8.01535E+12,1
107A07220,BARRA DIAMANTATA 1200 MM R,887,16.51,8.01535E+12,1
107A0722000CF,BARRA DIAMANTATA 1200 MM R,887,14.85,8.01535E+12,6
107A0722044,BARRA DIAMANTATA 1200 MM N,887,16.51,8.01535E+12,1
107A0722045,BARRA DIAMANTATA 1200 MM B,887,16.51,8.01535E+12,1
107A0722097,BARRA DIAMANTATA 1200 MM G,887,16.51,8.01535E+12,1
107A0722097CF,BARRA DIAMANTATA 1200 MM G,887,14.85,8.01535E+12,6
107A07220C2,BARRA DIAMANTATA 1200 MM ANODINOX,887,83.15,8.01535E+12,1
107A07220P1,BARRA DIAMANTATA 1200 MM SS,887,16.51,8.01535E+12,1
107A07220S1,BARRA DIAMANTATA 1200 MM AS,887,49.85,8.01535E+12,1
107A07250,BARRA DIAMANTATA 1500 MM R,887,25.2,8.01535E+12,1
107A0725043,BARRA DIAMANTATA 1500 MM V,887,25.2,8.01535E+12,1
107A0725044,BARRA DIAMANTATA 1500 MM N,887,25.2,8.01535E+12,1
107A0725045,BARRA DIAMANTATA 1500 MM B,887,25.2,8.01535E+12,1
107A0725097,BARRA DIAMANTATA 1500 MM G,887,25.2,8.01535E+12,1
107A07250C2,BARRA DIAMANTATA 1500 MM ANODINOX,887,125.95,8.01535E+12,1
107A07250P1,BARRA DIAMANTATA 1500 MM SS,887,25.2,8.01535E+12,1
107A07250S1,BARRA DIAMANTATA 1500 MM AS,887,75.6,8.01535E+12,1
107A30400,CAVO ALIMENTAZIONE MOTORE CISA PER ALPHA 4M,898,35.8,8.01535E+12,1
107A30420,CAVO ALIMENTAZIONE MOTORE CISA PER ALPHA 10M,898,107.6,8.01535E+12,1
107A630A0,ASTA E CARTER COPRIASTA N,080A,28.79,8.01535E+12,1
107A630A000CF,ASTA E CARTER COPRIASTA N,080A,25.91,8.01535E+12,6
107A630A045,ASTA E CARTER COPRIASTA B,080A,28.79,8.01535E+12,1
107A630A097,ASTA E CARTER COPRIASTA G,080A,28.79,8.01535E+12,1
107A630A097CF,ASTA E CARTER COPRIASTA G,080A,25.91,8.01535E+12,6
107A630A0C2,ASTA E CARTER COPRIASTA PVD,080A,95.53,8.01535E+12,1
107A630A0P1,ASTA E CARTER COPRIASTA SS,080A,28.79,8.01535E+12,1
107A630A0S1,ASTA E CARTER COPRIASTA AS,080A,62.16,8.01535E+12,1
107A630C0,CAVO E CARTER COPRICAVO N,080A,28.79,8.01535E+12,1
107A630C000CF,CAVO E CARTER COPRICAVO N,080A,25.91,8.01535E+12,6
107A630C045,CAVO E CARTER COPRICAVO B,080A,28.79,8.01535E+12,1
107A630C097,CAVO E CARTER COPRICAVO G,080A,28.79,8.01535E+12,1
107A630C097CF,CAVO E CARTER COPRICAVO G,080A,25.91,8.01535E+12,6
107A630C0C2,CAVO E CARTER COPRICAVO PVD,080A,95.53,8.01535E+12,1
107A630C0P1,CAVO E CARTER COPRICAVO SS,080A,28.79,8.01535E+12,1
107A630C0S1,CAVO E CARTER COPRICAVO AS,080A,62.16,8.01535E+12,1
107A63260,1 PUNTO CHIUSURA LATERALE N,080A,48.47,8.01535E+12,1
107A63510,CHIUSURE LATERALI N,080A,85.81,8.01535E+12,1
107A635100000FR,CHIUSURE LATERALI - FR KIT COMPLETO ASTA N,080A,110.52,8.01535E+12,1
107A6351000CF,CHIUSURE LATERALI N,080A,66.47,8.01535E+12,6
107A6351045,CHIUSURE LATERALI B,080A,85.81,8.01535E+12,1
107A6351097,CHIUSURE LATERALI G,080A,85.81,8.01535E+12,1
107A635109700FR,CHIUSURE LATERALI - FR KIT COMPLETO ASTA G,080A,110.52,8.01535E+12,1
107A6351097CF,CHIUSURE LATERALI G,080A,66.47,8.01535E+12,6
107A63510C2,CHIUSURE LATERALI PVD,080A,286.78,8.01535E+12,1
107A63510P1,CHIUSURE LATERALI SS,080A,85.81,8.01535E+12,1
107A63510S1,CHIUSURE LATERALI AS,080A,186.3,8.01535E+12,1
107A635200000FR,Chiusure laterali - FR KIT COMPLETO CAVO N,080A,110.52,8.01535E+12,
107A63610,CHIUSURE ALTO/BASSO (A/B) N,080A,85.81,8.01535E+12,1
107A636100000FR,CHIUSURE ALTO/BASSO - FR KIT COMPLETO ASTA N,080A,110.52,8.01535E+12,1
107A6361000CF,CHIUSURE ALTO/BASSO (A/B) N,080A,66.47,8.01535E+12,6
107A6361045,CHIUSURE ALTO/BASSO (A/B) B,080A,85.81,8.01535E+12,1
107A6361097,CHIUSURE ALTO/BASSO (A/B) G,080A,85.81,8.01535E+12,1
107A636109700FR,CHIUSURE ALTO/BASSO - FR KIT COMPLETO ASTA G,080A,110.52,8.01535E+12,1
107A6361097CF,CHIUSURE ALTO/BASSO (A/B) G,080A,66.47,8.01535E+12,6
107A63610C2,CHIUSURE ALTO/BASSO (A/B) PVD,080A,286.78,8.01535E+12,1
107A63610C200FR,CHIUSURE ALTO/BASSO - FR KIT COMPLETO ASTA PVD,080A,300.51,8.01535E+12,1
107A63610P1,CHIUSURE ALTO/BASSO (A/B) SS,080A,85.81,8.01535E+12,1
107A63610S1,CHIUSURE ALTO/BASSO (A/B) AS,080A,186.3,8.01535E+12,1
107A636200000FR,Chiusure alto/basso - FR KIT COMPLETO CAVO N,080A,110.52,8.01535E+12,
107A64510,KIT PROLUNGA CAVO N,080K,34.17,8.01535E+12,1
107A6451045,KIT PROLUNGA CAVO B,080K,34.17,8.01535E+12,1
107A6451097,KIT PROLUNGA CAVO G,080K,34.17,8.01535E+12,1
107A64510C2,KIT PROLUNGA CAVO PVD,080K,88.21,8.01535E+12,1
107A64510P1,KIT PROLUNGA CAVO SS,080K,34.17,8.01535E+12,1
107A64510S1,KIT PROLUNGA CAVO AS,080K,72.73,8.01535E+12,1
107A64710,KIT PROLUNGA ASTA N,080K,34.17,8.01535E+12,1
107A6471045,KIT PROLUNGA ASTA B,080K,34.17,8.01535E+12,1
107A6471097,KIT PROLUNGA ASTA G,080K,34.17,8.01535E+12,1
107A64710C2,KIT PROLUNGA ASTA PVD,080K,88.21,8.01535E+12,1
107A64710P1,KIT PROLUNGA ASTA SS,080K,34.17,8.01535E+12,1
107A64710S1,KIT PROLUNGA ASTA AS,080K,72.73,8.01535E+12,1
107A64800,KIT COMANDO PORTE MAGGIORATE,080K,10.42,8.01535E+12,1
107A65500,FERMO A GIORNO TOUCH N,898,16.46,8.01535E+12,1
107A6550045,FERMO A GIORNO TOUCH B,898,16.46,8.01535E+12,1
107A6550097,FERMO A GIORNO TOUCH G,898,16.46,8.01535E+12,1
107A65500C2,FERMO A GIORNO TOUCH PVD,898,38.8,8.01535E+12,1
107A65500P1,FERMO A GIORNO TOUCH SS,898,16.46,8.01535E+12,1
107A65500S1,FERMO A GIORNO TOUCH AS,898,27.63,8.01535E+12,1
107A65510,FERMO A GIORNO PUSH N,898,16.46,8.01535E+12,1
107A6551045,FERMO A GIORNO PUSH B,898,16.46,8.01535E+12,1
107A6551097,FERMO A GIORNO PUSH G,898,16.46,8.01535E+12,1
107A65510C2,FERMO A GIORNO PUSH PVD,898,38.8,8.01535E+12,1
107A65510P1,FERMO A GIORNO PUSH SS,898,16.46,8.01535E+12,1
107A65510S1,FERMO A GIORNO PUSH AS,898,27.63,8.01535E+12,1
107A76610,PLACCA DI COPERTURA INFILARE INT.72 N,898,13.02,8.01535E+12,1
107A7661045,PLACCA DI COPERTURA INFILARE INT.72 B,898,13.02,8.01535E+12,1
107A7661097,PLACCA DI COPERTURA INFILARE INT.72 G,898,13.02,8.01535E+12,1
107A76610C2,PLACCA DI COPERTURA INFILARE INT.72 PVD,898,33.73,8.01535E+12,1
107A76610P1,PLACCA DI COPERTURA INFILARE INT.72 SS,898,13.02,8.01535E+12,1
107A76610S1,PLACCA DI COPERTURA INFILARE INT.72 AS,898,22.22,8.01535E+12,1
107A76620,PLACCA DI COPERTURA INFILARE INT.85 N,898,13.02,8.01535E+12,1
107A7662045,PLACCA DI COPERTURA INFILARE INT.85 B,898,13.02,8.01535E+12,1
107A7662097,PLACCA DI COPERTURA INFILARE INT.85 G,898,13.02,8.01535E+12,1
107A76620C2,PLACCA DI COPERTURA INFILARE INT.85 PVD,898,33.73,8.01535E+12,1
107A76630,PLACCA DI COPERTURA INFILARE INT.92 N,898,13.02,8.01535E+12,1
107A7663045,PLACCA DI COPERTURA INFILARE INT.92 B,898,13.02,8.01535E+12,1
107A7663097,PLACCA DI COPERTURA INFILARE INT.92 G,898,13.02,8.01535E+12,1
107A76630C2,PLACCA DI COPERTURA INFILARE INT.92 PVD,898,33.73,8.01535E+12,1
107A76630P1,PLACCA DI COPERTURA INFILARE INT.92 SS,898,13.02,8.01535E+12,1
107A76630S1,PLACCA DI COPERTURA INFILARE INT.92 AS,898,22.22,8.01535E+12,1
107A76660,PLACCA DI COPERTURA INFILARE CIECA INT.72 N,898,10.71,8.01535E+12,1
107A7666045,PLACCA DI COPERTURA INFILARE CIECA INT.72 B,898,10.71,8.01535E+12,1
107A7666097,PLACCA DI COPERTURA INFILARE CIECA INT.72 G,898,10.71,8.01535E+12,1
107A76660C2,PLACCA DI COPERTURA INFILARE CIECA INT.72 PVD,898,33.73,8.01535E+12,1
107A76660P1,PLACCA DI COPERTURA INFILARE CIECA INT.72 SS,898,10.71,8.01535E+12,1
107A76660S1,PLACCA DI COPERTURA INFILARE CIECA INT.72 AS,898,22.22,8.01535E+12,1
107A78350,POMOLO FISSO 3P CREMAGLIERA N,888,46.57,8.01535E+12,1
107A7835045,POMOLO FISSO 3P CREMAGLIERA B,888,46.57,8.01535E+12,1
107A7835097,POMOLO FISSO 3P CREMAGLIERA G,888,46.57,8.01535E+12,1
107A78350C2,POMOLO FISSO 3P CREMAGLIERA PVD,888,156.48,8.01535E+12,1
107A78350P1,POMOLO FISSO 3P CREMAGLIERA SS,888,46.57,8.01535E+12,1
107A78350S1,POMOLO FISSO 3P CREMAGLIERA AS,888,101.52,8.01535E+12,1
107A78360,MANIGLIA LEVA RIBASSATA N,888,55.25,8.01535E+12,1
107A7836097,MANIGLIA LEVA RIBASSATA G,888,55.25,8.01535E+12,1
107A78360C2,MANIGLIA LEVA RIBASSATA PVD,888,172.04,8.01535E+12,1
107A78380,MANIGLIA LEVA E CILINDRO N,888,55.25,8.01535E+12,1
107A7838000CF,MANIGLIA LEVA E CILINDRO N,888,49.72,8.01535E+12,6
107A7838000SH,MANIGLIA LEVA SENZA CILINDRO N,888,47.53,8.01535E+12,10
107A7838045,MANIGLIA LEVA E CILINDRO B,888,55.25,8.01535E+12,10
107A7838097,MANIGLIA LEVA E CILINDRO G,888,55.25,8.01535E+12,10
107A7838097CF,MANIGLIA LEVA E CILINDRO G,888,49.72,8.01535E+12,6
107A7838097SH,MANIGLIA LEVA SENZA CILINDRO G,888,47.53,8.01535E+12,10
107A78380C2,MANIGLIA LEVA E CILINDRO PVD,888,172.04,8.01535E+12,1
107A78380C2SH,MANIGLIA LEVA SENZA CILINDRO PVD,888,163.77,8.01535E+12,1
107A78380P1,MANIGLIA LEVA E CILINDRO SS,888,55.25,8.01535E+12,1
107A78380S1,MANIGLIA LEVA E CILINDRO AS,888,75.28,8.01535E+12,1
107A78380S1SH,MANIGLIA LEVA SENZA CILINDRO AS,888,67.56,8.01535E+12,1
107A83050,INCONTRO ELETTRICO 12V AC SENZA ANTIRIPETITORE,897,236.9,8.01535E+12,1
107A83060,INCONTRO ELETTRICO 12V DC SENZA ANTIRIPETITORE,897,236.9,8.01535E+12,1
107A83070,INCONTRO ELETTRICO 24V DC SENZA ANTIRIPETITORE,897,236.9,8.01535E+12,1
107A83400,INCONTRO ELETTRICO 12V DC CON BOBINA SOTTOTENSIONE,897,324.45,8.01535E+12,1
107A83410,INCONTRO ELETTRICO 24V DC CON BOBINA SOTTOTENSIONE,897,324.45,8.01535E+12,1
107A83800,INCONTRO ELETTRICO 12V AC CON MICROINTERRUTTORE,897,376.98,8.01535E+12,1
107A83810,INCONTRO ELETTRICO 12V DC CON MICROINTERRUTTORE,897,376.98,8.01535E+12,1
107A83820,INCONTRO ELETTRICO 24V DC CON MICROINTERRUTTORE,897,376.98,8.01535E+12,1
107A83900,INCONTRO ELETTRICO 12V AC CON ANTIRIPETITORE,897,255.44,8.01535E+12,1
107A89120,KIT SPESSORI INCONTRO N (5PZ),897,3.09,8.01535E+12,1
107A8912045,KIT SPESSORI INCONTRO B (5PZ),897,3.09,8.01535E+12,1
107A8912097,KIT SPESSORI INCONTRO G (5PZ),897,3.09,8.01535E+12,1
107A90010C2,KIT GLASS 1P PVD,080K,162.61,8.01535E+12,1
107A90100C2,KIT GLASS CHIUSURE SUPPLEMENTARI PVD,080K,273.88,8.01535E+12,1
107A91010C2,KIT GLASS BOCCHETTA PVD,080K,79.4,8.01535E+12,1
107A91020C2,KIT GLASS BOCCHETTA SCROCCO ALTO PVD,080K,79.4,8.01535E+12,1
107A91030C2,KIT GLASS BOCCHETTA CATENACCIO ALTO PVD,080K,79.4,8.01535E+12,1
108010040,CIL.INF.LOGO CAMMA CISA,4801,12.01,8.01535E+12,12
10801004012,CIL.INF.LOGO CAMMA CISA,4801,14.66,8.01535E+12,12
108010050,CIL.INF.LOGO CAMMA CISA,4801,12.01,8.01535E+12,12
10801005000PF,CIL DOPPIO LOCKING LINE 54 27/27 3 CH BLISTERATO,4809,14.76,8.01535E+12,1
10801005000UG,CIL.INF.LOGO CAMMA CISA,4801,11.23,8.01535E+12,1
10801005012,CIL.INF.LOGO CAMMA CISA,4801,14.66,8.01535E+12,12
10801005012UG,CIL.INF.LOGO CAMMA CISA,4801,13.74,8.01535E+12,1
108010060,CIL.INF.LOGO CAMMA CISA,4801,12.01,8.01535E+12,12
10801006000PF,CIL DOPPIO LOCKING LINE 60 27/33 3 CH BLISTERATO,4809,14.76,8.01535E+12,1
10801006012,CIL.INF.LOGO CAMMA CISA,4801,14.66,8.01535E+12,12
108010070,CIL.INF.LOCKING LINE,4801,12.01,8.01535E+12,12
10801007000PF,CIL DOPPIO LOCKING LINE 60 30/30 3 CH BLISTERATO,4809,14.76,8.01535E+12,1
10801007000UG,CIL.INF.LOCKING LINE,4801,11.8,8.01535E+12,1
10801007012,CIL.INF.LOGO CAMMA CISA,4801,14.66,8.01535E+12,12
10801007012UG,CIL.INF.LOCKING LINE,4801,14.32,8.01535E+12,1
108010080,CIL.INF.LOGO CAMMA CISA,4801,13.88,8.01535E+12,12
108010090,CIL.INF.LOGO CAMMA CISA,4801,13.88,8.01535E+12,12
10801009012,CIL.INF.LOGO CAMMA CISA,4801,16.58,8.01535E+12,12
108010100,CIL.INF.LOGO CAMMA CISA,4801,13.88,8.01535E+12,12
10801010012,CIL.INF.LOGO CAMMA CISA,4801,16.58,8.01535E+12,12
108010110,CIL.INF.LOGO CAMMA CISA,4801,13.88,8.01535E+12,12
10801011012,CIL.INF.LOGO CAMMA CISA,4801,16.58,8.01535E+12,12
108010120,CIL.INF.LOGO CAMMA CISA,4801,13.88,8.01535E+12,12
10801012012,CIL.INF.LOGO CAMMA CISA,4801,16.58,8.01535E+12,12
108010130,CIL.INF.LOGO CAMMA CISA,4801,13.88,8.01535E+12,12
10801013012,CIL.INF.LOGO CAMMA CISA,4801,16.58,8.01535E+12,12
10801013012UG,CIL.LOGO CONFEZIONE INDUSTRIALE,4801,16.84,8.01535E+12,1
108010160,CIL.INF.LOGO CAMMA CISA,4801,17.03,8.01535E+12,12
10801016012,CIL.INF.LOGO CAMMA CISA,4801,19.72,8.01535E+12,12
108010170,CIL.INF.LOGO CAMMA CISA,4801,17.03,8.01535E+12,12
10801017012,CIL.INF.LOGO CAMMA CISA,4801,19.72,8.01535E+12,12
108010180,CIL.INF.LOGO CAMMA CISA,4801,17.03,8.01535E+12,12
10801018012,CIL.INF.LOGO CAMMA CISA,4801,19.72,8.01535E+12,12
108010190,CIL.INF.LOGO CAMMA CISA,4801,17.03,8.01535E+12,12
10801019012,CIL.INF.LOGO CAMMA CISA,4801,19.72,8.01535E+12,12
108010200,CIL.INF.LOGO CAMMA CISA,4801,19.39,8.01535E+12,12
10801020012,CIL.INF.LOGO CAMMA CISA,4801,22.04,8.01535E+12,12
108010210,CIL.INF.LOGO CAMMA CISA,4801,19.39,8.01535E+12,12
10801021012,CIL.INF.LOGO CAMMA CISA,4801,22.04,8.01535E+12,12
108010220,CIL.INF.LOGO CAMMA CISA,4801,21.85,8.01535E+12,12
10801022012,CIL.INF.LOGO CAMMA CISA,4801,24.41,8.01535E+12,12
108010230,CIL.INF.LOGO,4801,21.85,8.01535E+12,12
10801023012,CIL.INF.LOGO,4801,24.41,8.01535E+12,12
108010240,CILINDRO LOGO,4801,21.85,8.01535E+12,12
10801024012,CILINDRO LOGO,4801,21.85,8.01535E+12,12
108010250,CILINDRO OTTONE,4801,21.85,8.01535E+12,12
10801025012,CILINDRO LOGO,4801,24.41,8.01535E+12,12
108010260,CIL.INF.LOGO CAMMA CISA,4801,13.88,8.01535E+12,12
10801026000PF,CIL DOPPIO LOCKING LINE 65 30/35 3 CH BLISTERATO,4809,16.84,8.01535E+12,1
10801026012,CIL.INF.LOGO CAMMA CISA,4801,16.58,8.01535E+12,12
108010270,CIL.INF.LOGO CAMMA CISA,4801,16.58,8.01535E+12,12
10801027000UG,CIL.LOGO CONFEZIONE INDUSTRIALE,4801,15.57,8.01535E+12,
10801027012,CIL.INF.LOGO CAMMA CISA,4801,19.23,8.01535E+12,12
10801027012UG,CIL.LOGO CONFEZIONE INDUSTRIALE,4801,18.11,8.01535E+12,1
108010280,CIL.INF.LOGO CAMMA CISA,4801,16.58,8.01535E+12,12
10801028012,CIL.INF.LOGO CAMMA CISA,4801,19.23,8.01535E+12,12
108010290,CIL.INF.LOGO,4801,19.39,8.01535E+12,12
10801029012,CIL.INF.LOGO CAMMA CISA,4801,22.04,8.01535E+12,12
108010300,CIL.INF.LOGO CAMMA CISA,4801,19.39,8.01535E+12,12
10801030012,CIL.INF.LOGO CAMMA CISA,4801,22.04,8.01535E+12,12
108010310,CIL.INF.LOGO CAMMA CISA,4801,19.39,8.01535E+12,12
10801031012,CIL.INF.LOGO CAMMA CISA,4801,22.04,8.01535E+12,12
108010320,CIL.INF.LOGO,4801,19.39,8.01535E+12,12
10801032012,CIL.INF.LOGO,4801,22.04,8.01535E+12,12
108010330,CILINDRO SAG. LOGO,4801,19.39,8.01535E+12,12
10801033012,CILINDRO SAG. LOGO,4801,19.39,8.01535E+12,12
108010350,CILINDRO OTTONE,4801,24.65,8.01535E+12,12
10801035012,CILINDRO NICHELATO,4801,27.3,8.01535E+12,12
108010360,CILINDRO OTTONE LOGO,4801,24.65,8.01535E+12,12
10801036012,CILINDRO OTTONE LOGO,4801,27.3,8.01535E+12,12
108010390,CIL.INF.LOGO,4801,21.85,8.01535E+12,12
10801039012,CIL.INF.LOGO,4801,24.41,8.01535E+12,12
108011040,CIL.INF.LOGO CAMMA SPEC.,4801,12.01,8.01535E+12,12
108011050,CIL.INF.LOGO CAMMA SPEC.,4801,12.01,8.01535E+12,12
10801105012,CILINDRO OTTONE,4801,14.66,8.01535E+12,12
108011060,CIL.INF.LOGO CAMMA SPEC.,4801,12.01,8.01535E+12,12
10801106012,CIL.INF.LOGO CAMMA SPEC.,4801,14.66,8.01535E+12,12
108011070,CIL.INF.LOGO CAMMA SPEC.,4801,12.01,8.01535E+12,12
10801107012,CIL.INF.LOGO CAMMA SPEC.,4801,14.66,8.01535E+12,12
108011090,CIL.INF.LOGO CAMMA SPEC.,4801,13.88,8.01535E+12,12
10801109012,CIL.INF.LOGO CAMMA SPEC.,4801,16.58,8.01535E+12,12
108011110,CIL.INF.LOGO CAMMA SPEC.,4801,13.88,8.01535E+12,12
10801111012,CIL.INF.LOGO CAMMA SPEC.,4801,16.58,8.01535E+12,12
108011120,CIL.INF.LOGO CAMMA SPEC.,4801,13.88,8.01535E+12,12
10801112012,CIL.INF.LOGO CAMMA SPEC.,4801,16.58,8.01535E+12,12
108011130,CIL.INF.LOGO CAMMA SPEC.,4801,13.88,8.01535E+12,12
10801113012,CIL.INF.LOGO CAMMA SPEC.,4801,16.58,8.01535E+12,12
108011160,CILINDRO OTTONE LOGO,4801,17.03,8.01535E+12,12
10801116012,CIL.INF.LOGO CAMMA SPEC.,4801,19.68,8.01535E+12,12
108011170,CIL.INF.LOGO CAMMA SPEC.,4801,17.03,8.01535E+12,12
10801117012,CIL.INF.LOGO CAMMA SPEC.,4801,19.72,8.01535E+12,12
108011180,CIL.INF.LOGO CAMMA SPEC.,4801,17.03,8.01535E+12,12
10801118012,CIL.INF.LOGO CAMMA SPEC.,4801,19.72,8.01535E+12,12
108011190,CIL.INF.LOGO CAMMA SPEC.,4801,17.03,8.01535E+12,12
10801119012,CIL.INF.LOGO CAMMA SPEC.,4801,19.72,8.01535E+12,12
108011200,CIL.INF.LOGO CAMMA SPEC.,4801,19.39,8.01535E+12,12
108011230,CIL.INF.LOGO CAMMA SPEC.,4801,21.85,8.01535E+12,12
108011260,CIL.INF.LOGO CAMMA SPEC.,4801,13.88,8.01535E+12,12
10801126012,CIL.INF.LOGO CAMMA SPEC.,4801,16.58,8.01535E+12,12
108011270,CIL.INF.LOGO CAMMA SPEC.,4801,16.58,8.01535E+12,12
108011280,CIL.INF.LOGO CAMMA SPEC.,4801,16.58,8.01535E+12,12
10801128012,CIL.INF.LOGO CAMMA SPEC.,4801,19.23,8.01535E+12,12
108011290,CIL.INF.LOGO CAMMA SPEC.,4801,19.39,8.01535E+12,12
10801129012,CILINDRO OTTONE,4801,22.04,8.01535E+12,12
108011300,CIL.INF.LOGO CAMMA UNIVERSAL,4801,19.39,8.01535E+12,12
108011700,CILINDRO OTTONE,4801,24.65,8.01535E+12,6
108030020,CIL.INF.LOGO CAMMA CISA,4801,10.78,8.01535E+12,12
10803002012,CIL.INF.LOGO CAMMA CISA,4801,12.88,8.01535E+12,12
108030030,CIL.INF.LOGO CAMMA CISA,4801,11.59,8.01535E+12,12
10803003012,CIL.INF.LOGO CAMMA CISA,4801,13.72,8.01535E+12,12
108030040,CILINDRO,4801,12.5,8.01535E+12,6
10803004012,CILINDRO,4801,14.56,8.01535E+12,6
108030180,CILINDRO LOGO,4801,9.98,8.01535E+12,12
10803018012,CILINDRO LOGO,4801,12.05,8.01535E+12,12
10803035000DF,1/2 CILINDRO LOGO,4801,12.54,8.01535E+12,1
108031020,CIL.INF.LOGO CAMMA SPEC.,4801,10.78,8.01535E+12,12
10803102012,CIL.INF.LOGO CAMMA SPEC.,4801,12.88,8.01535E+12,12
108031030,CIL.INF.LOGO CAMMA SPEC.,4801,11.59,8.01535E+12,12
10805007012,CIL.GAMBO POM.CISA LOGO LINE,4801,15.12,8.01535E+12,12
108110020,CILINDRO INF.OVALE LOGO,4802,12.84,8.01535E+12,12
10811002000CC,CILINDRO INF.OVALE LOGO CONF.IND.,4802,10.7,8.01535E+12,12
10811002012,CILINDRO OVALE LOGO,4802,15.9,8.01535E+12,12
108110050,CILINDRO INF.OVALE LOGO,4802,13.8,8.01535E+12,12
10811005000CC,CILINDRO INF.OVALE LOGO CONF.IND.,4802,11.51,8.01535E+12,25
10811005012,CILINDRO INF.OVALE LOGO,4802,16.85,8.01535E+12,12
108110060,CILINDRO INF. OVALE LOGO,4802,13.8,8.01535E+12,12
10811006000CC,CILINDRO INF. OVALE LOGO CONF.IND.,4802,11.51,8.01535E+12,25
10811006012,CILINDRO INF. OVALE LOGO NICHELATO 28X35,4802,16.85,8.01535E+12,12
108110120,CILINDRO INF.OVALE LOGO,4802,15.19,8.01535E+12,12
10811012000CC,CILINDRO INF.OVALE LOGO CONF.IND.,4802,12.66,8.01535E+12,25
10811012012,CILINDRO INF.OVALE LOGO NICHELATO 30X40,4802,18.19,8.01535E+12,12
108210010,CILINDRO INFILARE OVALE,1802,15.2,8.01535E+12,12
1082100100000SX,CILINDRO INFILARE OVALE,1802,19.47,8.01535E+12,12
10821001012,CIL. INF. OVALE NICHELATO,1802,17.29,8.01535E+12,12
108210020,CIL.INF. OVALE,1802,15.2,8.01535E+12,12
1082100200000SX,CIL.INF. OVALE - CON PROF.CHIAVE SX,1802,19.47,8.01535E+12,12
1.0821E+12,CIL.INF. OVALE PONZIO PA30026,1802,15.2,8.01535E+12,12
10821002000CC,CIL.INF. OVALE NO VITE CONF. IND.,1802,9.68,8.01535E+12,25
10821002012,CIL. INFILARE OVALE NICH,1802,17.29,8.01535E+12,12
108210050,CILINDRO INF.OVALE,1802,16.11,8.01535E+12,12
1082100500000SX,CILINDRO OTTONE,1802,20.35,8.01535E+12,12
1.0821E+12,CIL.INF. OVALE PONZIO PA30027,1802,16.11,8.01535E+12,12
10821005012,CIL.INF.OVALE NICHELATO,1802,18.18,8.01535E+12,12
108210060,CILINDRO INF. OVALE,1802,16.11,8.01535E+12,12
1082100600000SX,CILINDRO OTTONE,1802,20.35,8.01535E+12,12
10821006012,CIL.INF. OVALE NICHELATO,1802,18.18,8.01535E+12,12
108210120,CILINDRO  INFILARE OVALE,1802,18.16,8.01535E+12,12
1.0821E+12,CIL.INF. OVALE PONZIO PA30029,1802,18.16,8.01535E+12,12
10821012012,CIL. INF. OVALE NICHELATO,1802,20.22,8.01535E+12,12
108210130,CILINDRO INF. OVALE,1802,18.16,8.01535E+12,12
1082101300000SX,CILINDRO INF. OVALE,1802,22.4,8.01535E+12,12
10821013012,CIL.INF. OVALE NICHELATO,1802,20.22,8.01535E+12,12
108210140,CILINDRO INFILARE OVALE,1802,18.16,8.01535E+12,6
10821014012,CIL. INF. OVALE NICHELATO,1802,20.22,8.01535E+12,6
108210160,CILINDRO INFILARE OVALE,1802,20.13,8.01535E+12,6
10821016012,CILINDRO INFILARE OVALE,1802,22.26,8.01535E+12,6
108210180,CILINDRO INFILARE OVALE,1802,20.13,8.01535E+12,6
10821018012,CIL. INF. OVALE NICHELATO,1802,22.26,8.01535E+12,6
108220020,CIL.INF. OVALE,1802,17.38,8.01535E+12,12
1082200200000SX,CIL.INF. OVALE            - CON PROF.CHIAVE SX,1802,21.63,8.01535E+12,12
10822002012,CIL.INF. OVALE NICH.,1802,18.88,8.01535E+12,12
108230020,CILINDRO OVALE C/POMOLO,1802,30.62,8.01535E+12,12
1082300200000SX,CILINDRO OVALE CON POMOLO,1802,34.87,8.01535E+12,6
10823002012,CILINDRO OVALE C/POMOLO,1802,32.66,8.01535E+12,12
10823002066,CILINDRO OVALE C/POMOLO,1802,34.52,8.01535E+12,12
108230060,CILINDRO OVALE C/POMOLO,1802,32.32,8.01535E+12,6
1082300600000SX,CILINDRO OVALE CON POMOLO,1802,36.59,8.01535E+12,6
10823006012,CILINDRO OVALE C/POMOLO,1802,34.34,8.01535E+12,6
10831007054GQ,CIL.X ARABIA NICHELATO MARC.CISA,4801,23.38,8.01535E+12,
10831010040GQ,CIL. INF. SAG. X ARABIA MARC.CISA,4801,21.12,8.01535E+12,
10831012040GQ,CIL. INF. SAG. X ARABIA MARC.CISA,4801,21.12,8.01535E+12,
10831013000GQ,CIL. X ARABIA (35-35) BRASS LOGO CISA,4801,21.12,8.01535E+12,1
10831013012GQ,CIL. X ARABIA (35-35) NICKEL LOGO CISA,4801,25.2,8.01535E+12,1
10831013040GQ,CIL. INF. SAG. X ARABIA MARC.CISA,4801,21.12,8.01535E+12,
10831013054GQ,CIL. INF. SAG. X ARABIA MARC.CISA,4801,25.2,8.01535E+12,
108359090,MEZZO CILINDRO C/POMOLO,2801,24.4,8.01535E+12,6
10835909000UG,MEZZO CILINDRO C/POMOLO,2801,23.57,8.01535E+12,1
10835909012,MEZZO CILINDRO C/POMOLO,2801,26.13,8.01535E+12,6
108359100,MEZZO CILINDRO C/POMOLO,2801,25.28,8.01535E+12,6
10845309066CP,CIL.INF.POMOLO X HOTEL,6115,73.95,8.01535E+12,6
10845367066,CL. INF. POMOLO X HOTEL,6115,82.87,8.01535E+12,6
108710040,CIL.INF.SAG.ANTITRAPAN.,2814,34.66,8.01535E+12,12
10871004012,CIL.INF.SAG.ANTITRAPAN.,2814,37.41,8.01535E+12,12
108710050,CIL.INF.SAG.ANTITRAPANO,2814,34.66,8.01535E+12,12
10871005012,CIL.INF.SAG.ANTITRAPANO,2814,37.41,8.01535E+12,12
108710060,CIL.INF.SAG.ANTITRAPAN.,2814,36.4,8.01535E+12,12
10871006012,CIL.INF.SAG.ANTITRAPAN.,2814,39.18,8.01535E+12,12
108710070,CIL.INF.SAG.ANTITRAPAN.,2814,36.4,8.01535E+12,12
10871007012,CIL.INF.SAG.ANTITRAPAN.,2814,39.18,8.01535E+12,12
108710080,CIL.INF.SAG.ANTITRAPAN.,2814,37.69,8.01535E+12,12
10871008012,CIL.INF.SAG.ANTITRAPANO,2814,40.54,8.01535E+12,12
108710090,CIL.INF.SAG.ANTITRAPAN.,2814,37.69,8.01535E+12,12
10871009012,CIL.INF.SAG.ANTITRAPAN.,2814,40.54,8.01535E+12,12
108710100,CIL.INF.SAG.ANTITRAPAN.,2814,40.32,8.01535E+12,12
10871010012,CIL.INF.SAG.ANTITRAPANO,2814,43.21,8.01535E+12,12
108710110,CIL.INF.SAG.ANTITRAPAN.,2814,40.32,8.01535E+12,12
10871011012,CIL.INF.SAG.ANTITRAPAN.,2814,43.21,8.01535E+12,12
108710120,CIL.INF.SAG. ANTITRAPANO,2814,40.32,8.01535E+12,12
10871012012,CIL.INF.SAG.ANTITRAPAN.,2814,43.21,8.01535E+12,12
108710130,CIL.INF.SAG.ANTITRAPAN.,2814,40.32,8.01535E+12,12
10871013012,CIL.INF.SAG.ANTITRAPAN.,2814,43.21,8.01535E+12,12
108710140,CIL.INF.SAG.ANTITRAPAN.,2814,48.18,8.01535E+12,6
10871014012,CIL.INF.SAG.ANTITRAPAN.,2814,50.95,8.01535E+12,6
108710150,CIL.INF.SAG.ANTITRAPAN.,2814,48.18,8.01535E+12,6
10871015012,CIL.INF.SAG.ANTITRAPAN.,2814,50.95,8.01535E+12,6
108710160,CIL.INF.SAG.ANTITRAPAN.,2814,50.83,8.01535E+12,6
10871016012,CIL.INF.SAG.ANTITRAPAN.,2814,53.67,8.01535E+12,6
108710170,CIL.INF.SAG.ANTITRAPAN.,2814,50.83,8.01535E+12,6
10871017012,CIL.INF.SAG.ANTITRAPAN.,2814,53.67,8.01535E+12,6
108710180,CIL.INF.SAG.ANTITRAPAN.,2814,50.83,8.01535E+12,6
10871018012,CIL.INF.SAG.ANTITRAPAN.,2814,53.67,8.01535E+12,6
108710190,CIL.INF.SAG.ANTITRAPAN.,2814,50.83,8.01535E+12,6
10871019012,CIL.INF.SAG.ANTITRAPANO,2814,53.67,8.01535E+12,6
108710200,CIL.INF.SAG.ANTITRAPANO,2814,67.96,8.01535E+12,6
10871020012,CIL.INF.SAG.ANTITRAPANO,2814,70.78,8.01535E+12,6
108710210,CILINDRO INFILARE ANTITRAPANO,2814,67.96,8.01535E+12,6
10871021012,CIL.INF.SAG.ANTITRAPANO,2814,70.78,8.01535E+12,6
10871022012,CIL.INF.SAG.ANTITRAPANO,2814,90.6,8.01535E+12,6
108710230,CIL.INF.SAG.ANTITRAPANO,2814,87.78,8.01535E+12,6
10871023012,CIL.INF.SAG.ANTITRAPANO,2814,90.6,8.01535E+12,6
108710240,CIL.INF.SAG.ANTITRAPANO,2814,87.78,8.01535E+12,6
10871024012,CIL.INF.SAG.ANTITRAPAN.,2814,90.6,8.01535E+12,6
108710250,CIL.INF.SAG.ANTITRAPAN.,2814,87.78,8.01535E+12,6
10871025012,CIL.INF.SAG.ANTITRAPAN.,2814,90.6,8.01535E+12,6
108710260,CIL.INF.SAG.ANTITRAPAN.,2814,37.69,8.01535E+12,12
10871026012,CIL.INF.SAG.ANTITRAPANO,2814,40.54,8.01535E+12,12
108710270,CIL.INF.SAG.ANTITRAPAN.,2814,48.18,8.01535E+12,6
10871027012,CIL.INF.SAG.ANTITRAPANO,2814,50.95,8.01535E+12,6
108710280,CIL.INF.SAG.ANTITRAPAN.,2814,48.18,8.01535E+12,6
10871028012,CIL.INF.SAG.ANTITRAPANO,2814,50.95,8.01535E+12,6
10871029012,CIL.INF.SAG.ANTITRAPANO,2814,70.78,8.01535E+12,6
10871030012,CIL.INF.SAG.ANTITRAPANO,2814,55.9,8.01535E+12,6
10871031012,CIL.INF.SAG.ANTITRAPANO,2814,55.9,8.01535E+12,6
10871035012,CIL.INF.SAG.ANTITRAPANO,2814,105.54,8.01535E+12,6
10871036012,CIL.INF.SAG.ANTITRAPAN.,2814,105.54,8.01535E+12,6
108710370,CIL.INF.SAG.ANTITRAPAN.,2814,102.75,8.01535E+12,6
10871037012,CIL.INF.SAG.ANTITRAPAN.,2814,105.54,8.01535E+12,6
10871046012,CIL.INF.SAG.ANTITRAP.,2814,55.9,8.01535E+12,6
108730020,MEZZO CIL.INF.SAG.ANTITR.,2814,35.17,8.01535E+12,12
10873002012,MEZZO CIL.INF.SAG.ANTIT.,2814,37.44,8.01535E+12,12
108730030,MEZZO CIL.INF.SAG.ANTITR.,2814,36.74,8.01535E+12,12
10873003012,MEZZO CIL.INF.SAG.ANTIT.,2814,39.04,8.01535E+12,12
108730040,MEZZO CIL.INF.SAG.ANTITR.,2814,37.01,8.01535E+12,12
10873004012,MEZZO CIL.INF.SAG.ANTIT.,2814,39.27,8.01535E+12,12
108730070,MEZZO CIL.INF.SAG.ANTITR.,2814,36.4,8.01535E+12,12
10873007012,1/2 CIL.INF.SAG.ANTITR.,2814,38.59,8.01535E+12,12
10873009012,MEZZO CIL.INF.SAG.ANTITR.,2814,38.59,8.01535E+12,12
10873010012,MEZZO CIL.INF.SAG.ANTITR.,2814,39.04,8.01535E+12,12
10873011012,MEZZO CIL.INF.SAG.ANTITR.,2814,39.27,8.01535E+12,12
10A112000,COPPIA CIL. CH. P. ANTIT.,2852,84.49,8.01535E+12,6
10A114000,COPPIA CIL. CH.P. ANTIT.,2852,84.49,8.01535E+12,6
10A115000,COPPIA CIL. PER 1A630,2852,84.49,8.01535E+12,6
10A116000,COPPIA CIL. CH.P. ANTIT.,2852,84.49,8.01535E+12,6
10A1160000000C5,COPPIA CIL. CH.P. ANTIT. - CON 5 CHIAVI IN DOTAZ.,2852,95.47,8.01535E+12,6
10A11600012,CIL. CH. PIATTA,2852,86.64,8.01535E+12,6
10A11600012CP,CIL. CH. PIATTA PROF. PERS.,2852,107.65,8.01535E+12,1
10A120000,COPPIA CIL. CH.P. ANTIT.,2852,84.49,8.01535E+12,6
10A12000000CL,COPPIA CIL. CH.P. ANTIT.,2852,91.97,8.01535E+12,6
10A12000012,CIL. CH. PIATTA,2852,86.64,8.01535E+12,6
10A12000012CP,COPPIA CIL.ASTRAL,2852,107.65,8.01535E+12,1
10A149000,COPPIA CIL. CH.P. ANTIT.,2852,84.49,8.01535E+12,6
10A1490000000C5,COPPIA CIL. CH.P. ANTIT.,2852,95.47,8.01535E+12,6
10A14900000CL,COPPIA CIL. CH.P. ANTIT.,2852,91.97,8.01535E+12,6
10A14900012,CIL. CH. PIATTA,2852,86.64,8.01535E+12,6
10A14900012CL,CIL. CH. PIATTA CH.LUNGA,2852,94.09,8.01535E+12,6
10A14900012CP,COPPIA CIL. ASTRAL CHIAVI E PROF. PERSONALIZZATO,2852,107.65,8.01535E+12,1
10A150000,COPPIA CIL. ASTRAL PER 1A631-1A721-1A731,2852,84.49,8.01535E+12,6
10A15000012,COPPIA CIL. ASTRAL PER 1A631-1A721-1A731,2852,86.64,8.01535E+12,6
10A15000012CL,COPPIA CIL. ASTRAL PER 1A631-1A721-1A731,2852,94.09,8.01535E+12,6
10A15000012CP,COPPIA CIL. ASTRAL PER 1A631-1A721-1A731,2852,102.24,8.01535E+12,1
10A155000,COPPIA CIL. CH.P. ANTIT.,2852,84.49,8.01535E+12,6
10A15500012,CIL. CH.PIATTA,2852,86.64,8.01535E+12,6
10A210500,CIL. CH.P.ANTIT.,2852,59.5,8.01535E+12,6
10A21050000GL,CIL. A TUBO X OM4,2852,55.7,8.01535E+12,
10A21050012,CIL. CH.PIATTA ANTIT.,2852,61.24,8.01535E+12,6
10A21050012CL,CH.PIATTA STD ANTIT.,2852,68.71,8.01535E+12,6
10A21050012CLC5,CH.PIATTA STD ANTIT.,2852,84.62,8.01535E+12,6
10A3100500000C5,CILINDRO CH.PIATTA CON 5 CHIAVI,2850,77.59,8.01535E+12,12
10A3100501200C5,CIL. CH. PIATTA,2850,80.14,8.01535E+12,1
10A31005012CL,CIL.DOPPIO CH.P.ANTITRAP. CHIAVI LUNGHE,2850,75.87,8.01535E+12,1
10A31005012CLC5,CIL.DOPPIO CH.P.ANTITRAP. CHIAVI LUNGHE,2850,95.83,8.01535E+12,1
10A31006012CL,CIL.DOPPIO CH.P.ANTITRAP. CHIAVI LUNGHE,2850,85.72,8.01535E+12,1
10A31008012,CIL.DOPPIO CH.P.ANTITRAP.,2850,71.43,8.01535E+12,
10A31009012CLC5,CIL.DOPPIO CH.P.ANTITRAP.CH.LUNGA,2850,105.61,8.01535E+12,1
10A310120,CIL.DOPPIO CH.P.ANTITRAP.,2850,78.78,8.01535E+12,
10A3101200000C5,CIL. CH. PIATTA,2850,92.39,8.01535E+12,
10A310210,CILINDRO OTTONE ANTITRAPANO,2850,98.64,8.01535E+12,
10A3102500000C5,CIL.DOPPIO CH.P.ANTITRAP.,2850,122.32,8.01535E+12,1
10A3102501200C5,CIL.DOPPIO CH.P.ANTITRAP.,2850,124.94,8.01535E+12,
10A31025012CL,CIL.DOPPIO CH.P.ANTITRAP. CHIAVI LUNGHE,2850,120.52,8.01535E+12,
10A3102800000C5,CIL.DOPPIO CH.P.ANTITRAP. A  5 CHIAVI,2850,97.66,8.01535E+12,
10A3102900000C5,CIL.DOPPIO CH.P.ANTITRAP.,2850,112.26,8.01535E+12,12
10A3103000000C5,CILINDRO ASTRAL 5 CHIAVI,2850,107.57,8.01535E+12,12
10A3103901200C5,CIL.DOPPIO CH.P.ANTITRAP.,2850,119.95,8.01535E+12,
10A31040012CLC5,CIL.DOPPIO CH.P.ANTITRAP. CHIAVI LUNGHE,2850,160,8.01535E+12,
10A31042012CL,CIL.DOPPIO CH.P.ANTITRAP. CHIAVE LUNGA,2850,115.52,8.01535E+12,
10A310430,CIL.DOPPIO CH.P.ANTITRAP.,2850,108.56,8.01535E+12,
10A3104300000C5,CIL.DOPPIO CH.P.ANTITRAP.,2850,122.32,8.01535E+12,
10A31049012,CIL.DOPPIO CH.P.ANTITRAP.,2850,116.08,8.01535E+12,
10A31056012,CIL.DOPPIO CH.P.ANTITRAP.,2850,116.08,8.01535E+12,
10A31064012,CIL.DOPPIO CH.P.ANTITRAP.,2850,116.08,8.01535E+12,
10E30410012,1/2 CILINDRO CH. PIATTA ASIX,2830,19.89,8.01535E+12,6
10A3121200000C5,CIL.POM.CH.P.ANT.SOLO GAM,2850,96.67,8.01535E+12,
10A3121201200C5,CIL.POM.CH.P.ANT.SOLO GAM,2850,99.33,8.01535E+12,
10A3121300000C5,CIL.POM.CH.P.ANT.SOLO GAM,2850,96.67,8.01535E+12,
10A3121700000C5,CIL.POM.CH.P.ANT.SOLO GAM - CON 5 CHIAVI IN DOTAZ.,2850,107.18,8.01535E+12,
10A3121701200C5,CIL.POM.CH.P.ANT.SOLO GAM,2850,109.9,8.01535E+12,
10A31218012,CIL.POM.CH.P.ANT.SOLO GAM,2850,96.15,8.01535E+12,
10A3121801200C5,CIL.POM.CH.P.ANT.SOLO GAM,2850,109.86,8.01535E+12,
10A3121900000C5,CIL.POM.CH.P.ANT.SOLO GAM,2850,106.91,8.01535E+12,
10A3122001200C5,CIL.POM.CH.P.ANT.SOLO GAM,2850,121.67,8.01535E+12,
10A312210,CIL.POM.CH.P.ANT.SOLO GAM,2850,104.29,8.01535E+12,
10A3122100000C5,CILINDRO CON POMOLO CH.PIATTA 5 CHIAVI,2850,117.89,8.01535E+12,
10A312230,CIL.CON POMOLO CH. PIATTA,2850,114.76,8.01535E+12,
10A3122300000C5,CIL.CON POMOLO CH. PIATTA,2850,128.52,8.01535E+12,
10A3122301200C5,CILINDRO ANTITR. CON GAMBO POMOLO,2850,131.22,8.01535E+12,
10A31226012CL,CIL.POM.CH.P.ANT.SOLO GAM,2850,89.53,8.01535E+12,
10A312270,CILINDRO GAMBO POMOLO ASTRAL,2850,88.28,8.01535E+12,
10A31227000CLC5,CILINDRO GAMBO POMOLO ASTRAL,2850,117.87,8.01535E+12,1
10A31227012CL,CILINDRO GAMBO POMOLO ASTRAL,2850,99.7,8.01535E+12,
10A3122800000C5,CIL.POM.CH.P.ANT.SOLO GAM,2850,102.05,8.01535E+12,
10A3122900000C5,CIL.POM.CH.P.ANT.SOLO GAM,2850,117.89,8.01535E+12,
10A3122901200C5,CIL.POM.CH.P.ANT.SOLO GAM,2850,120.54,8.01535E+12,
10A3123000000C5,CILINDRO ASTRAL CON 5 CHIAVI,2850,112.53,8.01535E+12,
10A31230012,CIL.POM.CH.P.ANT.SOLO GAM,2850,101.56,8.01535E+12,
10A3123001200C5,CIL.POM.CH.P.ANT.SOLO GAM,2850,117.69,8.01535E+12,
10A31235012,CILINDRO ASTRAL,2850,128.16,8.01535E+12,
10A31239000CLC5,CIL.CON POMOLO CH. PIATTA,2850,138.84,8.01535E+12,
10A312430,CIL.POM.CH.P.ANT.SOLO GAM,2850,114.76,8.01535E+12,
10A3124301200C5,CIL.POM.CH.P.ANT.SOLO GAM,2850,131.19,8.01535E+12,
10A31282012,CIL.POM.CH.P.ANT.SOLO GAM,2850,85.57,8.01535E+12,
10A3128401200C5,CIL.POM.CH.P.ANT.SOLO GAM,2850,115.52,8.01535E+12,
10A312850,CIL.POM.CH.P.ANT.SOLO GAM,2850,93.46,8.01535E+12,
10A3128500000C5,CIL.POM.CH.P.ANT.SOLO GAM,2850,107.18,8.01535E+12,
10A314020,1/2 CIL.CH.PIATTA ANTITR.,2850,54.78,8.01535E+12,12
10A31402012,1/2 CILINDRO CHIAVE PIATTA,2850,57.03,8.01535E+12,12
10A3140201200C5,1/2 CILINDRO CHIAVE PIATTA,2850,71.11,8.01535E+12,12
10A3140201291,1/2 CILINDRO ASTRAL SMONTATO,2851,44.71,8.01535E+12,1
10A31402012CL,1/2 CILINDRO CHIAVE PIATTA CHIAVI LUNGHE,2850,66.52,8.01535E+12,12
10A31402012CLC5,1/2 CILINDRO CHIAVE PIATTA CHIAVI LUNGHE,2850,86.8,8.01535E+12,1
10A31402012CP,1/2 CILINDRO ASTRAL CHIAVI E PROF. PERSONALIZZATO,2850,87.49,8.01535E+12,1
10A31402012CPC5,1/2 CILINDRO ASTRAL CHIAVI E PROF. PERSONALIZZATO,2850,107.74,8.01535E+12,1
10A314030,1/2 CIL.CH.PIATTA ANTITR.,2850,58.13,8.01535E+12,12
10A31403012,1/2 CIL.CH.PIATTA ANTITR.,2850,60.37,8.01535E+12,12
10A3140301200C5,1/2 CIL.CH.PIATTA ANTITR.,2850,74.38,8.01535E+12,12
10A3140301291,1/2 CILINDRO ASTRAL SMONTATO,2851,47.99,8.01535E+12,1
10A31403012CL,1/2 CILINDRO CHIAVE PIATTA CHIAVI LUNGHE,2850,69.92,8.01535E+12,12
10A31403012CLC5,1/2 CILINDRO CHIAVE PIATTA CHIAVI LUNGHE,2850,90.14,8.01535E+12,12
10A31403012CP,1/2 CILINDRO ASTRAL CHIAVI E PROF. PERSONALIZZATO,2850,89.03,8.01535E+12,1
10A314040,1/2 CIL.CH.PIATTA ANTITR.,2850,61.76,8.01535E+12,12
10A31404012,1/2 CIL.CH.PIATTA ANTITR.,2850,63.98,8.01535E+12,12
10A3140401200C5,1/2 CIL.CH.PIATTA ANTITR.,2850,77.95,8.01535E+12,12
10A3140401291,1/2 CILINDRO ASTRAL SMONTATO,2851,51.51,8.01535E+12,1
10A31404012CL,1/2 CILINDRO CHIAVE PIATTA CHIAVI LUNGHE,2850,73.48,8.01535E+12,1
10A31404012CLC5,1/2 CILINDRO CHIAVE PIATTA CHIAVI LUNGHE,2850,93.75,8.01535E+12,1
10A31404012CP,1/2 CILINDRO ASTRAL CHIAVI E PROF. PERSONALIZZATO,2850,90.67,8.01535E+12,1
10A314050,1/2 CIL.CH.PIATTA ANTITR.,2850,67.1,8.01535E+12,12
10A3140500000C5,1/2 CIL.CH.PIATTA ANTITR.,2850,80.6,8.01535E+12,12
10A31405000CLC5,10A31405000CLC5 : 1/2 Astral DIM 60/10 NP | n chiavi 5,2850,81.24,0,12
10A31405012,1/2 CIL.CH.PIATTA ANTITR.,2850,69.31,8.01535E+12,12
10A3140501200C5,1/2 CIL.CH.PIATTA ANTITR.,2850,83.33,8.01535E+12,12
10A3140501291,1/2 CILINDRO ASTRAL SMONTATO,2851,56.71,8.01535E+12,1
10A31405012CL,1/2 CILINDRO CHIAVE PIATTA CHIAVI LUNGHE,2850,78.8,8.01535E+12,12
10A31405012CLC5,1/2 CILINDRO CHIAVE PIATTA CHIAVI LUNGHE,2850,99.08,8.01535E+12,1
10A31405012CP,1/2 CIL.ASTRAL PROF.PERS.CH.LUNGA,2850,91.94,8.01535E+12,1
10A31406012,1/2 CIL.CH.PIATTA ANTITR.,2850,72.91,8.01535E+12,6
10A3140601291,1/2 CILINDRO ASTRAL SMONTATO,2851,60.16,8.01535E+12,1
10A31406012CL,1/2 CILINDRO CHIAVE PIATTA CHIAVI LUNGHE,2850,82.43,8.01535E+12,6
10A31406012CLC5,1/2 CILINDRO CHIAVE PIATTA CHIAVI LUNGHE,2850,102.68,8.01535E+12,12
10A31406012CP,1/2 CIL.ASTRAL PROF.PERS.CH.LUNGA,2850,93.77,8.01535E+12,1
10A314070,1/2 CIL.CH.PIATTA ANTITR.,2850,56.43,8.01535E+12,12
10A31407012,1/2 CIL.CH.PIATTA ANTITR.,2850,58.69,8.01535E+12,12
10A3140701200C5,1/2 CIL.CH.PIATTA ANTITR.,2850,72.69,8.01535E+12,12
10A3140701291,1/2 CIL.CH.PIATTA ANTITR.,2851,46.33,8.01535E+12,1
10A31407012CL,1/2 CILINDRO CHIAVE PIATTA CHIAVI LUNGHE,2850,68.17,8.01535E+12,12
10A31407012CLC5,1/2 CILINDRO CHIAVE PIATTA CHIAVI LUNGHE,2850,88.44,8.01535E+12,12
10A31407012CP,1/2 CILINDRO ASTRAL CHIAVI E PROF. PERSONALIZZATO,2850,88.49,8.01535E+12,1
10A31408012,1/2 CIL.CH.PIATTA ANTITR.,2850,62.24,8.01535E+12,12
10A3140801291,1/2 CILINDRO ASTRAL SMONTATO,2851,49.81,8.01535E+12,1
10A31408012CL,1/2 CILINDRO CHIAVE PIATTA CHIAVI LUNGHE,2850,71.75,8.01535E+12,12
10A31408012CLC5,1/2 CILINDRO CHIAVE PIATTA CHIAVI LUNGHE,2850,91.97,8.01535E+12,12
10A31408012CP,1/2 CIL.ASTRAL PROF.PERS.CH.LUNGA,2850,90.01,8.01535E+12,1
10A31410012,1/2 CIL.CH.PIATTA ANTITR.,2850,60.37,8.01535E+12,12
10A31413012,1/2 CIL.CH.PIATTA ANTITR.,2850,81.92,8.01535E+12,6
10A3141301200C5,1/2 CIL.CH.PIATTA ANTITR.,2850,95.86,8.01535E+12,6
10A31413012CP,1/2 CIL.ASTRAL PROF.PERS.CH.LUNGA,2850,97.44,8.01535E+12,1
10A31420012,1/2 CIL.CH.PIATTA ANTITR.,2850,76.53,8.01535E+12,6
10A3142001291,1/2 CILINDRO ASTRAL SMONTATO,2851,64.92,8.01535E+12,1
10A31421012,1/2 CIL.CH.PIATTA ANTITR.,2850,71.14,8.01535E+12,6
10A31421012CL,1/2 CILINDRO CHIAVE PIATTA CHIAVI LUNGHE,2850,80.66,8.01535E+12,6
10A31421012CLC5,1/2 CILINDRO CHIAVE PIATTA CHIAVI LUNGHE,2850,100.9,8.01535E+12,6
10A31712012CPC5,CIL.ASTRAL GAMBO POMOLO CHIAVE LUNGA PERSONALIZZAT,2850,159.49,8.01535E+12,
10A31781000CL,CILINDRO CON GAMBO POMOLO,2850,101.04,8.01535E+12,
10A3178700000C5,CILINDRO CON GAMBO POMOLO,2850,131.94,8.01535E+12,
10A317880,CILINDRO CON GAMBO POMOLO,2850,129.05,8.01535E+12,6
10A3179000000C5,CILINDRO CON GAMBO POMOLO,2850,121.17,8.01535E+12,
10A3K006012CLC5,CIL.DOPPIO ASTRAL BKP CHIAVI LUNGHE,2845,118.78,8.01535E+12,1
10A3K007012CLC5,CIL.DOPPIO ASTRAL BKP CHIAVI LUNGHE,2845,113.78,8.01535E+12,
10A3K013012CLC5,CIL.DOPPIO ASTRAL BKP CHIAVI LUNGHE,2845,124.18,8.01535E+12,
10A3K017012CLC5,CIL.DOPPIO ASTRAL BKP CHIAVI LUNGHE,2845,134.42,8.01535E+12,
10A3K018012CLC5,CIL.DOPPIO ASTRAL BKP CHIAVI LUNGHE,2845,134.42,8.01535E+12,
10A3K027012CLC5,CIL.DOPPIO ASTRAL BKP CHIAVI LUNGHE,2845,129.58,8.01535E+12,1
10A3K041012CL,CIL.DOPPIO ASTRAL BKP CHIAVI LUNGHE,2845,129.2,8.01535E+12,1
10A3K787012CLC5,CIL.POM. ASTRAL BKP CHIAVE LUNGA,2845,165.11,8.01535E+12,
10A3M107012CL,MODULI ASTRAL S 30-30,2862,70.58,8.01535E+12,1
10A3M107012CLC5,MODULI ASTRAL S 30-30,2862,85.12,8.01535E+12,1
10A3M107066CL,MODULI ASTRAL S 30-30 LUCIDO,2862,72.13,8.01535E+12,1
10A3M107066CLC5,MODULI ASTRAL S 30-30 LUCIDO,2862,87,8.01535E+12,1
10A3M207012CL,MODULI ASTRAL S 30-30 POMOLO,2862,67.77,8.01535E+12,1
10A3M402012CL,MODULI ASTRAL S MEZZO CILINDRO 30,2862,50.81,8.01535E+12,1
10A3M707012CL,MODULI ASTRAL S 30-30 RASABILE,2862,67.77,8.01535E+12,1
10A3S005000AI,CILINDRO DOPPIO ASTRAL S GRECIA,2870,56.68,8.01535E+12,1
10A3S005012AI,CILINDRO DOPPIO ASTRAL S GRECIA,2870,60.24,8.01535E+12,1
10A3S006012AI,CILINDRO DOPPIO ASTRAL S GRECIA,2870,68.58,8.01535E+12,1
10A3S007012AI,CILINDRO DOPPIO ASTRAL S GRECIA,2870,60.24,8.01535E+12,1
10A3S008000AI,CILINDRO DOPPIO ASTRAL S GRECIA,2870,56.68,8.01535E+12,1
10A3S008012AI,CILINDRO DOPPIO ASTRAL S GRECIA,2870,60.24,8.01535E+12,1
10A3S008066AI,CILINDRO DOPPIO ASTRAL S GRECIA,2870,60.24,8.01535E+12,1
10A3S011012AI,CILINDRO DOPPIO ASTRAL S GRECIA,2870,73.39,8.01535E+12,1
10A3S011066AI,CILINDRO DOPPIO ASTRAL S GRECIA,2870,73.39,8.01535E+12,1
10A3S012000AI,CILINDRO DOPPIO ASTRAL S GRECIA,2870,65.37,8.01535E+12,1
10A3S012012AI,CILINDRO DOPPIO ASTRAL S GRECIA,2870,68.92,8.01535E+12,1
10A3S012066AI,CILINDRO DOPPIO ASTRAL S GRECIA,2870,68.92,8.01535E+12,1
10A3S013012AI,CILINDRO DOPPIO ASTRAL S GRECIA,2870,68.92,8.01535E+12,1
10A3S013066AI,CILINDRO DOPPIO ASTRAL S GRECIA,2870,68.92,8.01535E+12,1
10A3S017012AI,CILINDRO DOPPIO ASTRAL S GRECIA,2870,77.6,8.01535E+12,1
10A3S017066AI,CILINDRO DOPPIO ASTRAL S GRECIA,2870,77.6,8.01535E+12,1
10A3S018012AI,CILINDRO DOPPIO ASTRAL S GRECIA,2870,77.6,8.01535E+12,1
10A3S019000AI,CILINDRO DOPPIO ASTRAL S GRECIA,2870,74.08,8.01535E+12,1
10A3S019012AI,CILINDRO DOPPIO ASTRAL S GRECIA,2870,77.6,8.01535E+12,1
10A3S019066AI,CILINDRO DOPPIO ASTRAL S GRECIA,2870,77.6,8.01535E+12,1
10A3S020012AI,CILINDRO DOPPIO ASTRAL S GRECIA,2870,86.2,8.01535E+12,1
10A3S020066AI,CILINDRO DOPPIO ASTRAL S GRECIA,2870,86.2,8.01535E+12,1
10A3S021012AI,CILINDRO DOPPIO ASTRAL S GRECIA,2870,86.18,8.01535E+12,1
10A3S022012AI,CILINDRO DOPPIO ASTRAL S GRECIA,2870,94.92,8.01535E+12,1
10A3S023012AI,CILINDRO DOPPIO ASTRAL S GRECIA,2870,94.92,8.01535E+12,1
10A3S024012AI,CILINDRO DOPPIO ASTRAL S GRECIA,2870,90.4,8.01535E+12,1
10A3S025012AI,CILINDRO DOPPIO ASTRAL S GRECIA,2870,94.92,8.01535E+12,1
10A3S026012AI,CILINDRO DOPPIO ASTRAL S GRECIA,2870,64.58,8.01535E+12,1
10A3S027012AI,CILINDRO DOPPIO ASTRAL S GRECIA,2870,73.39,8.01535E+12,1
10A3S027066AI,CILINDRO DOPPIO ASTRAL S GRECIA,2870,73.39,8.01535E+12,1
10A3S029012AI,CILINDRO DOPPIO ASTRAL S GRECIA,2870,86.2,8.01535E+12,1
10A3S031012AI,CILINDRO DOPPIO FRIZ. ASTRAL S GRECIA,2870,80.5,8.01535E+12,1
10A3S032000AI,CILINDRO DOPPIO ASTRAL S GRECIA,2870,82.73,8.01535E+12,1
10A3S032012AI,CILINDRO DOPPIO ASTRAL S GRECIA,2870,86.2,8.01535E+12,1
10A3S036012AI,CILINDRO DOPPIO ASTRAL S GRECIA,2870,103.55,8.01535E+12,1
10A3S1060,CIL.FRIZIONATO ASTRAL SIGILLO,2862,73.18,8.01535E+12,12
10A3S10600000C5,CIL.FRIZIONATO ASTRAL SIGILLO,2862,83.18,8.01535E+12,12
10A3S106000CL,CIL.FRIZIONATO ASTRAL SIGILLO,2862,79.96,8.01535E+12,12
10A3S106000CLC5,CIL.FRIZIONATO ASTRAL SIGILLO,2862,94.56,8.01535E+12,1
10A3S106012,CIL.FRIZIONATO ASTRAL SIGILLO,2862,75.06,8.01535E+12,12
10A3S10601200C5,CIL.FRIZIONATO ASTRAL SIGILLO,2862,85.22,8.01535E+12,12
10A3S106012CL,CIL.FRIZIONATO ASTRAL SIGILLO CH.LUNGA,2862,81.93,8.01535E+12,12
10A3S106012CLC5,CIL.FRIZIONATO ASTRAL SIGILLO CH.LUNGA,2862,96.54,8.01535E+12,12
10A3S106012CP,CIL.FRIZIONATO ASTRAL SIGILLO,2862,104.47,8.01535E+12,1
10A3S106066,CIL.FRIZIONATO ASTRAL SIGILLO,2862,76.95,8.01535E+12,12
10A3S1070,CIL.FRIZIONATO ASTRAL SIGILLO,2862,68.28,8.01535E+12,12
10A3S10700000C5,CIL.FRIZIONATO ASTRAL SIGILLO,2862,78.38,8.01535E+12,12
10A3S107000CL,CIL.FRIZIONATO ASTRAL SIGILLO,2862,75.1,8.01535E+12,12
10A3S107000CLC5,CIL. FRIZIONATO ASTRAL SIGILLO CHIAVI LUNGHE,2862,89.72,8.01535E+12,12
10A3S107012,CIL.FRIZIONATO ASTRAL SIGILLO,2862,70.2,8.01535E+12,12
10A3S10701200C5,CIL.FRIZIONATO ASTRAL SIGILLO,2862,80.34,8.01535E+12,12
10A3S10701291,CILINDRO FRIZ.ASTRAL SIGILLO SMONTATO,2861,58.51,8.01535E+12,1
10A3S107012CL,CIL. FRIZIONATO ASTRAL SIGILLO CHIAVI LUNGHE,2862,77.07,8.01535E+12,12
10A3S107012CLC5,CIL. FRIZIONATO ASTRAL SIGILLO CHIAVI LUNGHE,2862,91.65,8.01535E+12,12
10A3S107012CP,CIL.ASTRAL S PROF.PERS. CH. LUNGA PERSONALIZZATA,2862,98.57,8.01535E+12,1
10A3S107012PF,CIL DOPPIO ASTRAL SIGILLO 60 30/30 5 CH BLISTERATO,2859,69.23,8.01535E+12,
10A3S1090,CIL.FRIZIONATO ASTRAL SIGILLO,2862,73.18,8.01535E+12,12
10A3S109012,CIL.FRIZIONATO ASTRAL SIGILLO,2862,75.06,8.01535E+12,12
10A3S10901200C5,CIL.FRIZIONATO ASTRAL SIGILLO,2862,85.22,8.01535E+12,12
10A3S109012CL,CIL.FRIZIONATO ASTRAL SIGILLO,2862,81.93,8.01535E+12,12
10A3S109012CLC5,CIL.FRIZIONATO ASTRAL SIGILLO,2862,96.54,8.01535E+12,12
10A3S109012CP,CIL.ASTRAL S PROF.PERS. CH. LUNGA PERSONALIZZATA,2862,104.47,8.01535E+12,1
10A3S1100,CIL.FRIZIONATO ASTRAL SIGILLO,2862,78.07,8.01535E+12,12
10A3S11000000C5,CIL.FRIZIONATO ASTRAL SIGILLO,2862,88.12,8.01535E+12,1
10A3S110000CLC5,CIL.FRIZIONATO ASTRAL SIGILLO,2862,99.5,8.01535E+12,12
10A3S110012,CIL.FRIZIONATO ASTRAL SIGILLO,2862,80,8.01535E+12,12
10A3S11001200C5,CIL.FRIZIONATO ASTRAL SIGILLO,2862,90.17,8.01535E+12,12
10A3S110012CL,CIL.FRIZIONATO ASTRAL SIGILLO,2862,86.89,8.01535E+12,12
10A3S110012CLC5,CIL.FRIZIONATO ASTRAL SIGILLO,2862,101.49,8.01535E+12,12
10A3S110012CP,CILINDRO FRIZIONATO ASTRAL SIGILLO,2862,110.34,8.01535E+12,1
10A3S1110,CIL.FRIZIONATO ASTRAL SIGILLO,2862,83.13,8.01535E+12,12
10A3S111000CL,CIL.FRIZIONATO ASTRAL SIGILLO,2862,90.03,8.01535E+12,1
10A3S111012,CIL.FRIZIONATO ASTRAL SIGILLO,2862,85.1,8.01535E+12,12
10A3S11101200C5,CIL.FRIZIONATO ASTRAL SIGILLO,2862,95.24,8.01535E+12,12
10A3S11101291,CILINDRO FRIZ.ASTRAL SIGILLO SMONTATO,2861,73.39,8.01535E+12,1
10A3S111012CL,CIL.FRIZIONATO ASTRAL SIGILLO,2862,91.89,8.01535E+12,12
10A3S111012CLC5,CIL.FRIZIONATO ASTRAL SIGILLO,2862,106.55,8.01535E+12,12
10A3S111012CP,CIL.ASTRAL S PROF.PERS. CH. LUNGA PERSONALIZZATA,2862,116.47,8.01535E+12,1
10A3S1120,CIL.FRIZIONATO ASTRAL SIGILLO,2862,78.07,8.01535E+12,12
10A3S11200000C5,CIL.FRIZIONATO ASTRAL SIGILLO,2862,88.15,8.01535E+12,12
10A3S112000CL,CIL.FRIZIONATO ASTRAL SIGILLO,2862,84.92,8.01535E+12,12
10A3S112000CLC5,CIL.FRIZIONATO ASTRAL SIGILLO CH.LUNGA,2862,99.51,8.01535E+12,12
10A3S112012,CIL.FRIZIONATO ASTRAL SIGILLO,2862,80,8.01535E+12,12
10A3S11201200C5,CIL.FRIZIONATO ASTRAL SIGILLO,2862,90.17,8.01535E+12,12
10A3S11201291,CILINDRO FRIZ.ASTRAL SIGILLO SMONTATO,2861,68.33,8.01535E+12,1
10A3S112012CL,CIL.FRIZIONATO ASTRAL SIGILLO CH.LUNGA,2862,86.89,8.01535E+12,12
10A3S112012CLC5,CIL.FRIZIONATO ASTRAL SIGILLO CH.LUNGA,2862,101.49,8.01535E+12,12
10A3S112012CP,CIL.ASTRAL S PROF.PERS. CH. LUNGA PERSONALIZZATA,2862,110.34,8.01535E+12,1
10A3S112066CLC5,CIL.FRIZIONATO ASTRAL SIGILLO CH.LUNGA,2862,103.18,8.01535E+12,12
10A3S1130,CIL.FRIZIONATO ASTRAL SIGILLO,2862,78.07,8.01535E+12,12
10A3S11300000C5,CIL.FRIZIONATO ASTRAL SIGILLO,2862,88.15,8.01535E+12,12
10A3S113000CL,CIL.FRIZIONATO ASTRAL SIGILLO,2862,84.92,8.01535E+12,12
10A3S113000CLC5,CIL.FRIZIONATO ASTRAL SIGILLO CHIAVI LUNGHE,2862,99.5,8.01535E+12,12
10A3S113012,CIL.FRIZIONATO ASTRAL SIGILLO,2862,80,8.01535E+12,12
10A3S11301200C5,CIL.FRIZIONATO ASTRAL SIGILLO,2862,90.17,8.01535E+12,12
10A3S11301291,CILINDRO FRIZ.ASTRAL SIGILLO SMONTATO,2861,68.33,8.01535E+12,1
10A3S113012CL,CIL.FRIZIONATO ASTRAL SIGILLO CHIAVI LUNGHE,2862,86.89,8.01535E+12,12
10A3S113012CLC5,CIL.FRIZIONATO ASTRAL SIGILLO CHIAVI LUNGHE,2862,101.49,8.01535E+12,12
10A3S113012CP,CIL.ASTRAL S PROF.PERS. CH. LUNGA PERSONALIZZATA,2862,110.34,8.01535E+12,1
10A3S1170,CIL.FRIZIONATO ASTRAL SIGILLO,2862,87.97,8.01535E+12,12
10A3S11700000C5,CIL.FRIZIONATO ASTRAL SIGILLO,2862,98.12,8.01535E+12,12
10A3S117000CL,CIL.FRIZIONATO ASTRAL SIGILLO,2862,94.79,8.01535E+12,12
10A3S117000CLC5,CIL.FRIZIONATO ASTRAL SIGILLO CH. LUNGA,2862,109.46,8.01535E+12,12
10A3S117012,CIL.FRIZIONATO ASTRAL SIGILLO,2862,89.84,8.01535E+12,12
10A3S11701200C5,CIL.FRIZIONATO ASTRAL SIGILLO,2862,100.04,8.01535E+12,12
10A3S11701291,CILINDRO FRIZ.ASTRAL SIGILLO SMONTATO,2861,78.17,8.01535E+12,1
10A3S117012CL,CIL.FRIZIONATO ASTRAL SIGILLO CH. LUNGA,2862,96.74,8.01535E+12,12
10A3S117012CLC5,CIL.FRIZIONATO ASTRAL SIGILLO CH. LUNGA,2862,111.32,8.01535E+12,12
10A3S117012CP,CIL.ASTRAL S PROF.PERS. CH. LUNGA PERSONALIZZATA,2862,122.22,8.01535E+12,1
10A3S117066CLC5,CIL.FRIZIONATO ASTRAL SIGILLO,2862,113.26,8.01535E+12,12
10A3S1180,CIL.FRIZIONATO ASTRAL SIGILLO,2862,87.97,8.01535E+12,12
10A3S11800000C5,CIL.FRIZIONATO ASTRAL SIGILLO,2862,98.07,8.01535E+12,1
10A3S118000CL,CIL.FRIZIONATO ASTRAL SIGILLO,2862,94.79,8.01535E+12,12
10A3S118000CLC5,CIL.FRIZIONATO ASTRAL SIGILLO,2862,109.46,8.01535E+12,12
10A3S118012,CIL.FRIZIONATO ASTRAL SIGILLO,2862,89.84,8.01535E+12,12
10A3S11801200C5,CIL.FRIZIONATO ASTRAL SIGILLO,2862,100.04,8.01535E+12,12
10A3S11801291,CILINDRO FRIZ.ASTRAL SIGILLO SMONTATO,2861,78.17,8.01535E+12,1
10A3S118012CL,CIL.FRIZIONATO ASTRAL SIGILLO CH. LUNGA,2862,96.74,8.01535E+12,12
10A3S118012CLC5,CIL.FRIZIONATO ASTRAL SIGILLO CH. LUNGA,2862,111.32,8.01535E+12,12
10A3S118012CP,CIL.ASTRAL S PROF.PERS. CH. LUNGA PERSONALIZZATA,2862,122.22,8.01535E+12,1
10A3S1190,CIL.FRIZIONATO ASTRAL SIGILLO,2862,87.97,8.01535E+12,12
10A3S11900000C5,CIL.FRIZIONATO ASTRAL SIGILLO,2862,98.12,8.01535E+12,12
10A3S119000CL,CIL.FRIZIONATO ASTRAL SIGILLO,2862,94.79,8.01535E+12,12
10A3S119000CLC5,CIL.FRIZIONATO ASTRAL SIGILLO,2862,109.46,8.01535E+12,12
10A3S119012,CIL.FRIZIONATO ASTRAL SIGILLO,2862,89.84,8.01535E+12,12
10A3S11901200C5,CIL.FRIZIONATO ASTRAL SIGILLO,2862,100.04,8.01535E+12,12
10A3S11901291,CILINDRO FRIZ.ASTRAL SIGILLO SMONTATO,2861,78.17,8.01535E+12,1
10A3S119012CL,CIL.FRIZIONATO ASTRAL SIGILLO,2862,96.74,8.01535E+12,12
10A3S119012CLC5,CIL.FRIZIONATO ASTRAL SIGILLO,2862,111.32,8.01535E+12,12
10A3S119012CP,CIL.ASTRAL S PROF.PERS. CH. LUNGA PERSONALIZZATA,2862,122.22,8.01535E+12,1
10A3S1200,CILINDRO FRIZIONATO ASTRAL SIGILLO,2862,97.71,8.01535E+12,12
10A3S12000000C5,CILINDRO FRIZIONATO ASTRAL SIGILLO,2862,107.83,8.01535E+12,12
10A3S120000CL,CILINDRO FRIZIONATO ASTRAL SIGILLO,2862,104.62,8.01535E+12,12
10A3S120000CLC5,CILINDRO FRIZIONATO ASTRAL SIGILLO,2862,119.22,8.01535E+12,12
10A3S120012,CILINDRO FRIZIONATO ASTRAL SIGILLO,2862,99.67,8.01535E+12,12
10A3S12001200C5,CILINDRO FRIZIONATO ASTRAL SIGILLO,2862,109.78,8.01535E+12,12
10A3S12001291,CILINDRO FRIZ.ASTRAL SIGILLO SMONTATO,2861,87.98,8.01535E+12,1
10A3S120012CL,CILINDRO FRIZIONATO ASTRAL SIGILLO,2862,106.49,8.01535E+12,12
10A3S120012CLC5,CILINDRO FRIZIONATO ASTRAL SIGILLO,2862,121.07,8.01535E+12,12
10A3S120012CP,CILINDRO FRIZIONATO ASTRAL SIGILLO,2862,133.92,8.01535E+12,1
10A3S120066,CILINDRO FRIZIONATO ASTRAL SIGILLO,2862,101.39,8.01535E+12,12
10A3S120066CLC5,CILINDRO FRIZIONATO ASTRAL SIGILLO,2862,123,8.01535E+12,12
10A3S1210,CILINDRO FRIZIONATO ASTRAL SIGILLO,2862,97.71,8.01535E+12,12
10A3S12100000C5,CILINDRO FRIZIONATO ASTRAL SIGILLO,2862,107.85,8.01535E+12,12
10A3S121000CL,CILINDRO FRIZIONATO ASTRAL SIGILLO,2862,104.58,8.01535E+12,12
10A3S121000CLC5,CIL.FRIZIONATO ASTRAL SIGILLO CH. LUNGHE,2862,119.16,8.01535E+12,12
10A3S121012,CILINDRO FRIZIONATO ASTRAL SIGILLO,2862,99.67,8.01535E+12,12
10A3S12101200C5,CILINDRO FRIZIONATO ASTRAL SIGILLO,2862,109.75,8.01535E+12,12
10A3S12101291,CILINDRO FRIZ.ASTRAL SIGILLO SMONTATO,2861,87.98,8.01535E+12,1
10A3S121012CL,CIL.FRIZIONATO ASTRAL SIGILLO CH. LUNGHE,2862,106.49,8.01535E+12,12
10A3S121012CLC5,CIL.FRIZIONATO ASTRAL SIGILLO CH. LUNGHE,2862,121.07,8.01535E+12,12
10A3S121012CP,CILINDRO FRIZIONATO ASTRAL SIGILLO,2862,133.92,8.01535E+12,1
10A3S121066CLC5,CIL.FRIZIONATO ASTRAL SIGILLO CH. LUNGHE,2862,122.82,8.01535E+12,12
10A3S1220,CILINDRO FRIZIONATO ASTRAL SIGILLO,2862,107.54,8.01535E+12,6
10A3S12200000C5,CILINDRO FRIZIONATO ASTRAL SIGILLO,2862,117.66,8.01535E+12,6
10A3S122000CL,CILINDRO FRIZIONATO ASTRAL SIGILLO,2862,114.39,8.01535E+12,6
10A3S122000CLC5,CILINDRO FRIZIONATO ASTRAL SIGILLO,2862,128.96,8.01535E+12,6
10A3S122012,CILINDRO FRIZIONATO ASTRAL SIGILLO,2862,109.51,8.01535E+12,6
10A3S12201200C5,CILINDRO FRIZIONATO ASTRAL SIGILLO,2862,119.64,8.01535E+12,6
10A3S12201291,CILINDRO FRIZ.ASTRAL SIGILLO SMONTATO,2861,97.84,8.01535E+12,1
10A3S122012CL,CILINDRO FRIZIONATO ASTRAL SIGILLO,2862,116.35,8.01535E+12,6
10A3S122012CLC5,CILINDRO FRIZIONATO ASTRAL SIGILLO,2862,130.94,8.01535E+12,6
10A3S122012CP,CIL.ASTRAL S PROF.PERS. CH. LUNGA PERSONALIZZATA,2862,145.77,8.01535E+12,1
10A3S1230,CILINDRO FRIZIONATO ASTRAL SIGILLO,2862,107.54,8.01535E+12,6
10A3S12300000C5,CILINDRO FRIZIONATO ASTRAL SIGILLO,2862,117.66,8.01535E+12,6
10A3S123000CL,CILINDRO FRIZIONATO ASTRAL SIGILLO,2862,114.43,8.01535E+12,6
10A3S123000CLC5,CILINDRO FRIZIONATO ASTRAL SIGILLO,2862,128.97,8.01535E+12,6
10A3S123012,CILINDRO FRIZIONATO ASTRAL SIGILLO,2862,109.51,8.01535E+12,6
10A3S12301200C5,CILINDRO FRIZIONATO ASTRAL SIGILLO,2862,119.64,8.01535E+12,6
10A3S12301291,CILINDRO FRIZ.ASTRAL SIGILLO SMONTATO,2861,97.84,8.01535E+12,1
10A3S123012CL,CILINDRO FRIZIONATO ASTRAL SIGILLO,2862,116.32,8.01535E+12,6
10A3S123012CLC5,CILINDRO FRIZIONATO ASTRAL SIGILLO,2862,130.94,8.01535E+12,6
10A3S123012CP,CILINDRO FRIZIONATO ASTRAL SIGILLO,2862,145.77,8.01535E+12,1
10A3S123066,CILINDRO FRIZIONATO ASTRAL SIGILLO,2862,111.35,8.01535E+12,6
10A3S123066CLC5,CILINDRO FRIZIONATO ASTRAL SIGILLO,2862,132.77,8.01535E+12,6
10G345050,CILINDRO C2000 EUROPEO,2805,19.31,8.01535E+12,12
10A3S124000CLC5,CILINDRO FRIZIONATO ASTRAL SIGILLO,2862,128.97,8.01535E+12,6
10A3S124012,CILINDRO FRIZIONATO ASTRAL SIGILLO,2862,109.51,8.01535E+12,6
10A3S12401200C5,CILINDRO FRIZIONATO ASTRAL SIGILLO,2862,119.64,8.01535E+12,6
10A3S12401291,CILINDRO FRIZ.ASTRAL SIGILLO SMONTATO,2861,97.84,8.01535E+12,1
10A3S124012CL,CILINDRO FRIZIONATO ASTRAL SIGILLO,2862,116.32,8.01535E+12,6
10A3S124012CLC5,CILINDRO FRIZIONATO ASTRAL SIGILLO,2862,130.94,8.01535E+12,6
10A3S124012CP,CIL. ASTRAL S PROF. PERS. CH PERSONALIZZATA,2862,145.77,8.01535E+12,1
10A3S1250,CILINDRO FRIZIONATO ASTRAL SIGILLO,2862,107.54,8.01535E+12,6
10A3S125000CL,CILINDRO FRIZIONATO ASTRAL SIGILLO,2862,114.43,8.01535E+12,6
10A3S125000CLC5,CILINDRO FRIZIONATO ASTRAL SIGILLO,2862,128.97,8.01535E+12,6
10A3S125012,CILINDRO FRIZIONATO ASTRAL SIGILLO,2862,109.51,8.01535E+12,6
10A3S12501200C5,CIL.FRIZIONATO ASTRAL SIGILLO,2862,119.64,8.01535E+12,6
10A3S12501291,CILINDRO FRIZ.ASTRAL SIGILLO SMONTATO,2861,97.84,8.01535E+12,1
10A3S125012CL,CIL.FRIZIONATO ASTRAL SIGILLO CH.LUNGHE,2862,116.35,8.01535E+12,6
10A3S125012CLC5,CIL.FRIZIONATO ASTRAL SIGILLO CH.LUNGHE,2862,130.94,8.01535E+12,6
10A3S125012CP,CILINDRO FRIZIONATO ASTRAL SIGILLO,2862,145.77,8.01535E+12,1
10A3S125066,CILINDRO FRIZIONATO ASTRAL SIGILLO,2862,111.29,8.01535E+12,6
10A3S1260,CILINDRO FRIZIONATO ASTRAL SIGILLO,2862,73.18,8.01535E+12,12
10A3S12600000C5,CILINDRO FRIZIONATO ASTRAL SIGILLO,2862,83.18,8.01535E+12,12
10A3S126000CL,CILINDRO FRIZIONATO ASTRAL SIGILLO,2862,79.94,8.01535E+12,12
10A3S126000CLC5,CILINDRO FRIZIONATO ASTRAL SIGILLO,2862,94.55,8.01535E+12,12
10A3S126012,CILINDRO FRIZIONATO ASTRAL SIGILLO,2862,75.06,8.01535E+12,12
10A3S12601200C5,CILINDRO FRIZIONATO ASTRAL SIGILLO,2862,85.22,8.01535E+12,12
10A3S12601291,CILINDRO FRIZ.ASTRAL SIGILLO SMONTATO,2861,63.36,8.01535E+12,1
10A3S126012CL,CILINDRO FRIZIONATO ASTRAL SIGILLO,2862,81.93,8.01535E+12,12
10A3S126012CLC5,CILINDRO FRIZIONATO ASTRAL SIGILLO,2862,96.48,8.01535E+12,12
10A3S126012CP,CILINDRO FRIZIONATO ASTRAL SIGILLO,2862,104.47,8.01535E+12,1
10A3S1270,CILINDRO FRIZIONATO ASTRAL SIGILLO,2862,83.13,8.01535E+12,12
10A3S12700000C5,CILINDRO FRIZIONATO ASTRAL SIGILLO,2862,93.22,8.01535E+12,12
10A3S127000CL,CILINDRO FRIZIONATO ASTRAL SIGILLO,2862,89.97,8.01535E+12,12
10A3S127000CLC5,CILINDRO FRIZIONATO ASTRAL SIGILLO,2862,104.63,8.01535E+12,12
10A3S127012,CILINDRO FRIZIONATO ASTRAL SIGILLO,2862,85.1,8.01535E+12,12
10A3S12701200C5,CILINDRO FRIZIONATO ASTRAL SIGILLO,2862,95.24,8.01535E+12,12
10A3S12701291,CILINDRO FRIZ.ASTRAL SIGILLO SMONTATO,2861,73.39,8.01535E+12,1
10A3S127012CL,CILINDRO FRIZIONATO ASTRAL SIGILLO,2862,91.89,8.01535E+12,12
10A3S127012CLC5,CILINDRO FRIZIONATO ASTRAL SIGILLO,2862,106.55,8.01535E+12,12
10A3S127012CP,CILINDRO FRIZIONATO ASTRAL SIGILLO,2862,116.47,8.01535E+12,1
10A3S127066,CILINDRO FRIZIONATO ASTRAL SIGILLO,2862,86.81,8.01535E+12,12
10A3S1280,CILINDRO FRIZIONATO ASTRAL SIGILLO,2862,83.13,8.01535E+12,12
10A3S12800000C5,CILINDRO FRIZIONATO ASTRAL SIGILLO,2862,93.22,8.01535E+12,12
10A3S128000CL,CILINDRO FRIZIONATO ASTRAL SIGILLO,2862,89.97,8.01535E+12,12
10A3S128000CLC5,CILINDRO FRIZIONATO ASTRAL SIGILLO,2862,104.63,8.01535E+12,12
10A3S128012,CILINDRO FRIZIONATO ASTRAL SIGILLO,2862,85.1,8.01535E+12,12
10A3S12801200C5,CILINDRO FRIZIONATO ASTRAL SIGILLO,2862,95.24,8.01535E+12,12
10A3S12801291,CILINDRO FRIZ.ASTRAL SIGILLO SMONTATO,2861,73.39,8.01535E+12,1
10A3S128012CL,CILINDRO FRIZIONATO ASTRAL SIGILLO,2862,91.89,8.01535E+12,12
10A3S128012CLC5,CILINDRO FRIZIONATO ASTRAL SIGILLO,2862,106.55,8.01535E+12,12
10A3S128012CP,CIL.ASTRAL S PROF.PERS. CH. LUNGA PERSONALIZZATA,2862,116.47,8.01535E+12,1
10A3S128066,CILINDRO FRIZIONATO ASTRAL SIGILLO,2862,86.98,8.01535E+12,12
10A3S128066CLC5,CILINDRO FRIZIONATO ASTRAL SIGILLO,2862,108.43,8.01535E+12,12
10A3S1290,CILINDRO FRIZIONATO ASTRAL SIGILLO,2862,97.71,8.01535E+12,12
10A3S12900000C5,CILINDRO FRIZIONATO ASTRAL SIGILLO,2862,107.78,8.01535E+12,12
10A3S129000CL,CILINDRO FRIZIONATO ASTRAL SIGILLO,2862,104.62,8.01535E+12,12
10A3S129000CLC5,CILINDRO FRIZIONATO ASTRAL SIGILLO,2862,119.16,8.01535E+12,12
10A3S129012,CILINDRO FRIZIONATO ASTRAL SIGILLO,2862,99.67,8.01535E+12,12
10A3S12901200C5,CILINDRO FRIZIONATO ASTRAL SIGILLO,2862,109.75,8.01535E+12,12
10A3S12901291,CILINDRO FRIZ.ASTRAL SIGILLO SMONTATO,2861,87.98,8.01535E+12,1
10A3S129012CL,CILINDRO FRIZIONATO ASTRAL SIGILLO,2862,106.49,8.01535E+12,12
10A3S129012CLC5,CILINDRO FRIZIONATO ASTRAL SIGILLO,2862,121.07,8.01535E+12,12
10A3S129012CP,CIL.ASTRAL S PROF.PERS. CH. LUNGA PERSONALIZZATA,2862,133.92,8.01535E+12,1
10A3S1300,CILINDRO FRIZIONATO ASTRAL SIGILLO,2862,93.01,8.01535E+12,12
10A3S130000CL,CILINDRO FRIZIONATO ASTRAL SIGILLO,2862,99.86,8.01535E+12,12
10A3S130000CLC5,CILINDRO FRIZIONATO ASTRAL SIGILLO,2862,114.46,8.01535E+12,12
10A3S130012,CILINDRO FRIZIONATO ASTRAL SIGILLO,2862,94.99,8.01535E+12,12
10A3S13001200C5,CILINDRO FRIZIONATO ASTRAL SIGILLO,2862,105.09,8.01535E+12,12
10A3S13001291,CILINDRO FRIZ.ASTRAL SIGILLO SMONTATO,2861,83.27,8.01535E+12,1
10A3S130012CL,CILINDRO FRIZIONATO ASTRAL SIGILLO,2862,101.79,8.01535E+12,12
10A3S130012CLC5,CILINDRO FRIZIONATO ASTRAL SIGILLO,2862,116.4,8.01535E+12,12
10A3S130012CP,CIL.ASTRAL S PROF.PERS. CH. LUNGA PERSONALIZZATA,2862,128.32,8.01535E+12,1
10A3S130066CLC5,CILINDRO FRIZIONATO ASTRAL SIGILLO,2862,118.1,8.01535E+12,12
10A3S1310,CILINDRO FRIZIONATO ASTRAL SIGILLO,2862,93.01,8.01535E+12,12
10A3S13100000C5,CILINDRO FRIZIONATO ASTRAL SIGILLO,2862,103.07,8.01535E+12,12
10A3S131000CL,CILINDRO FRIZIONATO ASTRAL SIGILLO,2862,99.86,8.01535E+12,12
10A3S131000CLC5,CILINDRO FRIZIONATO ASTRAL SIGILLO,2862,114.46,8.01535E+12,12
10A3S131012,CILINDRO FRIZIONATO ASTRAL SIGILLO,2862,94.99,8.01535E+12,12
10A3S13101200C5,CILINDRO FRIZIONATO ASTRAL SIGILLO,2862,105.09,8.01535E+12,12
10A3S13101291,CILINDRO FRIZ.ASTRAL SIGILLO SMONTATO,2861,83.27,8.01535E+12,1
10A3S131012CL,CILINDRO FRIZIONATO ASTRAL SIGILLO,2862,101.79,8.01535E+12,12
10A3S131012CLC5,CILINDRO FRIZIONATO ASTRAL SIGILLO,2862,116.4,8.01535E+12,12
10A3S131012CP,CIL.ASTRAL S PROF.PERS. CH. LUNGA PERSONALIZZATA,2862,128.32,8.01535E+12,1
10A3S131066,CILINDRO FRIZIONATO ASTRAL SIGILLO,2862,96.69,8.01535E+12,12
10A3S1320,CILINDRO FRIZIONATO ASTRAL SIGILLO,2862,97.71,8.01535E+12,12
10A3S13200000C5,CILINDRO FRIZIONATO ASTRAL SIGILLO,2862,107.84,8.01535E+12,12
10A3S132000CL,CILINDRO FRIZIONATO ASTRAL SIGILLO,2862,104.62,8.01535E+12,12
10A3S132000CLC5,CILINDRO FRIZIONATO ASTRAL SIGILLO,2862,119.16,8.01535E+12,12
10A3S132012,CILINDRO FRIZIONATO ASTRAL SIGILLO,2862,99.67,8.01535E+12,12
10A3S13201200C5,CILINDRO FRIZIONATO ASTRAL SIGILLO,2862,109.78,8.01535E+12,12
10A3S13201291,CILINDRO FRIZ.ASTRAL SIGILLO SMONTATO,2861,87.98,8.01535E+12,1
10A3S132012CL,CILINDRO FRIZIONATO ASTRAL SIGILLO,2862,106.49,8.01535E+12,12
10A3S132012CLC5,CILINDRO FRIZIONATO ASTRAL SIGILLO,2862,121.07,8.01535E+12,12
10A3S132012CP,CIL.ASTRAL S PROF.PERS. CH. LUNGA PERSONALIZZATA,2862,133.92,8.01535E+12,1
10A3S132066CLC5,CILINDRO FRIZIONATO ASTRAL SIGILLO,2862,122.96,8.01535E+12,12
10A3S1330,CILINDRO FRIZIONATO ASTRAL SIGILLO,2862,93.01,8.01535E+12,12
10A3S13300000C5,CILINDRO FRIZIONATO ASTRAL SIGILLO,2862,103.15,8.01535E+12,12
10A3S133000CL,CILINDRO FRIZIONATO ASTRAL SIGILLO,2862,99.86,8.01535E+12,12
10A3S133000CLC5,CILINDRO FRIZIONATO ASTRAL SIGILLO,2862,114.45,8.01535E+12,12
10A3S133012,CILINDRO FRIZIONATO ASTRAL SIGILLO,2862,94.99,8.01535E+12,12
10A3S13301200C5,CILINDRO FRIZIONATO ASTRAL SIGILLO,2862,105.09,8.01535E+12,12
10A3S13301291,CILINDRO FRIZ.ASTRAL SIGILLO SMONTATO,2861,83.27,8.01535E+12,1
10A3S133012CL,CILINDRO FRIZIONATO ASTRAL SIGILLO,2862,101.79,8.01535E+12,12
10A3S133012CLC5,CILINDRO FRIZIONATO ASTRAL SIGILLO,2862,116.41,8.01535E+12,12
10A3S133012CP,CILINDRO FRIZIONATO ASTRAL SIGILLO,2862,128.32,8.01535E+12,1
10P14900066,COPPIA CIL. CH.P. ANTIT. AP4,3876,144.79,0,1
10A3S135000CL,CILINDRO FRIZIONATO ASTRAL SIGILLO,2862,124.21,8.01535E+12,6
10A3S135000CLC5,CILINDRO FRIZIONATO ASTRAL SIGILLO,2862,138.78,8.01535E+12,6
10A3S135012,CILINDRO FRIZIONATO ASTRAL SIGILLO,2862,119.3,8.01535E+12,6
10A3S13501200C5,CILINDRO FRIZIONATO ASTRAL SIGILLO,2862,129.41,8.01535E+12,6
10A3S13501291,CILINDRO FRIZ.ASTRAL SIGILLO SMONTATO,2861,107.6,8.01535E+12,1
10A3S135012CL,CILINDRO FRIZIONATO ASTRAL SIGILLO,2862,126.2,8.01535E+12,6
10A3S135012CLC5,CILINDRO FRIZIONATO ASTRAL SIGILLO,2862,140.83,8.01535E+12,6
10A3S135012CP,CIL.ASTRAL S PROF.PERS. CH. LUNGA PERSONALIZZATA,2862,157.5,8.01535E+12,1
10A3S1360,CILINDRO FRIZIONATO ASTRAL SIGILLO,2862,117.41,8.01535E+12,6
10A3S136000CL,CILINDRO FRIZIONATO ASTRAL SIGILLO,2862,124.21,8.01535E+12,6
10A3S136000CLC5,CILINDRO FRIZIONATO ASTRAL SIGILLO,2862,138.78,8.01535E+12,6
10A3S136012,CILINDRO FRIZIONATO ASTRAL SIGILLO,2862,119.34,8.01535E+12,6
10A3S13601200C5,CILINDRO FRIZIONATO ASTRAL SIGILLO,2862,129.48,8.01535E+12,6
10A3S13601291,CILINDRO FRIZ.ASTRAL SIGILLO SMONTATO,2861,107.7,8.01535E+12,1
10A3S136012CL,CILINDRO FRIZIONATO ASTRAL SIGILLO,2862,126.25,8.01535E+12,6
10A3S136012CLC5,CILINDRO FRIZIONATO ASTRAL SIGILLO,2862,140.8,8.01535E+12,6
10A3S136012CP,CIL.ASTRAL S PROF.PERS. CH. LUNGA PERSONALIZZATA,2862,157.5,8.01535E+12,1
10A3S1370,CILINDRO FRIZIONATO ASTRAL SIGILLO,2862,117.41,8.01535E+12,6
10A3S137012,CILINDRO FRIZIONATO ASTRAL SIGILLO,2862,119.34,8.01535E+12,6
10A3S13701200C5,CILINDRO FRIZIONATO ASTRAL SIGILLO,2862,129.48,8.01535E+12,6
10A3S13701291,CILINDRO FRIZ.ASTRAL SIGILLO SMONTATO,2861,107.7,8.01535E+12,1
10A3S137012CL,CILINDRO FRIZIONATO ASTRAL SIGILLO,2862,126.25,8.01535E+12,6
10A3S137012CLC5,CILINDRO FRIZIONATO ASTRAL SIGILLO,2862,140.83,8.01535E+12,6
10A3S137012CP,CILINDRO FRIZIONATO ASTRAL SIGILLO,2862,157.5,8.01535E+12,1
10A3S1380,CILINDRO FRIZIONATO ASTRAL SIGILLO,2862,102.66,8.01535E+12,6
10A3S138000CL,CILINDRO FRIZIONATO ASTRAL SIGILLO,2862,109.53,8.01535E+12,6
10A3S138012,CILINDRO FRIZIONATO ASTRAL SIGILLO,2862,104.67,8.01535E+12,6
10A3S13801200C5,CILINDRO FRIZIONATO ASTRAL SIGILLO,2862,114.77,8.01535E+12,6
10A3S13801291,CILINDRO FRIZ.ASTRAL SIGILLO SMONTATO,2861,92.99,8.01535E+12,1
10A3S138012CL,CILINDRO FRIZIONATO ASTRAL SIGILLO,2862,111.48,8.01535E+12,6
10A3S138012CLC5,CILINDRO FRIZIONATO ASTRAL SIGILLO,2862,126.03,8.01535E+12,6
10A3S138012CP,CIL.ASTRAL S PROF.PERS. CH. LUNGA PERSONALIZZATA,2862,139.97,8.01535E+12,1
10A3S1390,CILINDRO FRIZIONATO ASTRAL SIGILLO,2862,102.66,8.01535E+12,6
10A3S139000CL,CILINDRO FRIZIONATO ASTRAL SIGILLO,2862,109.53,8.01535E+12,6
10A3S139012,CILINDRO FRIZIONATO ASTRAL SIGILLO,2862,104.67,8.01535E+12,6
10A3S13901200C5,CILINDRO FRIZIONATO ASTRAL SIGILLO,2862,114.77,8.01535E+12,6
10A3S13901291,CILINDRO FRIZ.ASTRAL SIGILLO SMONTATO,2861,92.99,8.01535E+12,1
10A3S139012CL,CILINDRO FRIZIONATO ASTRAL SIGILLO,2862,111.48,8.01535E+12,6
10A3S139012CLC5,CILINDRO FRIZIONATO ASTRAL SIGILLO,2862,126.03,8.01535E+12,6
10A3S139012CP,CIL.ASTRAL S PROF.PERS. CH. LUNGA PERSONALIZZATA,2862,139.97,8.01535E+12,1
10A3S140000CL,CILINDRO FRIZIONATO ASTRAL SIGILLO,2862,133.84,8.01535E+12,
10A3S140012,CILINDRO FRIZIONATO ASTRAL SIGILLO,2862,128.96,8.01535E+12,6
10A3S14001200C5,CILINDRO FRIZIONATO ASTRAL SIGILLO,2862,139.1,8.01535E+12,6
10A3S140012CL,CILINDRO FRIZIONATO ASTRAL SIGILLO,2862,135.78,8.01535E+12,6
10A3S140012CLC5,CILINDRO FRIZIONATO ASTRAL SIGILLO,2862,150.44,8.01535E+12,6
10A3S140012CP,CIL.ASTRAL S PROF.PERS. CH. LUNGA PERSONALIZZATA,2862,169.08,8.01535E+12,1
10A3S1410,CILINDRO FRIZIONATO ASTRAL SIGILLO,2862,102.66,8.01535E+12,6
10A3S141012,CILINDRO FRIZIONATO ASTRAL SIGILLO,2862,104.67,8.01535E+12,6
10A3S14101200C5,CILINDRO FRIZIONATO ASTRAL SIGILLO,2862,114.77,8.01535E+12,6
10A3S14101291,CILINDRO FRIZ.ASTRAL SIGILLO SMONTATO,2861,92.99,8.01535E+12,1
10A3S141012CL,CILINDRO FRIZIONATO ASTRAL SIGILLO,2862,111.5,8.01535E+12,6
10A3S141012CLC5,CILINDRO FRIZIONATO ASTRAL SIGILLO,2862,126.03,8.01535E+12,6
10A3S141012CP,CILINDRO FRIZIONATO ASTRAL SIGILLO,2862,139.97,8.01535E+12,1
10A3S142012,CILINDRO FRIZIONATO ASTRAL SIGILLO,2862,104.67,8.01535E+12,6
10A3S14201200C5,CILINDRO FRIZIONATO ASTRAL SIGILLO,2862,114.77,8.01535E+12,6
10A3S14201291,CILINDRO FRIZ.ASTRAL SIGILLO SMONTATO,2861,92.99,8.01535E+12,1
10A3S142012CL,CILINDRO FRIZIONATO ASTRAL SIGILLO,2862,111.48,8.01535E+12,6
10A3S142012CLC5,CILINDRO FRIZIONATO ASTRAL SIGILLO,2862,126.03,8.01535E+12,6
10A3S142012CP,CILINDRO FRIZIONATO ASTRAL SIGILLO,2862,139.97,8.01535E+12,1
10A3S1430,CILINDRO FRIZIONATO ASTRAL SIGILLO,2862,107.54,8.01535E+12,6
10A3S143000CL,CILINDRO FRIZIONATO ASTRAL SIGILLO,2862,114.39,8.01535E+12,6
10A3S143000CLC5,CILINDRO FRIZIONATO ASTRAL SIGILLO,2862,128.97,8.01535E+12,6
10A3S143012,CILINDRO FRIZIONATO ASTRAL SIGILLO,2862,109.5,8.01535E+12,6
10A3S14301200C5,CILINDRO FRIZIONATO ASTRAL SIGILLO,2862,119.64,8.01535E+12,6
10A3S14301291,CILINDRO FRIZ.ASTRAL SIGILLO SMONTATO,2861,97.83,8.01535E+12,1
10A3S143012CL,CILINDRO FRIZIONATO ASTRAL SIGILLO,2862,116.32,8.01535E+12,6
10A3S143012CLC5,CILINDRO FRIZIONATO ASTRAL SIGILLO,2862,130.94,8.01535E+12,6
10A3S143012CP,CIL.ASTRAL S PROF.PERS. CH. LUNGA PERSONALIZZATA,2862,145.77,8.01535E+12,1
10A3S1460,CILINDRO FRIZIONATO ASTRAL SIGILLO,2862,97.71,8.01535E+12,12
10A3S146012,CILINDRO FRIZIONATO ASTRAL SIGILLO,2862,99.67,8.01535E+12,12
10A3S14601200C5,CILINDRO FRIZIONATO ASTRAL SIGILLO,2862,109.78,8.01535E+12,12
10A3S146012CL,CILINDRO FRIZIONATO ASTRAL SIGILLO,2862,106.49,8.01535E+12,12
10A3S146012CLC5,CILINDRO FRIZIONATO ASTRAL SIGILLO,2862,121.07,8.01535E+12,12
10A3S146012CP,CIL.ASTRAL S PROF.PERS. CH. PERSONALIZZATA,2862,133.95,8.01535E+12,1
10A3S149012,CIL.FRIZIONATO ASTRAL SIGILLO,2862,119.34,8.01535E+12,6
10A3S14901291,CIL.FRIZIONATO ASTRAL SIGILLO,2862,107.7,8.01535E+12,1
10A3S149012CL,CIL.FRIZIONATO ASTRAL SIGILLO,2862,126.19,8.01535E+12,6
10A3S149012CP,CIL.FRIZIONATO ASTRAL SIGILLO,2862,151.66,8.01535E+12,1
10A3S154012,CILINDRO FRIZIONATO ASTRAL SIGILLO,2862,114.39,8.01535E+12,6
10A3S15401291,CILINDRO FRIZ.ASTRAL SIGILLO SMONTATO,2861,102.69,8.01535E+12,1
10A3S156012,CIL.FRIZIONATO ASTRAL SIGILLO,2862,119.34,8.01535E+12,6
10A3S15601291,CIL.FRIZIONATO ASTRAL SIGILLO,2862,107.7,8.01535E+12,1
10A3S156012CL,CIL.FRIZIONATO ASTRAL SIGILLO,2862,126.16,8.01535E+12,6
10A3S156012CP,CIL.FRIZIONATO ASTRAL SIGILLO,2862,151.66,8.01535E+12,1
10A3S159012,CIL.FRIZIONATO ASTRAL SIGILLO,2862,124.28,8.01535E+12,6
10A3S159012CL,CIL.FRIZIONATO ASTRAL SIGILLO CH. LUNGHE,2862,131.1,8.01535E+12,6
10A3S164012,CIL.FRIZIONATO ASTRAL SIGILLO,2862,119.34,8.01535E+12,6
10A3S16401200C5,CIL.FRIZIONATO ASTRAL SIGILLO,2862,133.94,8.01535E+12,6
10A3S164012CL,CIL.FRIZIONATO ASTRAL SIGILLO,2862,126.16,8.01535E+12,6
10A3S164012CP,CIL.FRIZIONATO ASTRAL SIGILLO,2862,151.66,8.01535E+12,1
10A3S165012,CIL.FRIZIONATO ASTRAL SIGILLO,2862,124.28,8.01535E+12,6
10A3S165012CL,CIL.FRIZIONATO ASTRAL SIGILLO,2862,131.11,8.01535E+12,6
10A3S1700,CILINDRO FRIZIONATO ASTRAL SIGILLO,2862,117.41,8.01535E+12,6
10A3S170000CLC5,CILINDRO FRIZIONATO ASTRAL SIGILLO,2862,138.78,8.01535E+12,6
10A3S170012,CILINDRO FRIZIONATO ASTRAL SIGILLO,2862,119.3,8.01535E+12,6
10A3S17001200C5,CILINDRO FRIZIONATO ASTRAL SIGILLO,2862,129.41,8.01535E+12,6
10A3S17001291,CILINDRO FRIZ.ASTRAL SIGILLO SMONTATO,2861,107.6,8.01535E+12,1
10A3S170012CL,CILINDRO FRIZIONATO ASTRAL SIGILLO,2862,126.25,8.01535E+12,6
10A3S170012CLC5,CILINDRO FRIZIONATO ASTRAL SIGILLO,2862,140.83,8.01535E+12,6
10A3S170012CP,CIL.ASTRAL S PROF.PERS. CH. LUNGA PERSONALIZZATA,2862,157.5,8.01535E+12,1
10A3S1710,CILINDRO FRIZIONATO ASTRAL SIGILLO,2862,122.33,8.01535E+12,
10A3S171012,CILINDRO FRIZIONATO ASTRAL SIGILLO,2862,124.28,8.01535E+12,6
10A3S17101200C5,CILINDRO FRIZIONATO ASTRAL SIGILLO,2862,134.37,8.01535E+12,6
10A3S17101291,CILINDRO FRIZIONATO ASTRAL SIGILLO SMONTATO,2862,112.59,8.01535E+12,6
10A3S171012CL,CILINDRO FRIZIONATO ASTRAL SIGILLO,2862,131.09,8.01535E+12,6
10A3S171012CLC5,CILINDRO FRIZIONATO ASTRAL SIGILLO,2862,145.77,8.01535E+12,6
10A3S171012CP,CIL.ASTRAL S PROF.PERS. CH. LUNGA PERSONALIZZATA,2862,163.51,8.01535E+12,1
10A3S171066,CILINDRO FRIZIONATO ASTRAL SIGILLO,2862,126.06,8.01535E+12,6
10A3S177012,CIL.FRIZIONATO ASTRAL SIGILLO,2862,124.28,8.01535E+12,6
10A3S17701291,CIL.FRIZIONATO ASTRAL SIGILLO,2862,112.6,8.01535E+12,1
10A3S177012CL,CIL.FRIZIONATO ASTRAL SIGILLO CH. LUNGHE,2862,131.09,8.01535E+12,6
10A3S2070,CIL.GAMBO POM. ASTRAL SIGILLO,2860,69.08,8.01535E+12,12
10A3S20700000C5,CIL.GAMBO POM. ASTRAL SIGILLO,2860,79.16,8.01535E+12,12
10A3S207000CL,CIL.GAMBO POM. ASTRAL SIGILLO,2860,75.92,8.01535E+12,12
10A3S207000CLC5,CIL.GAMBO POM. ASTRAL SIGILLO CHIAVI LUNGHE,2860,93.01,8.01535E+12,12
10A3S207012,CIL.GAMBO POM. ASTRAL SIGILLO,2860,71.04,8.01535E+12,12
10A3S20701200C5,CIL.GAMBO POM. ASTRAL SIGILLO,2860,81.19,8.01535E+12,12
10A3S20701291,CILINDRO POM.ASTRAL SIGILLO SMONTATO,2861,59.34,8.01535E+12,1
10A3S207012CL,CIL.GAMBO POM. ASTRAL SIGILLO CHIAVI LUNGHE,2860,77.9,8.01535E+12,12
10A3S207012CLC5,CIL.GAMBO POM. ASTRAL SIGILLO CHIAVI LUNGHE,2860,90.61,8.01535E+12,12
10A3S2100,CIL.GAMBO POM. ASTRAL SIGILLO,2860,79.16,8.01535E+12,12
10A3S210000CL,CIL.GAMBO POM. ASTRAL SIGILLO,2860,85.97,8.01535E+12,12
10A3S210012CL,CIL.GAMBO POM. ASTRAL SIGILLO,2860,87.95,8.01535E+12,12
10A3S210012CLC5,CIL.GAMBO POM. ASTRAL SIGILLO,2860,102.51,8.01535E+12,12
10A3S212000CLC5,CIL.GAMBO POM. ASTRAL SIGILLO,2860,100.64,8.01535E+12,12
10A3S212012,CIL.GAMBO POM. ASTRAL SIGILLO,2860,81.04,8.01535E+12,12
10A3S21201200C5,CIL.GAMBO POM. ASTRAL SIGILLO,2860,91.2,8.01535E+12,1
10A3S21201291,CILINDRO POM.ASTRAL SIGILLO SMONTATO,2861,67.97,8.01535E+12,1
10A3S212012CL,CIL.GAMBO POM. ASTRAL SIGILLO,2860,87.96,8.01535E+12,12
10A3S212012CLC5,CIL.GAMBO POM. ASTRAL SIGILLO,2860,102.53,8.01535E+12,12
10A3S212012CP,CIL.ASTRAL PROF.PERS.CH.LUNGA PERSONALIZZATA,2860,111.64,8.01535E+12,1
10A3S2130,CIL.GAMBO POM. ASTRAL SIGILLO,2860,79.16,8.01535E+12,12
10A3S21300000C5,CIL.GAMBO POM. ASTRAL SIGILLO,2860,89.18,8.01535E+12,12
10A3S213000CL,CIL.GAMBO POM. ASTRAL SIGILLO,2860,85.97,8.01535E+12,12
10A3S213000CLC5,CIL.GAMBO POM. ASTRAL SIGILLO,2860,100.64,8.01535E+12,12
10A3S213012,CIL.GAMBO POM. ASTRAL SIGILLO,2860,81.04,8.01535E+12,12
10A3S21301200C5,CIL.GAMBO POM. ASTRAL SIGILLO,2860,91.2,8.01535E+12,12
10A3S21301291,CILINDRO POM.ASTRAL SIGILLO SMONTATO,2861,69.35,8.01535E+12,1
10A3S213012CL,CIL.GAMBO POM. ASTRAL SIGILLO,2860,87.96,8.01535E+12,12
10A3S213012CLC5,CIL.GAMBO POM. ASTRAL SIGILLO,2860,102.53,8.01535E+12,12
10A3S213012CP,CIL.ASTRAL PROF.PERS.CH.LUNGA PERSONALIZZATA,2860,111.64,8.01535E+12,1
10A3S21306600C5,CIL.GAMBO POM. ASTRAL SIGILLO,2860,94.4,8.01535E+12,12
10A3S2170,CIL. GAMBO POM. ASTRAL SIGILLO,2860,89.16,8.01535E+12,6
10A3S21700000C5,CIL. GAMBO POM. ASTRAL SIGILLO,2860,99.3,8.01535E+12,6
10A3S217000CL,CIL. GAMBO POM. ASTRAL SIGILLO,2860,96.03,8.01535E+12,6
10A3S217000CLC5,CIL. GAMBO POM. ASTRAL SIGILLO,2860,110.62,8.01535E+12,6
10A3S217012,CIL. GAMBO POM. ASTRAL SIGILLO,2860,91.08,8.01535E+12,6
10A3S21701200C5,CIL. GAMBO POM. ASTRAL SIGILLO,2860,101.29,8.01535E+12,6
10A3S21701291,CILINDRO POM.ASTRAL SIGILLO SMONTATO,2861,79.36,8.01535E+12,1
10A3S217012CL,CIL. GAMBO POM. ASTRAL SIGILLO,2860,97.94,8.01535E+12,6
10A3S217012CLC5,CIL. GAMBO POM. ASTRAL SIGILLO,2860,112.55,8.01535E+12,6
10A3S217012CP,CIL. GAMBO POM. ASTRAL SIGILLO,2860,123.69,8.01535E+12,1
10A3S2180,CIL. GAMBO POM. ASTRAL SIGILLO,2860,89.16,8.01535E+12,6
10A3S21800000C5,CIL. GAMBO POM. ASTRAL SIGILLO,2860,99.3,8.01535E+12,6
10A3S218000CL,CIL. GAMBO POM. ASTRAL SIGILLO,2860,96.03,8.01535E+12,6
10A3S218000CLC5,CIL.FRIZIONATO ASTRAL SIGILLO,2860,110.62,8.01535E+12,6
10A3S218012,CIL. GAMBO POM. ASTRAL SIGILLO,2860,91.08,8.01535E+12,6
10A3S21801200C5,CIL.POM.CH.P.ANT.SOLO GAM,2860,101.29,8.01535E+12,6
10A3S21801291,CILINDRO POM.ASTRAL SIGILLO SMONTATO,2861,79.36,8.01535E+12,1
10A3S218012CL,CIL. GAMBO POM. ASTRAL SIGILLO,2860,97.94,8.01535E+12,6
10A3S218012CLC5,CIL. GAMBO POM. ASTRAL SIGILLO,2860,112.54,8.01535E+12,6
10A3S218012CP,CIL.ASTRAL PROF.PERS.CH.LUNGA PERSONALIZZATA,2860,123.69,8.01535E+12,1
10A3S2190,CIL. GAMBO POM. ASTRAL SIGILLO,2860,89.16,8.01535E+12,6
10A3S21900000C5,CIL. GAMBO POM. ASTRAL SIGILLO,2860,99.3,8.01535E+12,6
10A3S219000CL,CIL. GAMBO POM. ASTRAL SIGILLO,2860,96.03,8.01535E+12,6
10A3S219000CLC5,CIL.FRIZIONATO ASTRAL SIGILLO,2860,110.62,8.01535E+12,6
10A3S219012,CIL. GAMBO POM. ASTRAL SIGILLO,2860,91.08,8.01535E+12,6
10A3S21901200C5,CIL. GAMBO POM. ASTRAL SIGILLO,2860,101.29,8.01535E+12,6
10A3S21901291,CILINDRO POM.ASTRAL SIGILLO SMONTATO,2861,77.82,8.01535E+12,1
10A3S219012CL,CIL. GAMBO POM. ASTRAL SIGILLO,2860,97.94,8.01535E+12,6
10A3S219012CLC5,CIL. GAMBO POM. ASTRAL SIGILLO,2860,112.54,8.01535E+12,6
10A3S219012CP,CIL. GAMBO POM. ASTRAL SIGILLO,2860,123.69,8.01535E+12,1
10A3S2200,CIL. GAMBO POM. ASTRAL SIGILLO,2860,99.47,8.01535E+12,6
10A3S22000000C5,CIL. GAMBO POM. ASTRAL SIGILLO,2860,109.51,8.01535E+12,6
10A3S220000CL,CIL. GAMBO POM. ASTRAL SIGILLO,2860,106.33,8.01535E+12,6
10A3S220000CLC5,CIL. GAMBO POM. ASTRAL SIGILLO,2860,120.91,8.01535E+12,6
10A3S220012,CIL. GAMBO POM. ASTRAL SIGILLO,2860,101.39,8.01535E+12,6
10A3S22001200C5,CIL. GAMBO POM. ASTRAL SIGILLO,2860,111.51,8.01535E+12,1
10A3S22001291,CILINDRO POM.ASTRAL SIGILLO SMONTATO,2861,89.72,8.01535E+12,1
10A3S220012CL,CIL. GAMBO POM. ASTRAL SIGILLO,2860,106.33,8.01535E+12,6
10A3S220012CLC5,CIL. GAMBO POM. ASTRAL SIGILLO,2860,120.9,8.01535E+12,6
10A3S220012CP,CIL. GAMBO POM. ASTRAL SIGILLO,2860,136.05,8.01535E+12,1
10A3S22006600C5,CIL. GAMBO POM. ASTRAL SIGILLO,2860,113.38,8.01535E+12,6
10A3S2210,CIL. GAMBO POM. ASTRAL SIGILLO,2860,99.47,8.01535E+12,6
10A3S22100000C5,CIL. GAMBO POM. ASTRAL SIGILLO,2860,109.51,8.01535E+12,6
10A3S221000CL,CILINDRO FRIZIONATO ASTRAL SIGILLO,2860,106.33,8.01535E+12,6
10A3S221000CLC5,CILINDRO FRIZIONATO ASTRAL SIGILLO,2860,120.91,8.01535E+12,6
10A3S221012,CIL. GAMBO POM. ASTRAL SIGILLO,2860,101.39,8.01535E+12,6
10A3S22101200C5,CIL. GAMBO POM. ASTRAL SIGILLO,2860,111.51,8.01535E+12,6
10A3S22101291,CIL. GAMBO POM. ASTRAL SIGILLO SMONTATO,2860,89.71,0,1
10A3S221012CL,CIL. GAMBO POM. ASTRAL SIGILLO,2860,108.25,8.01535E+12,6
10A3S221012CLC5,CIL. GAMBO POM. ASTRAL SIGILLO,2860,122.81,8.01535E+12,6
10A3S221012CP,CIL.ASTRAL PROF.PERS.CH.LUNGA PERSONALIZZATA,2860,136.05,8.01535E+12,1
10A3S2230,CIL. GAMBO POM. ASTRAL SIGILLO,2860,109.51,8.01535E+12,6
10A3S22300000C5,CIL. GAMBO POM. ASTRAL SIGILLO,2860,119.57,8.01535E+12,6
10A3S223000CL,CIL. GAMBO POM. ASTRAL SIGILLO,2860,116.35,8.01535E+12,6
10A3S223000CLC5,CIL. GAMBO POM. ASTRAL SIGILLO,2860,130.94,8.01535E+12,6
10A3S223012,CIL. GAMBO POM. ASTRAL SIGILLO,2860,111.45,8.01535E+12,6
10A3S22301200C5,CIL. GAMBO POM. ASTRAL SIGILLO,2860,121.59,8.01535E+12,6
10A3S22301291,CILINDRO POM.ASTRAL SIGILLO SMONTATO,2861,99.73,8.01535E+12,1
10A3S223012CL,CIL. GAMBO POM. ASTRAL SIGILLO,2860,118.27,8.01535E+12,6
10A3S223012CLC5,CIL. GAMBO POM. ASTRAL SIGILLO,2860,132.86,8.01535E+12,6
10A3S223012CP,CIL. GAMBO POM. ASTRAL SIGILLO,2860,148.08,8.01535E+12,1
10A3S22306600C5,CIL. GAMBO POM. ASTRAL SIGILLO,2860,123.45,8.01535E+12,6
10A3S2250,CIL. GAMBO POM. ASTRAL SIGILLO,2860,109.51,8.01535E+12,6
10A3S22500000C5,CIL. GAMBO POM. ASTRAL SIGILLO,2860,119.57,8.01535E+12,6
10A3S225000CL,CIL. GAMBO POM. ASTRAL SIGILLO,2860,116.35,8.01535E+12,6
10A3S225000CLC5,CIL. GAMBO POM. ASTRAL SIGILLO,2860,130.88,8.01535E+12,6
10A3S225012,CIL. GAMBO POM. ASTRAL SIGILLO,2860,111.45,8.01535E+12,6
10A3S225012CL,CIL. GAMBO POM. ASTRAL SIGILLO,2860,118.27,8.01535E+12,6
10A3S225012CLC5,CIL. GAMBO POM. ASTRAL SIGILLO,2860,132.86,8.01535E+12,6
10A3S2260,CIL.GAMBO POM. ASTRAL SIGILLO,2860,74.04,8.01535E+12,12
10A3S22600000C5,CIL.GAMBO POM. ASTRAL SIGILLO,2860,84.08,8.01535E+12,12
10A3S226000CL,CIL.GAMBO POM. ASTRAL SIGILLO,2860,80.91,8.01535E+12,12
10A3S226000CLC5,CIL. GAMBO POM. ASTRAL SIGILLO,2860,95.45,8.01535E+12,1
10A3S226012,CIL.GAMBO POM. ASTRAL SIGILLO,2860,75.95,8.01535E+12,12
10A3S22601200C5,CIL.GAMBO POM. ASTRAL SIGILLO,2860,86.08,8.01535E+12,1
10A3S22601291,CILINDRO POM.ASTRAL SIGILLO SMONTATO,2861,64.27,8.01535E+12,1
10A3S226012CL,CIL.GAMBO POM. ASTRAL SIGILLO CH. LUNGA,2860,82.79,8.01535E+12,12
10A3S226012CLC5,CIL.GAMBO POM. ASTRAL SIGILLO,2860,97.35,8.01535E+12,12
10A3S2270,CILINDRO GAMBO POMOLO ASTRAL SIGILLO,2860,84.23,8.01535E+12,12
10A3S227000CL,CILINDRO GAMBO POMOLO ASTRAL SIGILLO,2860,91.08,8.01535E+12,12
10A3S227012,CILINDRO GAMBO POMOLO ASTRAL SIGILLO,2860,85.7,8.01535E+12,12
10A3S227012CL,CILINDRO GAMBO POMOLO ASTRAL SIGILLO,2860,93,8.01535E+12,12
10A3S227012CLC5,CILINDRO GAMBO POMOLO ASTRAL SIGILLO,2860,107.57,8.01535E+12,12
10A3S2280,CIL.GAMBO POM. ASTRAL SIGILLO,2860,84.23,8.01535E+12,12
10A3S22800000C5,CIL. GAMBO POM. ASTRAL SIGILLO,2860,94.3,8.01535E+12,12
10A3S228000CL,CIL.GAMBO POM. ASTRAL SIGILLO,2860,91.04,8.01535E+12,1
10A3S228000CLC5,CIL.GAMBO POM. ASTRAL SIGILLO,2860,105.63,8.01535E+12,12
10A3S228012,CIL.GAMBO POM. ASTRAL SIGILLO,2860,86.18,8.01535E+12,12
10A3S22801200C5,CIL.GAMBO POM. ASTRAL SIGILLO,2860,96.32,8.01535E+12,1
10A3S22801291,CILINDRO POM.ASTRAL SIGILLO SMONTATO,2861,74.5,8.01535E+12,1
10A3S228012CL,CIL.GAMBO POM. ASTRAL SIGILLO,2860,93,8.01535E+12,12
10A3S228012CLC5,CIL.GAMBO POM. ASTRAL SIGILLO,2860,107.57,8.01535E+12,12
10A3S2290,CIL. GAMBO POM. ASTRAL SIGILLO,2860,99.47,8.01535E+12,6
10A3S22900000C5,CIL. GAMBO POM. ASTRAL SIGILLO,2860,109.51,8.01535E+12,6
10A3S229000CL,CIL. GAMBO POM. ASTRAL SIGILLO,2860,106.31,8.01535E+12,6
10A3S229000CLC5,CIL. GAMBO POM. ASTRAL SIGILLO,2860,120.91,8.01535E+12,6
10A3S229012,CIL. GAMBO POM. ASTRAL SIGILLO,2860,101.39,8.01535E+12,6
10A3S22901200C5,CIL. GAMBO POM. ASTRAL SIGILLO,2860,111.51,8.01535E+12,6
10A3S22901291,CILINDRO POM.ASTRAL SIGILLO SMONTATO,2861,89.58,8.01535E+12,1
10A3S229012CL,CIL. GAMBO POM. ASTRAL SIGILLO,2860,108.25,8.01535E+12,6
10A3S229012CLC5,CIL. GAMBO POM. ASTRAL SIGILLO,2860,122.82,8.01535E+12,6
10A3S229012CP,CIL.ASTRAL PROF.PERS.CH.LUNGA PERSONALIZZATA,2860,136.05,8.01535E+12,1
10A3S2300,CIL. GAMBO POM. ASTRAL SIGILLO,2860,94.38,8.01535E+12,6
10A3S23000000C5,CIL. GAMBO POM. ASTRAL SIGILLO,2860,104.45,8.01535E+12,6
10A3S230000CL,CIL. GAMBO POM. ASTRAL SIGILLO,2860,101.23,8.01535E+12,6
10A3S230000CLC5,CIL. GAMBO POM. ASTRAL SIGILLO,2860,115.02,8.01535E+12,6
10A3S230012,CIL. GAMBO POM. ASTRAL SIGILLO,2860,96.31,8.01535E+12,6
10A3S23001200C5,CIL. GAMBO POM. ASTRAL SIGILLO,2860,106.47,8.01535E+12,6
10A3S230012CL,CIL. GAMBO POM. ASTRAL SIGILLO,2860,103.09,8.01535E+12,6
10A3S230012CLC5,CIL. GAMBO POM. ASTRAL SIGILLO,2860,116.95,8.01535E+12,6
10A3S2350,CIL.GAMBO POM. ASTRAL SIGILLO,2860,119.78,8.01535E+12,6
10A3S23500000C5,CIL.GAMBO POM. ASTRAL SIGILLO,2860,129.83,8.01535E+12,6
10A3S235012CL,CIL.GAMBO POM. ASTRAL SIGILLO,2860,126.61,8.01535E+12,6
10A3S235012CLC5,CIL.GAMBO POM. ASTRAL SIGILLO,2860,141.2,8.01535E+12,6
10A3S235012CP,CIL.ASTRAL PROF.PERS.CH.LUNGA PERSONALIZZATA,2860,160.42,8.01535E+12,1
10A3S236012,CIL.GAMBO POM. ASTRAL SIGILLO,2860,121.69,8.01535E+12,6
10A3S236012CL,CIL.GAMBO POM. ASTRAL SIGILLO,2860,128.49,8.01535E+12,6
10A3S236012CLC5,CIL.GAMBO POM. ASTRAL SIGILLO,2860,143.13,8.01535E+12,6
10A3S2370,CIL.GAMBO POM. ASTRAL SIGILLO,2860,119.78,8.01535E+12,6
10A3S23700000C5,CIL.GAMBO POM. ASTRAL SIGILLO,2860,129.83,8.01535E+12,6
10A3S237012,CIL.GAMBO POM. ASTRAL SIGILLO,2860,121.72,8.01535E+12,6
10A3S23701291,CILINDRO POM.ASTRAL SIGILLO SMONTATO,2861,110,8.01535E+12,1
10A3S237012CL,CIL.GAMBO POM. ASTRAL SIGILLO,2860,128.52,8.01535E+12,1
10A3S237012CLC5,CIL.GAMBO POM. ASTRAL SIGILLO,2860,143.12,8.01535E+12,6
10A3S2390,CIL. GAMBO POM. ASTRAL SIGILLO,2860,104.63,8.01535E+12,6
10A3S23900000C5,CIL. GAMBO POM. ASTRAL SIGILLO,2860,114.66,8.01535E+12,6
10A3S239000CL,CIL. GAMBO POM. ASTRAL SIGILLO,2860,111.46,8.01535E+12,6
10A3S239012,CIL. GAMBO POM. ASTRAL SIGILLO,2860,106.54,8.01535E+12,6
10A3S23901291,CILINDRO POM.ASTRAL SIGILLO SMONTATO,2861,94.87,8.01535E+12,1
10A3S239012CL,CIL. GAMBO POM. ASTRAL SIGILLO,2860,113.4,8.01535E+12,6
10A3S239012CLC5,CIL. GAMBO POM. ASTRAL SIGILLO,2860,127.96,8.01535E+12,6
10A3S2400,CIL.GAMBO POM. ASTRAL SIGILLO,2860,129.84,8.01535E+12,6
10A3S240012,CIL.GAMBO POM. ASTRAL SIGILLO,2860,131.83,8.01535E+12,6
10A3S24001200C5,CIL.GAMBO POM. ASTRAL SIGILLO,2860,141.92,8.01535E+12,6
10A3S240012CL,CIL.GAMBO POM. ASTRAL SIGILLO,2860,138.64,8.01535E+12,6
10A3S2420,CIL. GAMBO POM. ASTRAL SIGILLO,2860,104.63,8.01535E+12,6
10A3S242012,CIL. GAMBO POM. ASTRAL SIGILLO,2860,106.56,8.01535E+12,6
10A3S24201291,CILINDRO POM.ASTRAL SIGILLO SMONTATO,2861,94.89,8.01535E+12,1
10A3S242012CL,CIL. GAMBO POM. ASTRAL SIGILLO,2860,113.4,8.01535E+12,6
10A3S242012CLC5,CIL. GAMBO POM. ASTRAL SIGILLO,2860,127.96,8.01535E+12,1
10A3S2430,CIL. GAMBO POM. ASTRAL SIGILLO,2860,109.51,8.01535E+12,6
10A3S24300000C5,CIL. GAMBO POM. ASTRAL SIGILLO,2860,119.57,8.01535E+12,6
10A3S243012,CIL. GAMBO POM. ASTRAL SIGILLO,2860,111.45,8.01535E+12,6
10A3S243012CL,CIL. GAMBO POM. ASTRAL SIGILLO,2860,118.27,8.01535E+12,6
10A3S243012CLC5,CIL. GAMBO POM. ASTRAL SIGILLO,2860,132.86,8.01535E+12,6
10A3S2460,CIL. GAMBO POM. ASTRAL SIGILLO,2860,99.47,8.01535E+12,6
10A3S246000CL,CIL. GAMBO POM. ASTRAL SIGILLO,2860,106.31,8.01535E+12,6
10A3S246012,CIL. GAMBO POM. ASTRAL SIGILLO,2860,101.38,8.01535E+12,6
10A3S246012CL,CIL. GAMBO POM. ASTRAL SIGILLO,2860,108.22,8.01535E+12,6
10A3S2540,CIL. GAMBO POM. ASTRAL SIGILLO,2860,114.88,8.01535E+12,6
10A3S254012,CIL. GAMBO POM. ASTRAL SIGILLO,2860,116.86,8.01535E+12,6
10A3S254012CL,CIL. GAMBO POM. ASTRAL SIGILLO,2860,123.67,8.01535E+12,6
10A3S254012CLC5,CIL. GAMBO POM. ASTRAL SIGILLO,2860,138.25,8.01535E+12,6
10A3S264012,CIL. GAMBO POM. ASTRAL SIGILLO,2860,116.86,8.01535E+12,6
10A3S26401200C5,CIL. GAMBO POM. ASTRAL SIGILLO,2860,126.92,8.01535E+12,6
10A3S264012CL,CIL. GAMBO POM. ASTRAL SIGILLO,2860,123.67,8.01535E+12,6
10A3S264012CLC5,CIL. GAMBO POM. ASTRAL SIGILLO,2860,138.25,8.01535E+12,6
10A3S2700,CIL.GAMBO POM. ASTRAL SIGILLO,2860,119.78,8.01535E+12,6
10A3S27000000C5,CIL.GAMBO POM. ASTRAL SIGILLO,2860,129.83,8.01535E+12,6
10A3S270000CLC5,CIL.GAMBO POM. ASTRAL SIGILLO,2860,141.21,8.01535E+12,1
10A3S270012CL,CIL.GAMBO POM. ASTRAL SIGILLO,2860,128.48,8.01535E+12,6
10A3S270012CLC5,CIL.GAMBO POM. ASTRAL SIGILLO,2860,143.09,8.01535E+12,6
10A3S270012CP,CIL.ASTRAL PROF.PERS.CH.LUNGA PERSONALIZZATA,2860,160.42,8.01535E+12,1
10A3S2710,CIL. GAMBO POM. ASTRAL SIGILLO,2860,124.98,8.01535E+12,6
10A3S27100000C5,CIL. GAMBO POM. ASTRAL SIGILLO,2860,134.99,8.01535E+12,6
10A3S271012CL,CIL. GAMBO POM. ASTRAL SIGILLO,2860,133.7,8.01535E+12,6
10A3S2720,CIL.GAMBO POM. ASTRAL SIGILLO,2860,129.84,8.01535E+12,6
10A3S272012,CIL.GAMBO POM. ASTRAL SIGILLO,2860,131.76,8.01535E+12,6
10A3S27201291,CIL.GAMBO POM. ASTRAL SIGILLO SMONTATO,2860,126.93,8.01535E+12,6
10A3S272012CL,CIL.GAMBO POM. ASTRAL SIGILLO,2860,138.62,8.01535E+12,6
10A3S272012CLC5,CIL.GAMBO POM. ASTRAL SIGILLO,2860,153.27,8.01535E+12,6
10A3S2810,CIL.GAMBO POM. ASTRAL SIGILLO,2860,74.04,8.01535E+12,12
10A3S28100000C5,CIL.GAMBO POM. ASTRAL SIGILLO,2860,84.08,8.01535E+12,12
10A3S281012,CIL.GAMBO POM. ASTRAL SIGILLO,2860,75.95,8.01535E+12,12
10A3S28101200C5,CIL.GAMBO POM. ASTRAL SIGILLO,2860,86.08,8.01535E+12,12
10A3S28101291,CILINDRO POM.ASTRAL SIGILLO SMONTATO,2861,64.27,8.01535E+12,1
10A3S281012CL,CIL.GAMBO POM. ASTRAL SIGILLO,2860,82.79,8.01535E+12,12
10A3S2820,CIL.GAMBO POM. ASTRAL SIGILLO,2860,79.16,8.01535E+12,12
10A3S28200000C5,CIL.GAMBO POM. ASTRAL SIGILLO,2860,89.18,8.01535E+12,12
10A3S282000CL,CIL.GAMBO POM. ASTRAL SIGILLO,2860,86.02,8.01535E+12,12
10A3S282000CLC5,CIL.GAMBO POM. ASTRAL SIGILLO,2860,100.63,8.01535E+12,12
10A3S282012,CIL.GAMBO POM. ASTRAL SIGILLO,2860,81.04,8.01535E+12,12
10A3S28201200C5,CIL.GAMBO POM. ASTRAL SIGILLO,2860,91.2,8.01535E+12,12
10A3S28201291,CILINDRO POM.ASTRAL SIGILLO SMONTATO,2861,69.35,8.01535E+12,1
10A3S282012CL,CIL.GAMBO POM. ASTRAL SIGILLO,2860,87.96,8.01535E+12,12
10A3S282012CLC5,CIL.GAMBO POM. ASTRAL SIGILLO,2860,102.53,8.01535E+12,12
10A3S282012CP,CIL.ASTRAL PROF.PERS.CH.LUNGA PERSONALIZZATA,2860,111.65,8.01535E+12,1
10A3S282066,CIL.GAMBO POM. ASTRAL SIGILLO,2860,82.83,8.01535E+12,12
10A3S2830,CIL.GAMBO POM. ASTRAL SIGILLO,2860,84.23,8.01535E+12,12
10A3S28300000C5,CIL.GAMBO POM. ASTRAL SIGILLO,2860,94.3,8.01535E+12,12
10A3S283000CLC5,CIL.GAMBO POM. ASTRAL SIGILLO,2860,105.68,8.01535E+12,12
10A3S283012,CIL.GAMBO POM. ASTRAL SIGILLO,2860,86.18,8.01535E+12,12
10A3S28301200C5,CIL.GAMBO POM. ASTRAL SIGILLO,2860,96.32,8.01535E+12,12
10A3S28301291,CILINDRO POM.ASTRAL SIGILLO SMONTATO,2861,74.5,8.01535E+12,1
10A3S283012CL,CIL.GAMBO POM. ASTRAL SIGILLO,2860,93,8.01535E+12,12
10A3S283012CLC5,CIL.GAMBO POM. ASTRAL SIGILLO,2860,107.57,8.01535E+12,12
10A3S2840,CIL. GAMBO POM. ASTRAL SIGILLO,2860,94.38,8.01535E+12,6
10A3S28400000C5,CIL. GAMBO POM. ASTRAL SIGILLO,2860,104.45,8.01535E+12,6
10A3S284000CLC5,CIL. GAMBO POM. ASTRAL SIGILLO,2860,115.74,8.01535E+12,1
10A3S284012,CIL. GAMBO POM. ASTRAL SIGILLO,2860,96.31,8.01535E+12,6
10A3S28401200C5,CIL. GAMBO POM. ASTRAL SIGILLO,2860,106.42,8.01535E+12,1
10A3S28401291,CILINDRO POM.ASTRAL SIGILLO SMONTATO,2861,84.58,8.01535E+12,1
10A3S284012CL,CIL. GAMBO POM. ASTRAL SIGILLO,2860,103.09,8.01535E+12,6
10A3S284012CLC5,CIL. GAMBO POM. ASTRAL SIGILLO,2860,117.68,8.01535E+12,6
10A3S285012,CIL. GAMBO POM. ASTRAL SIGILLO,2860,91.08,8.01535E+12,6
10A3S28501200C5,CIL. GAMBO POM. ASTRAL SIGILLO,2860,101.29,8.01535E+12,6
10A3S28501291,CILINDRO POM.ASTRAL SIGILLO SMONTATO,2861,79.36,8.01535E+12,1
10A3S285012CL,CIL. GAMBO POM. ASTRAL SIGILLO,2860,97.94,8.01535E+12,6
10A3S285012CLC5,CIL. GAMBO POM. ASTRAL SIGILLO,2860,112.54,8.01535E+12,6
10A3S285012CP,CIL.ASTRAL S PROF.PERS. CH. LUNGA PERSONALIZZATA,2860,123.69,8.01535E+12,1
10A3S285066,CIL. GAMBO POM. ASTRAL SIGILLO,2860,92.9,8.01535E+12,6
10A3S2860,CIL.GAMBO POM. ASTRAL SIGILLO,2860,129.84,8.01535E+12,6
10A3S28600000C5,CIL.GAMBO POM. ASTRAL SIGILLO,2860,139.99,8.01535E+12,6
10A3S286012,CIL.GAMBO POM. ASTRAL SIGILLO,2860,131.83,8.01535E+12,6
10A3S286012CL,CIL.GAMBO POM. ASTRAL SIGILLO,2860,138.59,8.01535E+12,6
10A3S286012CP,CIL.GAMBO POM. ASTRAL SIGILLO,2860,172.49,8.01535E+12,1
10A3S2890,CIL.GAMBO POM. ASTRAL SIGILLO,2860,119.78,8.01535E+12,6
10A3S28900000C5,CIL.GAMBO POM. ASTRAL SIGILLO,2860,129.83,8.01535E+12,6
10A3S289012,CIL.GAMBO POM. ASTRAL SIGILLO,2860,121.72,8.01535E+12,6
10A3S28901200C5,CIL.GAMBO POM. ASTRAL SIGILLO,2860,131.84,8.01535E+12,6
10A3S289012CL,CIL.GAMBO POM. ASTRAL SIGILLO,2860,128.52,8.01535E+12,6
10A3S289012CLC5,CIL.GAMBO POM. ASTRAL SIGILLO,2860,143.13,8.01535E+12,6
10A3S2940,CIL. GAMBO POM. ASTRAL SIGILLO,2860,94.38,8.01535E+12,6
10A3S29400000C5,CIL. GAMBO POM. ASTRAL SIGILLO,2860,104.45,8.01535E+12,6
10A3S294000CL,CIL. GAMBO POM. ASTRAL SIGILLO,2860,101.18,8.01535E+12,6
10A3S294012,CIL. GAMBO POM. ASTRAL SIGILLO,2860,96.31,8.01535E+12,6
10A3S29401200C5,CIL. GAMBO POM. ASTRAL SIGILLO,2860,106.42,8.01535E+12,6
10A3S29401291,CILINDRO POM.ASTRAL SIGILLO SMONTATO,2861,84.58,8.01535E+12,1
10A3S294012CL,CIL. GAMBO POM. ASTRAL SIGILLO,2860,103.09,8.01535E+12,6
10A3S294012CP,CIL.ASTRAL PROF.PERS.CH.LUNGA PERSONALIZZATA,2860,129.92,8.01535E+12,1
10A3S2980,CIL. GAMBO POM. ASTRAL SIGILLO,2860,104.63,8.01535E+12,6
10A3S29800000C5,CIL. GAMBO POM. ASTRAL SIGILLO,2860,114.66,8.01535E+12,6
10A3S298012,CIL. GAMBO POM. ASTRAL SIGILLO,2860,106.57,8.01535E+12,6
10A3S29801200C5,CIL. GAMBO POM. ASTRAL SIGILLO,2860,116.65,8.01535E+12,1
10A3S29801291,CILINDRO POM.ASTRAL SIGILLO SMONTATO,2861,94.9,8.01535E+12,1
10A3S298012CL,CIL. GAMBO POM. ASTRAL SIGILLO,2860,113.4,8.01535E+12,6
10A3S298012CLC5,CIL. GAMBO POM. ASTRAL SIGILLO,2860,127.97,8.01535E+12,6
10A3S7070,CIL.GAMBO POM. ASTRAL SIGILLO,2860,82.47,8.01535E+12,6
10A3S70700000C5,CIL.GAMBO POM. ASTRAL SIGILLO,2860,92.62,8.01535E+12,6
10A3S707000CL,CIL.GAMBO POM. ASTRAL SIGILLO CHIAVE LUNGA,2860,89.33,8.01535E+12,6
10A3S707000CLC5,CIL.GAMBO POM. ASTRAL SIGILLO CHIAVE LUNGA,2860,103.93,8.01535E+12,6
10A3S707012,CIL.GAMBO POM. ASTRAL SIGILLO,2860,84.42,8.01535E+12,6
10A3S70701200C5,CIL.GAMBO POM. ASTRAL SIGILLO,2860,94.31,8.01535E+12,6
10A3S70701291,CILINDRO POM.ASTRAL SIGILLO SMONTATO,2861,72.72,8.01535E+12,1
10A3S707012CL,CIL.GAMBO POM. ASTRAL SIGILLO CHIAVE LUNGA,2860,91.23,8.01535E+12,6
10A3S707012CLC5,CIL.GAMBO POM. ASTRAL SIGILLO CHIAVE LUNGA,2860,105.85,8.01535E+12,6
10A3S707012CP,CIL.GAMBO POM. ASTRAL SIGILLO,2860,115.66,8.01535E+12,1
10A3S707066CLC5,CIL.GAMBO POM. ASTRAL SIGILLO CHIAVE LUNGA,2860,107.58,8.01535E+12,6
10A3S7120,CIL.GAMBO POM. ASTRAL SIGILLO,2860,92.54,8.01535E+12,6
10A3S71200000C5,CIL.GAMBO POM. ASTRAL SIGILLO,2860,102.66,8.01535E+12,6
10A3S712000CL,CIL.GAMBO POM.ASTRAL SIGILLO CHIAVE LUNGA,2860,91.23,8.01535E+12,6
10A3S712000CLC5,CIL.GAMBO POM. ASTRAL SIGILLO,2860,113.53,8.01535E+12,6
10A3S712012,CIL.GAMBO POM. ASTRAL SIGILLO,2860,94.48,8.01535E+12,6
10A3S71201200C5,CIL.GAMBO POM.ASTRAL SIGILLO,2860,104.31,8.01535E+12,6
10A3S71201291,CILINDRO POM.ASTRAL SIGILLO SMONTATO,2861,82.79,8.01535E+12,1
10A3S712012CL,CIL.GAMBO POM.ASTRAL SIGILLO CHIAVE LUNGA,2860,101.33,8.01535E+12,6
10A3S712012CLC5,CIL.GAMBO POM.ASTRAL SIGILLO CHIAVE LUNGA,2860,115.91,8.01535E+12,6
10A3S712012CP,CIL.GAMBO POM. ASTRAL SIGILLO,2860,127.75,8.01535E+12,1
10A3S712012PF,CIL GAMBO RAS ASTRAL SIGILLO 70 30/40 5 CH BLISTER,2859,86.05,8.01535E+12,
10P15000066,COPPIA CIL.AP4 PER 1A631-1A721-1A73,3876,144.79,0,1
10A3S7810,CIL.GAMBO POM. ASTRAL SIGILLO,2860,87.53,8.01535E+12,6
10A3S78100000C5,CIL.GAMBO POM. ASTRAL SIGILLO,2860,97.64,8.01535E+12,6
10A3S781000CL,CIL.GAMBO POM. ASTRAL SIGILLO,2860,94.4,8.01535E+12,6
10A3S781000CLC5,CIL.GAMBO RAS. ASTRAL SIGILLO,2860,108.97,8.01535E+12,6
10A3S781012,CIL.GAMBO POM. ASTRAL SIGILLO,2860,89.42,8.01535E+12,6
10A3S78101200C5,CIL.GAMBO RAS. ASTRAL SIGILLO,2860,99.3,8.01535E+12,6
10A3S781012CL,CIL.GAMBO POM. ASTRAL SIGILLO,2860,96.27,8.01535E+12,6
10A3S781012CLC5,CIL.GAMBO POM. ASTRAL SIGILLO,2860,110.92,8.01535E+12,6
10A3S781012CP,CIL.GAMBO POM. ASTRAL SIGILLO,2860,121.72,8.01535E+12,1
10A3S781066CL,CIL.GAMBO POM. ASTRAL SIGILLO,2860,98.11,8.01535E+12,6
10A3S7870,CIL.GAMBO POM. ASTRAL SIGILLO,2860,112.85,8.01535E+12,6
10A3S78700000C5,CIL.GAMBO POM. ASTRAL SIGILLO,2860,122.94,8.01535E+12,6
10A3S787000CL,CIL.GAMBO POM. ASTRAL SIGILLO,2860,119.68,8.01535E+12,6
10A3S787000CLC5,CIL.GAMBO POM.ASTRAL SIGILLO CHIAVE LUNGA,2860,133.78,8.01535E+12,6
10A3S787012,CIL.GAMBO POM. ASTRAL SIGILLO,2860,114.74,8.01535E+12,6
10A3S78701200C5,CIL.GAMBO POM. ASTRAL SIGILLO,2860,124.63,8.01535E+12,6
10A3S78701291,CILINDRO POM.ASTRAL SIGILLO SMONTATO,2861,103.04,8.01535E+12,1
10A3S787012CL,CIL.GAMBO POM.ASTRAL SIGILLO CHIAVE LUNGA,2860,121.69,8.01535E+12,6
10A3S787012CLC5,CIL.GAMBO POM.ASTRAL SIGILLO CHIAVE LUNGA,2860,136.28,8.01535E+12,6
10A3S787012CP,CIL.ASTRAL SIGILLO PERSONALIZZATO,2860,152.13,8.01535E+12,1
10A3S7880,CIL. GAMBO POM. ASTRAL SIGILLO,2860,123.09,8.01535E+12,6
10A3S78800000C5,CIL. GAMBO POM. ASTRAL SIGILLO,2860,133.23,8.01535E+12,6
10A3S788000CL,CIL. GAMBO POM. ASTRAL SIGILLO,2860,129.94,8.01535E+12,1
10A3S788000CLC5,CIL. GAMBO POM. ASTRAL SIGILLO,2860,144.53,8.01535E+12,6
10A3S788012,CIL. GAMBO POM. ASTRAL SIGILLO,2860,125.1,8.01535E+12,6
10A3S78801200C5,CIL. GAMBO POM. ASTRAL SIGILLO,2860,135.18,8.01535E+12,6
10A3S78801291,CILINDRO POM.ASTRAL SIGILLO SMONTATO,2861,113.4,8.01535E+12,1
10A3S788012CL,CIL. GAMBO POM. ASTRAL SIGILLO,2860,131.9,8.01535E+12,6
10A3S788012CLC5,CIL. GAMBO POM. ASTRAL SIGILLO,2860,146.54,8.01535E+12,6
10A3S788012CP,CIL.POM.RAS.ASTRAL SIGILLO,2860,162.36,8.01535E+12,1
10A3S7900,CIL. GAMBO POM. ASTRAL SIGILLO,2860,102.62,8.01535E+12,6
10A3S79000000C5,CIL. GAMBO POM. ASTRAL SIGILLO,2860,112.75,8.01535E+12,6
10A3S790000CL,CIL. GAMBO POM. ASTRAL SIGILLO,2860,109.49,8.01535E+12,6
10A3S790000CLC5,CIL.GAMBO POM.ASTRAL SIGILLO CHIAVE LUNGA,2860,123.55,8.01535E+12,6
10A3S790012,CIL. GAMBO POM. ASTRAL SIGILLO,2860,104.53,8.01535E+12,6
10A3S79001200C5,CIL. GAMBO POM. ASTRAL SIGILLO,2860,114.43,8.01535E+12,6
10A3S79001291,CILINDRO POM.ASTRAL SIGILLO SMONTATO,2861,92.88,8.01535E+12,1
10A3S790012CL,CIL.GAMBO POM.ASTRAL SIGILLO CHIAVE LUNGA,2860,111.35,8.01535E+12,6
10A3S790012CLC5,CIL.GAMBO POM.ASTRAL SIGILLO CHIAVE LUNGA,2860,125.97,8.01535E+12,6
10A3S790012CP,CIL.GAMBO POM. ASTRAL SIGILLO,2860,139.88,8.01535E+12,1
10A3S7910,CIL.GAMBO POM. ASTRAL SIGILLO,2860,97.55,8.01535E+12,6
10A3S79100000C5,CIL.GAMBO POM. ASTRAL SIGILLO,2860,107.73,8.01535E+12,6
10A3S791000CL,CIL.GAMBO POM. ASTRAL SIGILLO,2860,104.39,8.01535E+12,6
10A3S791000CLC5,CIL.GAMBO RAS. ASTRAL SIGILLO,2860,119.03,8.01535E+12,6
10A3S791012,CIL.GAMBO POM. ASTRAL SIGILLO,2860,99.47,8.01535E+12,6
10A3S79101200C5,CIL.GAMBO RAS. ASTRAL SIGILLO,2860,109.34,8.01535E+12,6
10A3S791012CL,CIL.GAMBO POM. ASTRAL SIGILLO,2860,106.33,8.01535E+12,6
10A3S791012CLC5,CIL.GAMBO POM. ASTRAL SIGILLO,2860,120.93,8.01535E+12,6
10A3S791012CP,CIL.GAMBO POM. ASTRAL SIGILLO,2860,133.75,8.01535E+12,1
10A3S791012CPC5,CIL.GAMBO POM. ASTRAL SIGILLO,2860,148.31,8.01535E+12,6
10A3S79106600C5,CIL.GAMBO POM. ASTRAL SIGILLO,2860,111.48,8.01535E+12,1
10A3S7920,CIL.GAMBO POM. ASTRAL SIGILLO,2860,107.61,8.01535E+12,6
10A3S79200000C5,CIL.GAMBO POM. ASTRAL SIGILLO,2860,117.8,8.01535E+12,6
10A3S792000CLC5,CIL.GAMBO RAS. ASTRAL SIGILLO,2860,129.05,8.01535E+12,6
10A3S792012,CIL.GAMBO POM. ASTRAL SIGILLO,2860,109.59,8.01535E+12,6
10A3S79201200C5,CIL.GAMBO POM. ASTRAL SIGILLO,2860,119.45,8.01535E+12,6
10A3S79201291,CILINDRO POM.ASTRAL SIGILLO SMONTATO,2861,97.92,8.01535E+12,1
10A3S792012CL,CIL.GAMBO POM. ASTRAL SIGILLO,2860,116.41,8.01535E+12,6
10A3S792012CLC5,CIL.GAMBO POM. ASTRAL SIGILLO,2860,131,8.01535E+12,6
10A3S792012CP,CIL ASTRAL S PERSONALIZZATO,2860,146.21,8.01535E+12,1
10A410000,CIL. FILETT. CH.P. ANTIT.,2852,68.98,8.01535E+12,6
10A4100000091,CILINDRO ASTRAL SMONTATO,2853,60.41,8.01535E+12,1
10A4100000091PP,CIL. FILETT. CH.P. ANTIT. SM,2853,60.41,8.01535E+12,1
10A41000000CL,CIL. FILETT. ANTIT. CHIAVE LUNGA,2852,76.44,8.01535E+12,1
10A415010,FILET. CH.P. MICRO SW.,2852,131.93,8.01535E+12,6
10A4150100000C5,FILET. CH.P. MICRO SW. - CON 5 CHIAVI IN DOTAZ.,2852,142.93,8.01535E+12,6
10A4150100091,FILET. CH.P. MICRO SW. SMONTATO,2853,123.53,0,6
10A415030,FILETT. M.SW. CH.PIATTA,2852,105.56,8.01535E+12,6
10A4150300000C5,CILINDRO MICRO SWICH CH.PIATTA CON 5 CHIAVI,2852,116.51,8.01535E+12,6
10A510000,C500 CH.PIATTA STD ANTIT.,2852,59.5,8.01535E+12,6
10A5100000000C5,C500 CH.PIATTA STD ANTIT.,2852,70.46,8.01535E+12,6
10A51000012,C500 CH. P. ANTIT.,2852,61.24,8.01535E+12,6
10A5100001200C5,C500 CH. P. ANTIT.,2852,72.2,8.01535E+12,6
10A51000012CL,C500 CH. P. ANTIT.,2852,68.71,8.01535E+12,6
10A51000012CLC5,C500 CH. P. ANTIT.,2852,84.62,8.01535E+12,6
10A51000012CP,C500 ASTRAL CHIAVI E PROF. PERSONALIZZATO,2852,72.26,8.01535E+12,1
10A510110,CILINDRO APPLICARE CON CORAZZA,2852,112.12,8.01535E+12,6
10A51011000CL,CILINDRO APPLICARE CON CORAZZA,2852,110.92,8.01535E+12,1
10A610000,CIL.X LUC. CORAZZATI C.P.,2852,50,8.01535E+12,6
10A6100000091,CIL.X LUC.CORAZZATI ASTRAL SMONTATO,2853,42.05,8.01535E+12,1
10A61000000CP,CIL.X LUC. CORAZZATI PROF.PERS.,2852,64.28,8.01535E+12,1
10A610100,CILINDRO ASTRAL X COMANDO ESTERNO MANIGLIONE,2852,50,8.01535E+12,6
10A61010000CL,CILINDRO ASTRAL X COMANDO ESTERNO MANIGLIONE,2852,57.44,8.01535E+12,6
10A61010012CL,CILINDRO ASTRAL X COMANDO ESTERNO MANIGLIONE,2852,59.21,8.01535E+12,6
10E115000,COPPIA CILINDRI PER 1A630,2832,56.85,8.01535E+12,6
10E11500012,COPPIA CILINDRI PER 1A630,2832,58.69,8.01535E+12,6
10E149000,COPPIA CIL.ASIX PER 11721,2832,56.85,8.01535E+12,6
10E14900012,COPPIA CIL.ASIX PER 11721,2832,58.69,8.01535E+12,6
10E150000,COPPIA CIL.ASIX PER 1A631-1A721-1A731,2832,56.85,8.01535E+12,6
10E15000012,COPPIA CIL.ASIX PER 1A631-1A721-1A731,2832,58.69,8.01535E+12,6
10E200500,CIL.TUBO FISSO MM 50 PER 1A611,2832,36.45,8.01535E+12,6
10E20050012,CIL.TUBO FISSO MM 50 PER 1A611,2832,37.92,8.01535E+12,6
10E300050,CILINDRO DOPPIO ASIX,2830,19.15,8.01535E+12,6
10E3000500000C5,CILINDRO DOPPIO ASIX,2830,25.14,8.01535E+12,6
10E30005012,CILINDRO DOPPIO ASIX,2830,19.15,8.01535E+12,6
10E3000501200C5,CILINDRO DOPPIO ASIX,2830,25.14,8.01535E+12,6
10E300060,CILINDRO DOPPIO ASIX,2830,22.75,8.01535E+12,6
10E3000600000C5,CILINDRO DOPPIO ASIX,2830,28.65,8.01535E+12,6
10E30006012,CILINDRO DOPPIO ASIX,2830,22.75,8.01535E+12,6
10E3000601200C5,CILINDRO DOPPIO ASIX,2830,28.65,8.01535E+12,6
10E300070,CILINDRO DOPPIO ASIX,2830,20.94,8.01535E+12,6
10E3000700000C5,CILINDRO DOPPIO ASIX,2830,26.92,8.01535E+12,6
10E30007012,CILINDRO DOPPIO ASIX,2830,20.94,8.01535E+12,6
10E3000701200C5,CILINDRO DOPPIO ASIX,2830,26.92,8.01535E+12,6
10E3000701271,CILINDRO DOPPIO ASIX PONZIO PA30018,2830,20.94,8.01535E+12,
10E30007012LF,CILINDRO DOPPIO ASIX  SAIMA,2830,26.92,8.01535E+12,6
10E300080,CILINDRO DOPPIO ASIX,2830,20.94,8.01535E+12,6
10E3000800000C5,CILINDRO DOPPIO ASIX,2830,26.92,8.01535E+12,6
10E30008000RAC5,CIL.ASIX CON INVITO A ROTTURA,2830,35.26,8.01535E+12,6
10E30008012,CILINDRO DOPPIO ASIX,2830,20.94,8.01535E+12,6
10E3000801200C5,CILINDRO DOPPIO ASIX,2830,26.92,8.01535E+12,6
10E30008012RAC5,CIL.ASIX CON INVITO A ROTTURA,2830,36.35,8.01535E+12,6
10E300090,CILINDRO DOPPIO ASIX,2830,22.75,8.01535E+12,6
10E3000900000C5,CILINDRO DOPPIO ASIX,2830,28.65,8.01535E+12,6
10E30009012,CILINDRO DOPPIO ASIX,2830,22.75,8.01535E+12,6
10E3000901200C5,CILINDRO DOPPIO ASIX,2830,28.65,8.01535E+12,6
10E300100,CILINDRO DOPPIO ASIX,2830,24.54,8.01535E+12,6
10E3001000000C5,CILINDRO DOPPIO ASIX,2830,30.49,8.01535E+12,6
10E30010012,CILINDRO DOPPIO ASIX,2830,24.54,8.01535E+12,6
10E3001001200C5,CILINDRO DOPPIO ASIX,2830,30.49,8.01535E+12,6
10E300110,CILINDRO DOPPIO ASIX,2830,26.92,8.01535E+12,6
10E3001100000C5,CILINDRO DOPPIO ASIX,2830,32.9,8.01535E+12,6
10E30011012,CILINDRO DOPPIO ASIX,2830,26.92,8.01535E+12,6
10E3001101200C5,CILINDRO DOPPIO ASIX,2830,32.9,8.01535E+12,6
10E3001101271,CILINDRO DOPPIO ASIX PONZIO PA30020,2830,26.92,8.01535E+12,
10E300120,CILINDRO DOPPIO ASIX,2830,24.54,8.01535E+12,6
10E3001200000C5,CILINDRO DOPPIO ASIX,2830,30.55,8.01535E+12,6
10E30012012,CILINDRO DOPPIO ASIX,2830,24.54,8.01535E+12,6
10E3001201200C5,CILINDRO DOPPIO ASIX 5 CHIAVI,2830,30.55,8.01535E+12,6
10E3001201271,CILINDRO DOPPIO ASIX PONZIO PA30021,2830,24.54,8.01535E+12,6
10E300130,CILINDRO DOPPIO ASIX,2830,24.54,8.01535E+12,6
10E3001300000C5,CILINDRO DOPPIO ASIX,2830,30.55,8.01535E+12,6
10E30013012,CILINDRO DOPPIO ASIX,2830,24.54,8.01535E+12,6
10E3001301200C5,CILINDRO DOPPIO ASIX,2830,30.55,8.01535E+12,6
10E300170,CILINDRO DOPPIO ASIX,2830,29.25,8.01535E+12,6
10E3001700000C5,CILINDRO DOPPIO ASIX,2830,35.26,8.01535E+12,6
10E30017000BB,CILINDRO DOPPIO ASIX CAMMA DIN CONF. IND.,2830,29.25,8.01535E+12,6
10E30017000RAC5,CIL.ASIX CON INVITO A ROTTURA,2830,40.53,8.01535E+12,6
10E30017012,CILINDRO DOPPIO ASIX,2830,29.25,8.01535E+12,6
10E3001701200C5,CILINDRO DOPPIO ASIX,2830,35.26,8.01535E+12,6
10E3001701271,CILINDRO DOPPIO ASIX PONZIO PA30022,2830,29.25,8.01535E+12,6
10E30017012BB,CILINDRO DOPPIO ASIX CAMMA DIN CONF. IND.,2830,29.25,8.01535E+12,6
10E30017012RAC5,CIL.ASIX CON INVITO A ROTTURA,2830,43.64,8.01535E+12,6
10E300180,CILINDRO DOPPIO ASIX,2830,29.25,8.01535E+12,6
10E3001800000C5,CILINDRO DOPPIO ASIX,2830,35.26,8.01535E+12,6
10E30018012,CILINDRO DOPPIO ASIX,2830,29.25,8.01535E+12,6
10E3001801200C5,CILINDRO DOPPIO ASIX,2830,35.26,8.01535E+12,6
10E300190,CILINDRO DOPPIO ASIX,2830,29.25,8.01535E+12,6
10E3001900000C5,CILINDRO DOPPIO ASIX,2830,35.26,8.01535E+12,6
10E30019012,CILINDRO DOPPIO ASIX,2830,29.25,8.01535E+12,6
10E3001901200C5,CILINDRO DOPPIO ASIX,2830,35.26,8.01535E+12,6
10E300200,CILINDRO DOPPIO ASIX,2830,34.04,8.01535E+12,6
10E3002000000C5,CILINDRO DOPPIO ASIX,2830,40.03,8.01535E+12,6
10E30020012,CILINDRO DOPPIO ASIX,2830,34.04,8.01535E+12,6
10E3002001200C5,CILINDRO DOPPIO ASIX,2830,40.03,8.01535E+12,6
10E300210,CILINDRO DOPPIO ASIX,2830,34.04,8.01535E+12,6
10E3002100000C5,CILINDRO DOPPIO ASIX,2830,40.03,8.01535E+12,6
10E30021000CFC5,CILINDRO ASIX EURO DOPPIO CA,2830,42.79,8.01535E+12,20
10E30021012,CILINDRO DOPPIO ASIX,2830,34.04,8.01535E+12,6
10E3002101200C5,CILINDRO DOPPIO ASIX,2830,40.03,8.01535E+12,6
10E300220,CILINDRO DOPPIO ASIX,2830,38.82,8.01535E+12,6
10E3002200000C5,CILINDRO DOPPIO ASIX,2830,44.75,8.01535E+12,6
10E30022012,CILINDRO DOPPIO ASIX,2830,38.82,8.01535E+12,6
10E3002201200C5,CILINDRO DOPPIO ASIX,2830,44.75,8.01535E+12,6
10E300230,CILINDRO DOPPIO ASIX,2830,38.82,8.01535E+12,6
10E3002300000C5,CILINDRO DOPPIO ASIX,2830,44.77,8.01535E+12,6
10E30023012,CILINDRO DOPPIO ASIX,2830,38.82,8.01535E+12,6
10E3002301200C5,CILINDRO DOPPIO ASIX,2830,44.77,8.01535E+12,6
10E300240,CILINDRO DOPPIO ASIX,2830,38.82,8.01535E+12,6
10E3002400000C5,CILINDRO DOPPIO ASIX,2830,44.75,8.01535E+12,6
10E30024012,CILINDRO DOPPIO ASIX,2830,38.82,8.01535E+12,6
10E3002401200C5,CILINDRO DOPPIO ASIX,2830,44.75,8.01535E+12,6
10E300250,CILINDRO DOPPIO ASIX,2830,38.82,8.01535E+12,6
10E3002500000C5,CILINDRO DOPPIO ASIX,2830,44.75,8.01535E+12,6
10E30025012,CILINDRO DOPPIO ASIX,2830,38.82,8.01535E+12,6
10E3002501200C5,CILINDRO DOPPIO ASIX,2830,44.75,8.01535E+12,6
10E300260,CILINDRO DOPPIO ASIX,2830,22.75,8.01535E+12,6
10E3002600000C5,CILINDRO DOPPIO ASIX,2830,28.65,8.01535E+12,6
10E30026012,CILINDRO DOPPIO ASIX,2830,22.75,8.01535E+12,6
10E3002601200C5,CILINDRO DOPPIO ASIX,2830,28.65,8.01535E+12,6
10E300270,CILINDRO DOPPIO ASIX,2830,26.92,8.01535E+12,6
10E3002700000C5,CILINDRO DOPPIO ASIX,2830,32.9,8.01535E+12,6
10E30027012,CILINDRO DOPPIO ASIX,2830,26.92,8.01535E+12,6
10E3002701200C5,CILINDRO DOPPIO ASIX,2830,32.9,8.01535E+12,6
10E300280,CILINDRO DOPPIO ASIX,2830,26.92,8.01535E+12,6
10E3002800000C5,CILINDRO DOPPIO ASIX,2830,32.9,8.01535E+12,6
10E30028012,CILINDRO DOPPIO ASIX,2830,26.92,8.01535E+12,6
10E3002801200C5,CILINDRO DOPPIO ASIX,2830,32.9,8.01535E+12,6
10E300290,CILINDRO DOPPIO ASIX,2830,34.04,8.01535E+12,6
10E3002900000C5,CILINDRO DOPPIO ASIX,2830,40.03,8.01535E+12,6
10E30029012,CILINDRO DOPPIO ASIX,2830,34.04,8.01535E+12,6
10E3002901200C5,CILINDRO DOPPIO ASIX,2830,40.03,8.01535E+12,6
10E300300,CILINDRO DOPPIO ASIX,2830,31.63,8.01535E+12,6
10E3003000000C5,CILINDRO DOPPIO ASIX,2830,37.7,8.01535E+12,6
10E30030012,CILINDRO DOPPIO ASIX,2830,31.63,8.01535E+12,6
10E3003001200C5,CILINDRO DOPPIO ASIX,2830,37.7,8.01535E+12,6
10E300310,CILINDRO DOPPIO ASIX,2830,31.63,8.01535E+12,6
10E3003100000C5,CILINDRO DOPPIO ASIX,2830,37.7,8.01535E+12,6
10E30031012,CILINDRO DOPPIO ASIX,2830,31.63,8.01535E+12,6
10E3003101200C5,CILINDRO DOPPIO ASIX,2830,37.7,8.01535E+12,6
10E300320,CILINDRO DOPPIO ASIX,2830,34.04,8.01535E+12,6
10E3003200000C5,CILINDRO DOPPIO ASIX,2830,40.03,8.01535E+12,6
10E30032012,CILINDRO DOPPIO ASIX,2830,34.04,8.01535E+12,6
10E3003201200C5,CILINDRO DOPPIO ASIX,2830,40.03,8.01535E+12,6
10E300330,CILINDRO DOPPIO ASIX,2830,31.63,8.01535E+12,6
10E3003300000C5,CILINDRO DOPPIO ASIX,2830,37.68,8.01535E+12,6
10E30033012,CILINDRO DOPPIO ASIX,2830,31.63,8.01535E+12,6
10E3003301200C5,CILINDRO DOPPIO ASIX,2830,37.68,8.01535E+12,6
10E300350,CILINDRO DOPPIO ASIX,2830,43.65,8.01535E+12,6
10E3003500000C5,CILINDRO DOPPIO ASIX,2830,49.54,8.01535E+12,6
10E30035012,CILINDRO DOPPIO ASIX,2830,43.65,8.01535E+12,6
10E3003501200C5,CILINDRO DOPPIO ASIX,2830,49.54,8.01535E+12,6
10E300360,CILINDRO DOPPIO ASIX,2830,43.65,8.01535E+12,6
10E3003600000C5,CILINDRO DOPPIO ASIX,2830,49.54,8.01535E+12,6
10E30036012,CILINDRO DOPPIO ASIX,2830,43.65,8.01535E+12,6
10E3003601200C5,CILINDRO DOPPIO ASIX,2830,49.54,8.01535E+12,6
10E300370,CILINDRO DOPPIO ASIX,2830,43.65,8.01535E+12,6
10E3003700000C5,CILINDRO DOPPIO ASIX,2830,49.65,8.01535E+12,6
10E30037012,CILINDRO DOPPIO ASIX,2830,43.65,8.01535E+12,6
10E3003701200C5,CILINDRO DOPPIO ASIX,2830,49.65,8.01535E+12,6
10E300380,CILINDRO DOPPIO ASIX,2830,36.46,8.01535E+12,6
10E3003800000C5,CILINDRO DOPPIO ASIX,2830,42.39,8.01535E+12,6
10E30038012,CILINDRO DOPPIO ASIX,2830,36.46,8.01535E+12,6
10E3003801200C5,CILINDRO DOPPIO ASIX,2830,42.39,8.01535E+12,6
10E300390,CILINDRO DOPPIO ASIX,2830,36.46,8.01535E+12,6
10E3003900000C5,CILINDRO DOPPIO ASIX,2830,42.41,8.01535E+12,6
10E30039012,CILINDRO DOPPIO ASIX,2830,36.46,8.01535E+12,6
10E3003901200C5,CILINDRO DOPPIO ASIX,2830,42.41,8.01535E+12,6
10E300400,CILINDRO DOPPIO ASIX,2830,48.37,8.01535E+12,6
10E3004000000C5,CILINDRO DOPPIO ASIX,2830,54.34,8.01535E+12,6
10E30040012,CILINDRO DOPPIO ASIX,2830,48.37,8.01535E+12,6
10E3004001200C5,CILINDRO DOPPIO ASIX,2830,54.34,8.01535E+12,6
10E300410,CILINDRO DOPPIO ASIX,2830,36.46,8.01535E+12,6
10E3004100000C5,CILINDRO DOPPIO ASIX,2830,42.41,8.01535E+12,6
10E30041012,CILINDRO DOPPIO ASIX,2830,36.46,8.01535E+12,6
10E3004101200C5,CILINDRO DOPPIO ASIX,2830,42.41,8.01535E+12,6
10E300420,CILINDRO DOPPIO ASIX,2830,36.46,8.01535E+12,6
10E3004200000C5,CILINDRO DOPPIO ASIX,2830,41.86,8.01535E+12,6
10E30042012,CILINDRO DOPPIO ASIX,2830,36.46,8.01535E+12,6
10E3004201200C5,CILINDRO DOPPIO ASIX,2830,41.86,8.01535E+12,6
10E300430,CILINDRO DOPPIO ASIX,2830,38.82,8.01535E+12,6
10E3004300000C5,CILINDRO DOPPIO ASIX,2830,44.75,8.01535E+12,6
10E30043012,CILINDRO DOPPIO ASIX,2830,38.82,8.01535E+12,6
10E3004301200C5,CILINDRO DOPPIO ASIX,2830,44.75,8.01535E+12,6
10E30044012,CILINDRO DOPPIO ASIX,2830,41.16,8.01535E+12,6
10E30045012,CILINDRO DOPPIO ASIX,2830,48.37,8.01535E+12,6
10E3004501200C5,CILINDRO DOPPIO ASIX,2830,54.31,8.01535E+12,6
10E30049012,CILINDRO DOPPIO ASIX,2830,41.16,8.01535E+12,6
10E3004901200C5,CILINDRO DOPPIO ASIX,2830,47.13,8.01535E+12,6
10E30054012,CILINDRO DOPPIO ASIX,2830,41.16,8.01535E+12,6
10E30056012,CILINDRO DOPPIO ASIX,2830,41.16,8.01535E+12,6
10E3006100000C5,CILINDRO DOPPIO ASIX,2830,51.97,8.01535E+12,6
10E30061012,CILINDRO DOPPIO ASIX,2830,42.34,8.01535E+12,6
10E3006101200C5,CILINDRO DOPPIO ASIX,2830,49.97,8.01535E+12,6
10E30062012,CILINDRO DOPPIO ASIX,2830,48.37,8.01535E+12,6
10E3006201200C5,CILINDRO DOPPIO ASIX,2830,55.42,8.01535E+12,6
10E30064012,CILINDRO DOPPIO ASIX,2830,41.16,8.01535E+12,6
10E300700,CILINDRO DOPPIO ASIX,2830,43.65,8.01535E+12,6
10E3007000000C5,CILINDRO DOPPIO ASIX,2830,49.04,8.01535E+12,6
10E30070012,CILINDRO DOPPIO ASIX,2830,43.65,8.01535E+12,6
10E3007001200C5,CILINDRO DOPPIO ASIX,2830,49.04,8.01535E+12,6
10E30071012,CILINDRO DOPPIO ASIX,2830,46.02,8.01535E+12,6
10E3007101200C5,CILINDRO DOPPIO ASIX,2830,51.94,8.01535E+12,6
10E30106012,CILINDRO DOPPIO ASIX FRIZIONATO,2831,35.5,8.01535E+12,6
10E301200,CILINDRO DOPPIO ASIX FRIZIONATO,2831,48.96,8.01535E+12,
10E30122012,CILINDRO DOPPIO ASIX FRIZIONATO,2831,54.68,8.01535E+12,6
10E3012201200C5,CILINDRO DOPPIO ASIX FRIZIONATO,2831,61.74,8.01535E+12,6
10E3012301200C5,CILINDRO DOPPIO ASIX FRIZIONATO,2831,61.74,8.01535E+12,
10E30130012,CILINDRO DOPPIO ASIX FRIZIONATO,2831,46.15,8.01535E+12,6
10E3013101200C5,CILINDRO DOPPIO ASIX FRIZIONATO,2831,53.19,8.01535E+12,6
10E30135012,CILINDRO DOPPIO ASIX FRIZIONATO,2831,60.37,8.01535E+12,
10E30136012,CILINDRO DOPPIO ASIX FRIZIONATO,2831,60.37,8.01535E+12,6
10E30138012,CILINDRO DOPPIO ASIX FRIZIONATO,2831,51.82,8.01535E+12,6
10E3013901200C5,CILINDRO DOPPIO ASIX FRIZIONATO,2831,58.95,8.01535E+12,
10E30141012,CILINDRO DOPPIO ASIX FRIZIONATO,2831,51.82,8.01535E+12,6
10E3014201200C5,CILINDRO DOPPIO ASIX FRIZIONATO,2831,58.95,8.01535E+12,
10E30171012,CILINDRO DOPPIO ASIX FRIZIONATO,2831,63.33,8.01535E+12,
10E302070,CILINDRO CH.PIATTA ASIX GAMBO POMOLO,2830,22.12,8.01535E+12,6
10E3020700000C5,CILINDRO CH.PIATTA ASIX GAMBO POMOLO,2830,28.07,8.01535E+12,6
10E30207012,CILINDRO CH.PIATTA ASIX GAMBO POMOLO,2830,23.9,8.01535E+12,6
10E3020701200C5,CILINDRO CH.PIATTA ASIX GAMBO POMOLO,2830,29.86,8.01535E+12,6
10E302120,CILINDRO CH.PIATTA ASIX GAMBO POMOLO,2830,24.54,8.01535E+12,6
10E3021200000C5,CILINDRO CH. PIATTA M6 CON GAMBO POMOLO,2830,30.49,8.01535E+12,6
10E30212012,CILINDRO CH. PIATTA M6 CON GAMBO POMOLO,2830,26.25,8.01535E+12,6
10E3021201200C5,CILINDRO CH. PIATTA M6 CON GAMBO POMOLO,2830,32.24,8.01535E+12,6
10E302130,CILINDRO CH. PIATTA M6 CON GAMBO POMOLO,2830,24.54,8.01535E+12,6
10E3021300000C5,CILINDRO CH. PIATTA ASIX   GAMBO POMOLO,2830,30.49,8.01535E+12,6
10E30213012,CILINDRO CH. PIATTA M6 CON GAMBO POMOLO,2830,26.25,8.01535E+12,6
10E3021301200C5,CILINDRO CH. PIATTA M6 CON GAMBO POMOLO,2830,32.23,8.01535E+12,6
10E302170,CILINDRO CH. PIATTA M6 CON GAMBO POMOLO,2830,28.05,8.01535E+12,6
10E3021700000C5,CILINDRO CH. PIATTA M6 CON GAMBO POMOLO,2830,34.04,8.01535E+12,6
10E30217012,CILINDRO CH. PIATTA M6 CON GAMBO POMOLO,2830,29.79,8.01535E+12,6
10E3021701200C5,CILINDRO CH. PIATTA M6 CON GAMBO POMOLO,2830,35.78,8.01535E+12,6
10E302180,CILINDRO CH. PIATTA M6 CON GAMBO POMOLO,2830,28.05,8.01535E+12,6
10E3021800000C5,CILINDRO CH. PIATTA ASIX   GAMBO POMOLO,2830,34.04,8.01535E+12,6
10E30218012,CILINDRO CH. PIATTA M6 CON GAMBO POMOLO,2830,29.79,8.01535E+12,6
10E3021801200C5,CILINDRO CH. PIATTA M6 CON GAMBO POMOLO,2830,35.78,8.01535E+12,6
10E302190,CILINDRO CH. PIATTA M6 CON GAMBO POMOLO,2830,28.05,8.01535E+12,6
10E3021900000C5,CILINDRO CH. PIATTA M6 CON GAMBO POMOLO,2830,34.04,8.01535E+12,6
10E30219012,CILINDRO CH. PIATTA M6 CON GAMBO POMOLO,2830,29.79,8.01535E+12,6
10E3021901200C5,CILINDRO CH. PIATTA M6 CON GAMBO POMOLO,2830,35.8,8.01535E+12,6
10E30219012CF,CILINDRO ASIX EURO GAMBO POMOLO CA,2830,32.5,8.01535E+12,6
10E302200,CILINDRO CH. PIATTA M6 CON GAMBO POMOLO,2830,31.62,8.01535E+12,6
10E30220012,CILINDRO CH. PIATTA M6 CON GAMBO POMOLO,2830,33.32,8.01535E+12,6
10E3022001200C5,CILINDRO CH. PIATTA M6 CON GAMBO POMOLO,2830,38.81,8.01535E+12,6
10E302210,CILINDRO CH. PIATTA M6 CON GAMBO POMOLO,2830,31.62,8.01535E+12,6
10E3022100000C5,CILINDRO CH. PIATTA M6 CON GAMBO POMOLO,2830,37.68,8.01535E+12,6
10E30221012,CILINDRO CH. PIATTA M6 CON GAMBO POMOLO,2830,33.32,8.01535E+12,6
10E3022101200C5,CILINDRO CH. PIATTA M6 CON GAMBO POMOLO,2830,38.81,8.01535E+12,6
10E302230,CILINDRO CH. PIATTA M6 CON GAMBO POMOLO,2830,35.25,8.01535E+12,6
10E3022300000C5,CILINDRO CH. PIATTA M6 CON GAMBO POMOLO,2830,41.16,8.01535E+12,6
10E30223012,CILINDRO CH. PIATTA M6 CON GAMBO POMOLO,2830,36.98,8.01535E+12,6
10E3022301200C5,CILINDRO CH. PIATTA M6 CON GAMBO POMOLO,2830,42.94,8.01535E+12,6
10E302260,CILINDRO CH. PIATTA M6 CON GAMBO POMOLO,2830,23.32,8.01535E+12,6
10E3022600000C5,CILINDRO CH. PIATTA M6 CON GAMBO POMOLO,2830,29.29,8.01535E+12,6
10E30226012,CILINDRO CH. PIATTA M6 CON GAMBO POMOLO,2830,25.04,8.01535E+12,6
10E3022601200C5,CILINDRO CH. PIATTA M6 CON GAMBO POMOLO,2830,31.02,8.01535E+12,6
10E302280,CILINDRO CH. PIATTA M6 CON GAMBO POMOLO,2830,26.3,8.01535E+12,6
10E3022800000C5,CILINDRO CH. PIATTA M6 CON GAMBO POMOLO,2830,34.01,8.01535E+12,6
10E30228012,CILINDRO CH. PIATTA M6 CON GAMBO POMOLO,2830,28.01,8.01535E+12,6
10E3022801200C5,CILINDRO CH. PIATTA M6 CON GAMBO POMOLO,2830,34.01,8.01535E+12,6
10E302290,CILINDRO CH. PIATTA M6 CON GAMBO POMOLO,2830,31.62,8.01535E+12,6
10E3022900000C5,CILINDRO CH. PIATTA M6 CON GAMBO POMOLO,2830,37.68,8.01535E+12,6
10E30229012,CILINDRO AISIX GAMBO POMOLO,2830,33.32,8.01535E+12,6
10E3022901200C5,CIL. EUROPEO ASIX CON GAMBO POMOLO,2830,38.81,8.01535E+12,6
10E302300,CILINDRO CH. PIATTA M6 CON GAMBO POMOLO,2830,29.88,8.01535E+12,6
10E30230012,CILINDRO CH. PIATTA M6 CON GAMBO POMOLO,2830,31.6,8.01535E+12,6
10E3023001200C5,CILINDRO CH. PIATTA ASIX GAMBO POMOLO,2830,37.6,8.01535E+12,6
10E302360,CILINDRO CH. PIATTA M6 CON GAMBO POMOLO,2830,38.8,8.01535E+12,6
10E30236012,CILINDRO CH. PIATTA M6 CON GAMBO POMOLO,2830,40.55,8.01535E+12,6
10E302390,CILINDRO CH. PIATTA M6 CON GAMBO POMOLO,2830,33.35,8.01535E+12,6
10E3023900000C5,CILINDRO CH. PIATTA M6 CON GAMBO POMOLO,2830,39.42,8.01535E+12,6
10E30239012,CILINDRO CH. PIATTA M6 CON GAMBO POMOLO,2830,35.18,8.01535E+12,6
10E3023901200C5,CILINDRO CH. PIATTA M6 CON GAMBO POMOLO,2830,41.11,8.01535E+12,6
10E302400,CILINDRO CH. PIATTA M6 CON GAMBO POMOLO,2830,42.41,8.01535E+12,6
10E30240012,CILINDRO ASIX CON GAMBO POMOLO,2830,44.13,8.01535E+12,6
10E302420,CILINDRO CH. PIATTA M6 CON GAMBO POMOLO,2830,33.35,8.01535E+12,6
10E3024200000C5,CILINDRO CH. PIATTA ASIX GAMBO POMOLO,2830,41.13,8.01535E+12,6
10E30242012,CILINDRO CH. PIATTA M6 CON GAMBO POMOLO,2830,35.18,8.01535E+12,6
10E3024201200C5,CILINDRO CH. PIATTA M6 CON GAMBO POMOLO,2830,41.13,8.01535E+12,6
10E302430,CILINDRO CH. PIATTA M6 CON GAMBO POMOLO,2830,35.25,8.01535E+12,6
10E3024300000C5,CILINDRO CH. PIATTA M6 CON GAMBO POMOLO,2830,41.17,8.01535E+12,6
10E30243012,CILINDRO CH. PIATTA M6 CON GAMBO POMOLO,2830,36.98,8.01535E+12,6
10E3024301200C5,CILINDRO CH. PIATTA M6 CON GAMBO POMOLO,2830,42.38,8.01535E+12,6
10E302460,CILINDRO CH. PIATTA M6 CON GAMBO POMOLO,2830,31.62,8.01535E+12,6
10E30246012,CILINDRO CH. PIATTA M6 CON GAMBO POMOLO,2830,33.32,8.01535E+12,6
10E302540,CILINDRO CH. PIATTA M6 CON GAMBO POMOLO,2830,37.04,8.01535E+12,6
10E30254012,CILINDRO CH. PIATTA M6 CON GAMBO POMOLO,2830,38.71,8.01535E+12,6
10E3025401200C5,CILINDRO CH. PIATTA ASIX GAMBO POMOLO,2830,44.69,8.01535E+12,6
10E302640,CILINDRO CH. PIATTA M6 CON GAMBO POMOLO,2830,37.04,8.01535E+12,6
10E3026400000C5,CILINDRO ASIX GAMBO POMOLO,2830,43.15,8.01535E+12,
10E30264012,CILINDRO CH. PIATTA M6 CON GAMBO POMOLO,2830,38.71,8.01535E+12,6
10E3026401200C5,CILINDRO CH. PIATTA ASIX GAMBO POMOLO,2830,44.68,8.01535E+12,6
10E302810,CILINDRO CH. PIATTA M6 CON GAMBO POMOLO,2830,23.32,8.01535E+12,6
10E3028100000C5,CIL ASIX CON GAMBO POMOLO,2830,29.27,8.01535E+12,6
10E30281012,CILINDRO CH. PIATTA M6 CON GAMBO POMOLO,2830,25.04,8.01535E+12,6
10E3028101200C5,CILINDRO ASIX GAMBO POMOLO,2830,31,8.01535E+12,6
10E302820,CILINDRO CH. PIATTA M6 CON GAMBO POMOLO,2830,24.54,8.01535E+12,6
10E3028200000C5,CILINDRO CH. PIATTA ASIX   GAMBO POMOLO,2830,30.49,8.01535E+12,6
10E30282012,CILINDRO CH. PIATTA M6 CON GAMBO POMOLO,2830,26.25,8.01535E+12,6
10E3028201200C5,CILINDRO CH. PIATTA M6 CON GAMBO POMOLO,2830,32.23,8.01535E+12,6
10E30282012CFC5,CILINDRO ASIX EURO GAMBO POMOLO CA,2830,34.91,8.01535E+12,20
10E302840,CILINDRO CH. PIATTA ASIX GAMBO POMOLO,2830,29.88,8.01535E+12,6
10E3028400000C5,CILINDRO CH. PIATTA ASIX GAMBO POMOLO,2830,35.83,8.01535E+12,6
10E30284012,CILINDRO CH. PIATTA M6 CON GAMBO POMOLO,2830,31.6,8.01535E+12,6
10E3028401200C5,CILINDRO CH. PIATTA ASIX   GAMBO POMOLO,2830,37.6,8.01535E+12,6
10E3028500000C5,CILINDRO CH. PIATTA M6 CON GAMBO POMOLO,2830,35.78,8.01535E+12,6
10E3028501200C5,CILINDRO CH. PIATTA M6 CON GAMBO POMOLO,2830,35.78,8.01535E+12,6
10E3028700000C5,CILINDRO POMOLO ASIX CISA 5 CHIAVI,2830,37.68,8.01535E+12,6
10E3028701200C5,CILINDRO POMOLO ASIX CISA 5 CHIAVI,2830,38.81,8.01535E+12,6
10E3028900000C5,CILINDRO CH. PIATTA M6 CON GAMBO POMOLO,2830,44.85,8.01535E+12,6
10E3028901200C5,CILINDRO CH. PIATTA M6 CON GAMBO POMOLO,2830,46.59,8.01535E+12,6
10E3029000000C5,CILINDRO POMOLO ASIX CISA,2830,34.04,8.01535E+12,6
10E30290012,CILINDRO POMOLO ASIX CISA,2830,29.79,8.01535E+12,6
10E30307012,CIL.DOPPIO EUROPEO ASIX A INGEGNO RIDOTTO,2830,20.35,8.01535E+12,6
10E304020,1/2 CILINDRO CH. PIATTA ASIX,2830,17.55,8.01535E+12,6
10E3040200000C5,1/2 CILINDRO CH. PIATTA ASIX,2830,23.55,8.01535E+12,6
10E30402012,1/2 CILINDRO CH. PIATTA ASIX,2830,18.95,8.01535E+12,6
10E3040201200C5,1/2 CILINDRO CH. PIATTA ASIX,2830,24.93,8.01535E+12,6
10E30402012NVKA,CIL ASIX PRO CA 2+1,2833,23.46,8.01535E+12,
10E304030,1/2 CILINDRO CH. PIATTA ASIX,2830,18.5,8.01535E+12,6
10E3040300000C5,1/2 CILINDRO CH. PIATTA M6,2830,24.09,8.01535E+12,6
10E30403012,1/2 CILINDRO CH. PIATTA ASIX,2830,19.89,8.01535E+12,6
10E3040301200C5,1/2 CILINDRO CH. PIATTA ASIX,2830,25.84,8.01535E+12,6
10E30403012NVKA,CIL ASIX PRO CA 2+1,2833,26.42,8.01535E+12,
10E304040,1/2 CILINDRO CH. PIATTA M6,2830,19.43,8.01535E+12,6
10E3040400000C5,1/2 CILINDRO CH. PIATTA ASIX,2830,25.4,8.01535E+12,6
10E30404012,1/2 CILINDRO CH. PIATTA M6,2830,20.8,8.01535E+12,6
10E3040401200C5,1/2 CILINDRO CH. PIATTA ASIX,2830,26.75,8.01535E+12,6
10E304050,1/2 CILINDRO CH. PIATTA M6,2830,20.37,8.01535E+12,6
10E30405012,1/2 CILINDRO CH. PIATTA M6,2830,21.74,8.01535E+12,6
10E3040501200C5,1/2 CILINDRO CH. PIATTA ASIX,2830,27.74,8.01535E+12,6
10E304060,1/2 CILINDRO CH. PIATTA ASIX,2830,21.29,8.01535E+12,6
10E30406012,1/2 CILINDRO CH. PIATTA ASIX,2830,22.67,8.01535E+12,6
10E304070,1/2 CILINDRO CH. PIATTA ASIX,2830,18.11,8.01535E+12,6
10E3040700000C5,1/2 CILINDRO CH. PIATTA ASIX,2830,25.43,8.01535E+12,6
10E30407012,1/2 CILINDRO CH. PIATTA M6,2830,19.47,8.01535E+12,6
10E3040701200C5,1/2 CILINDRO CH. PIATTA ASIX,2830,25.43,8.01535E+12,6
10E30407012LF,1/2 CILINDRO ASIX X SAIMA,2830,27.14,8.01535E+12,1
10E304080,1/2 CILINDRO CH. PIATTA M6,2830,18.96,8.01535E+12,6
10E30408012,1/2 CILINDRO CH. PIATTA ASIX,2830,20.34,8.01535E+12,6
10E304100,1/2 CILINDRO CH. PIATTA M6,2830,18.5,8.01535E+12,6
11201070012,ELETTROSERR.INF.NICHEL.,2021,175.49,8.01535E+12,1
10E304130,1/2 CILINDRO CH. PIATTA M6,2830,24.58,8.01535E+12,6
10E30413012,1/2 CILINDRO CH. PIATTA ASIX,2830,25.94,8.01535E+12,6
10E3041301200C5,1/2 CILINDRO ASIX,2830,31.87,8.01535E+12,6
10E304180,1/2 CILINDRO CH. PIATTA ASIX,2830,17.55,8.01535E+12,6
10E30418012,1/2 CILINDRO CH. PIATTA ASIX,2830,18.95,8.01535E+12,6
10E3041801200C5,1/2 CILINDRO CH. PIATTA ASIX,2830,24.93,8.01535E+12,6
10E304200,1/2 CILINDRO CH. PIATTA ASIX,2830,22.21,8.01535E+12,6
10E30420012,1/2 CILINDRO CH. PIATTA ASIX,2830,23.6,8.01535E+12,6
10E3042001200C5,1/2 CILINDRO CH. PIATTA ASIX,2830,29.57,8.01535E+12,6
10E304210,1/2 CILINDRO CH. PIATTA M6,2830,20.72,8.01535E+12,6
10E30421012,1/2 CILINDRO CH. PIATTA ASIX,2830,22.11,8.01535E+12,6
10E3042101200C5,1/2 CILINDRO CH. PIATTA ASIX,2830,28.06,8.01535E+12,6
10E30502012,1/2 CIL.EUROPEO ASIX A INGEGNO RIDOTTO,2830,16.74,8.01535E+12,6
10E307070,CILINDRO ASIX GAMBO RASABILE,2830,25.38,8.01535E+12,6
10E3070700000C5,CILINDRO ASIX GAMBO RASABILE,2830,31.37,8.01535E+12,6
10E30707012,CILINDRO ASIX GAMBO RASABILE,2830,27.05,8.01535E+12,6
10E3070701200C5,CILINDRO ASIX GAMBO RASABILE,2830,33.08,8.01535E+12,6
10E307120,CILINDRO ASIX GAMBO RASABILE,2830,28.07,8.01535E+12,6
10E3071200000C5,CILINDRO ASIX GAMBO RASABILE,2830,35.74,8.01535E+12,6
10E30712000RHC5,CIL. ASIX CON GAMBO RASAB. 36MM,2830,33.63,8.01535E+12,
10E30712012,CILINDRO ASIX GAMBO RASABILE,2830,29.78,8.01535E+12,6
10E3071201200C5,CILINDRO ASIX GAMBO RASABILE,2830,35.74,8.01535E+12,6
10E307810,CILINDRO ASIX GAMBO RASABILE,2830,26.72,8.01535E+12,6
10E3078100000C5,CILINDRO ASIX GAMBO RASABILE,2830,32.7,8.01535E+12,6
10E30781012,CILINDRO ASIX GAMBO RASABILE,2830,28.42,8.01535E+12,6
10E307870,CILINDRO ASIX GAMBO RASABILE,2830,36.15,8.01535E+12,6
10E3078700000C5,CILINDRO ASIX GAMBO RASABILE,2830,42.14,8.01535E+12,6
10E30787012,CILINDRO ASIX GAMBO RASABILE,2830,37.87,8.01535E+12,6
10E3078701200C5,CILINDRO ASIX GAMBO RASABILE,2830,43.81,8.01535E+12,6
10E30787012RHC5,CILINDRO POMOLO RASABILE ASIX PER ALIAS L=36MM 60/30,2830,36.58,8.01535E+12,20
10E307880,CILINDRO ASIX GAMBO RASABILE,2830,40.25,8.01535E+12,6
10E3078800000C5,CILINDRO ASIX GAMBO RASABILE,2830,46.19,8.01535E+12,6
10E30788012,CILINDRO ASIX GAMBO RASABILE,2830,41.87,8.01535E+12,6
10E3078801200C5,CILINDRO ASIX GAMBO RASABILE,2830,47.82,8.01535E+12,6
10E307900,CILINDRO ASIX GAMBO RASABILE,2830,32.16,8.01535E+12,6
10E3079000000C5,CILINDRO ASIX GAMBO RASABILE,2830,38.13,8.01535E+12,6
10E30790012,CILINDRO ASIX GAMBO RASABILE,2830,33.8,8.01535E+12,6
10E3079001200C5,CILINDRO ASIX GAMBO RASABILE,2830,39.77,8.01535E+12,6
10E30790012RHC5,CILINDRO POMOLO RASABILE ASIX PER ALIAS L=36MM 50/30,2830,38.47,8.01535E+12,20
10E307910,CILINDRO ASIX GAMBO RASABILE,2830,30.15,8.01535E+12,6
10E3079100000C5,CILINDRO ASIX GAMBO RASABILE,2830,36.11,8.01535E+12,6
10E30791012,CILINDRO ASIX GAMBO RASABILE,2830,31.78,8.01535E+12,6
10E3079101200C5,CILINDRO ASIX GAMBO RASABILE,2830,37.75,8.01535E+12,6
10E31005012PF,CIL DOPPIO ASIX EASY 56 28+28 5 CHIAVI BLISTERATO,2839,22.02,8.01535E+12,1
10E31007012PF,CIL DOPPIO ASIX EASY 60 30/30 5 CHIAVI BLISTERATO,2839,23.68,8.01535E+12,1
10E31012012PF,CIL DOPPIO ASIX EASY 70 30/40 5 CHIAVI BLISTERATO,2839,27.03,8.01535E+12,1
10E31013012PF,CIL DOPPIO ASIX EASY 70 35/35 5 CHIAVI BLISTERATO,2839,19.8,8.01535E+12,1
10E31017012CN,CILINDRO ASIX N 30/50 5+1 CH.CANTIERE CISA,2839,37.77,8.01535E+12,40
10E31017012PF,CIL DOPPIO ASIX EASY 80 30/50 5 CHIAVI BLISTERATO,2839,31.35,8.01535E+12,1
10E31018012PF,CIL DOPPIO ASIX EASY 80 40/40 5 CHIAVI BLISTERATO,2839,31.35,8.01535E+12,1
10E31019012PF,CIL DOPPIO ASIX EASY 80 35/45 5 CHIAVI BLISTERATO,2839,31.35,8.01535E+12,1
10E31020012PF,CIL DOPPIO ASIX EASY 90 30/60 5 CHIAVI BLISTERATO,2839,26.22,8.01535E+12,1
10E31021012PF,CIL DOPPIO ASIX EASY 90 40/50 5 CHIAVI BLISTERATO,2839,35.81,8.01535E+12,1
10E31025012PF,CIL DOPPIO ASIX EASY 100 40/60 5 CHIAVI BLISTERATO,2839,34.7,8.01535E+12,1
10E31026012PF,CIL DOPPIO ASIX EASY 65 30/35 5 CHIAVI BLISTERATO,2839,25.36,8.01535E+12,1
10E31027012PF,CIL DOPPIO ASIX EASY 75 45/30 5 CHIAVI BLISTERATO,2839,29.16,8.01535E+12,1
10E31218012PF,CIL CON POMOLO ASIX EASY 80 40/40 5 CH BLISTERATO,2839,31.9,8.01535E+12,1
10E31221012PF,CIL CON POMOLO ASIX EASY 90 40/50 5 CH BLISTERATO,2839,35.26,8.01535E+12,1
10E31282012PF,CIL CON POMOLO ASIX EASY 70 30/40 5 CH BLISTERATO,2839,28.59,8.01535E+12,1
10E500000,CIL. TIPO C500 PER 1A610,2832,35.7,8.01535E+12,6
10E5000000000C5,CIL. TIPO C500 PER 1A610,2832,41.86,8.01535E+12,6
10E50000012,CIL. TIPO C500 PER 1A610,2832,37.19,8.01535E+12,6
10E5000001200C5,CIL. TIPO C500 PER 1A610,2832,43.93,8.01535E+12,6
10E600000,CILINDRO ASIX X LUCCHETTI,2832,27.72,8.01535E+12,6
10E600100,CILINDRO ASIX X MANIGLIONE,2832,27.72,8.01535E+12,6
10E60010012,CILINDRO ASIX X MANIGLIONE,2832,29.17,8.01535E+12,6
10E600110,CILINDRO ASIX X MANIGLIONE,2832,27.72,8.01535E+12,6
10E60011012,CILINDRO ASIX X MANIGLIONE,2832,29.17,8.01535E+12,6
10G115000,COPPIA CILINDRI PER 1A630,2807,44.21,8.01535E+12,6
10G150000,COPPIA CIL.C2000 PER 1A631-1A721-1A731,2807,44.21,8.01535E+12,6
10G1500000000SX,COPPIA CIL.C2000 PER 1A631-1A721-1A731,2807,48.12,8.01535E+12,6
10G1500000091,COPPIA CIL.C2000 PER 1A631-1A721-1A731,2807,39.51,8.01535E+12,1
10G15000012,COPPIA CIL.PER 1A631-1A721-1A731,2807,46.07,8.01535E+12,6
10G1500001200SX,COPPIA CIL.C2000 PER 1A631-1A721-1A731,2807,50,8.01535E+12,6
10G200050,CIL.C/TUBO FISSO MM.105,2807,38.38,8.01535E+12,6
10G2000500000SX,CIL.C/TUBO FISSO MM.105,2807,42.29,8.01535E+12,6
10G200550,CIL.CON TUBO FISSO MM 55 PER 1A611,2807,30.82,8.01535E+12,6
10G2005500000SX,CIL.CON TUBO FISSO MM 55 PER 1A611,2807,34.71,8.01535E+12,6
10G2005500091,CIL.CON TUBO FISSO MM 55 PER 1A611,2807,27.45,8.01535E+12,1
10G20055012,CIL.CON TUBO FISSO MM 55 PER 1A611,2807,32.34,8.01535E+12,6
10G200650,CIL CON TUBO FISSO 65 MM,2807,38.38,8.01535E+12,6
10G200750,CIL. CON TUBO FISSO 75 MM,2807,38.38,8.01535E+12,6
10G200850,CIL. CON TUBO FISSO 85MM,2807,38.38,8.01535E+12,6
10G20085012,CIL. CON TUBO FISSO 85MM,2807,39.87,8.01535E+12,1
10G200950,CIL. CON TUBO FISSO MM 95,2807,38.38,8.01535E+12,6
10G300020,CILINDRO C2000 EUROPEO,2805,15.41,8.01535E+12,12
10G3000200000SX,CILINDRO C2000 EUROPEO,2805,19.33,8.01535E+12,12
10G30002012,CILINDRO C2000 EUROPEO,2805,17.25,8.01535E+12,12
10G3000201200SX,CILINDRO C2000 EUROPEO,2805,21.18,8.01535E+12,12
10G300030,CILINDRO C2000 EUROPEO,2805,15.41,8.01535E+12,12
10G3000300000SX,CILINDRO C2000 EUROPEO,2805,19.33,8.01535E+12,12
10G30003012,CILINDRO C2000 EUROPEO,2805,17.25,8.01535E+12,12
10G300040,CILINDRO C2000 EUROPEO,2805,15.41,8.01535E+12,12
10G3000400000SX,CILINDRO C2000 EUROPEO,2805,19.33,8.01535E+12,12
10G30004012,CILINDRO C2000 EUROPEO,2805,17.25,8.01535E+12,12
10G300050,CILINDRO C2000 EUROPEO,2805,15.41,8.01535E+12,12
10G3000500000SX,CILINDRO C2000 EUROPEO,2805,19.33,8.01535E+12,12
10G3000500091,CILINDRO C2000 EUROPEO SMONTATO,2806,10.7,8.01535E+12,12
10G30005012,CILINDRO C2000 EUROPEO,2805,17.25,8.01535E+12,12
10G3000501200C5,CILINDRO C2000 EUROPEO,2805,24.4,8.01535E+12,12
10G3000501200SX,CILINDRO C2000 EUROPEO,2805,21.18,8.01535E+12,12
10G300060,CILINDRO C2000 EUROPEO,2805,15.66,8.01535E+12,12
10G3000600000SX,CILINDRO C2000 EUROPEO,2805,19.56,8.01535E+12,12
10G3000600091,CILINDRO C2000 EUROPEO SMONTATO,2806,10.93,8.01535E+12,12
10G30006012,CILINDRO C2000 EUROPEO,2805,17.42,8.01535E+12,12
10G300070,CILINDRO C2000 EUROPEO,2805,15.66,8.01535E+12,12
10G3000700000SX,CILINDRO C2000 EUROPEO,2805,19.56,8.01535E+12,12
10G3000700091,CILINDRO C2000 SMONTATO,2806,10.93,8.01535E+12,12
10G30007000GQ,CILINDRO C2000 CISA CHIAVE TESTA TONDA CAMMA DRIT,2805,15.66,8.01535E+12,
10G30007012,CILINDRO C2000 EUROPEO,2805,17.42,8.01535E+12,12
10G3000701200SX,CILINDRO C2000 EUROPEO,2805,21.33,8.01535E+12,12
10G3000701291,CILINDRO C2000 SMONTATO,2806,12.71,8.01535E+12,12
10G30007012GQ,CILINDRO C2000 CISA CHIAVE TESTA TONDA CAMMA DRIT,2805,19.16,8.01535E+12,
10G30007012LH,CILINDRO C2000 KA 11111,2805,13.69,8.01535E+12,12
10G300070N9GQ,CILINDRO C2000 CISA CHIAVE TESTA TONDA CAMMA DRIT,2805,22.65,8.01535E+12,
10G3000711290,CILINDRO C2000 SEMIMONTATO,2806,13.57,8.01535E+12,
10G300080,CILINDRO C2000 EUROPEO,2805,16.41,8.01535E+12,12
10G3000800000SX,CILINDRO C2000 EUROPEO,2805,20.32,8.01535E+12,12
10G30008012,CILINDRO C2000 EUROPEO,2805,18.25,8.01535E+12,12
10G3000801291,CILINDRO C2000 SMONTATO,2806,13.53,8.01535E+12,12
10G300090,CILINDRO C2000 EUROPEO,2805,16.41,8.01535E+12,12
10G3000900000SX,CILINDRO C2000 EUROPEO,2805,20.32,8.01535E+12,12
10G30009012,CILINDRO C2000 EUROPEO,2805,18.25,8.01535E+12,12
10G3000901291,CILINDRO C2000 SEMIMONTATO,2806,13.53,8.01535E+12,12
10G300100,CILINDRO C2000 EUROPEO,2805,16.41,8.01535E+12,12
10G3001000000SX,CILINDRO C2000 EUROPEO,2805,20.32,8.01535E+12,12
10G30010000GQ,CILINDRO C2000 CISA CHIAVE TESTA TONDA CAMMA DRIT,2805,16.41,8.01535E+12,
10G30010012,CILINDRO C2000 EUROPEO,2805,18.25,8.01535E+12,12
10G3001001291,CILINDRO C2000 SMONTATO,2806,13.53,8.01535E+12,12
10G30010012GQ,CILINDRO C2000 CISA CHIAVE TESTA TONDA CAMMA DRIT,2805,20.07,8.01535E+12,
10G300100N9GQ,CILINDRO C2000 CISA CHIAVE TESTA TONDA CAMMA DRIT,2805,23.72,8.01535E+12,
10G300110,CILINDRO C2000 EUROPEO,2805,17.2,8.01535E+12,12
10G3001100000SX,CILINDRO C2000 EUROPEO,2805,21.15,8.01535E+12,12
10G3001100091,CILINDRO C2000 SMONTATO,2806,12.5,8.01535E+12,6
10G30011012,CILINDRO C2000 EUROPEO,2805,19.02,8.01535E+12,12
10G3001101200SX,CILINDRO C2000 EUROPEO,2805,22.94,8.01535E+12,
10G300120,CILINDRO C2000 EUROPEO,2805,17.2,8.01535E+12,12
10G3001200000SX,CILINDRO C2000 EUROPEO,2805,21.15,8.01535E+12,12
10G3001200091,CILINDRO C2000 SMONTATO,2806,12.5,8.01535E+12,12
10G3001200091SX,CILINDRO C2000 SMONTATO,2806,15.63,8.01535E+12,12
10G30012012,CILINDRO C2000 EUROPEO,2805,19.02,8.01535E+12,12
10G3001201200SX,CILINDRO C2000 EUROPEO,2805,22.94,8.01535E+12,12
10G3001201291,CILINDRO C2000 SMONTATO,2806,14.29,8.01535E+12,12
10G30012012DA,CILINDRO C2000 EUROPEO CAMMA 10 DENTI,2805,21.49,8.01535E+12,12
10G30012012LH,CILINDRO C2000 KA 11111,2805,15.55,8.01535E+12,12
10G300120N9GQ,CILINDRO C2000 CISA CHIAVE TESTA TONDA CAMMA DRIT,2805,24.73,8.01535E+12,
10G300130,CILINDRO C2000 EUROPEO,2805,17.2,8.01535E+12,12
10G3001300000SX,CILINDRO C2000 EUROPEO,2805,21.15,8.01535E+12,12
10G3001300091,CILINDRO C2000 SMONTATO,2806,12.5,8.01535E+12,12
10G30013000GQ,CILINDRO C2000 CISA CHIAVE TESTA TONDA CAMMA DRIT,2805,17.2,8.01535E+12,
10G30013012,CILINDRO C2000 EUROPEO,2805,19.02,8.01535E+12,12
10G3001301200SX,CILINDRO C2000 EUROPEO,2805,22.94,8.01535E+12,12
10G3001301291,CILINDRO C2000 SMONTATO,2806,14.29,8.01535E+12,12
10G30013012GQ,CILINDRO C2000 CISA CHIAVE TESTA TONDA CAMMA DRIT,2805,20.92,8.01535E+12,
10G30013012LH,CILINDRO C2000 KA 11111,2805,15.55,8.01535E+12,12
10G300130N9GQ,CILINDRO C2000 CISA CHIAVE TESTA TONDA CAMMA DRIT,2805,24.73,8.01535E+12,
10G300140,CILINDRO C2000 EUROPEO,2805,18.79,8.01535E+12,6
10G3001400000SX,CILINDRO C2000 EUROPEO,2805,22.69,8.01535E+12,6
10G30014012,CILINDRO C2000 EUROPEO,2805,20.61,8.01535E+12,6
10G300150,CILINDRO C2000 EUROPEO,2805,18.79,8.01535E+12,6
10G30015012,CILINDRO C2000 EUROPEO,2805,20.61,8.01535E+12,6
10G300160,CILINDRO C2000 EUROPEO,2805,20.35,8.01535E+12,6
10G3001600000SX,CILINDRO C2000 EUROPEO,2805,23.33,8.01535E+12,6
10G3001600091,CILINDRO C2000 SMONTATO,2806,15.67,8.01535E+12,6
10G30016012,CILINDRO C2000 EUROPEO,2805,22.22,8.01535E+12,6
10G300170,CILINDRO C2000 EUROPEO,2805,20.35,8.01535E+12,6
10G3001700000SX,CILINDRO C2000 EUROPEO,2805,24.28,8.01535E+12,6
10G3001700091,CILINDRO C2000 EUROPEO,2806,15.67,8.01535E+12,6
10G30017012,CILINDRO C2000 EUROPEO,2805,22.22,8.01535E+12,6
10G3001701200SX,CILINDRO C2000 EUROPEO,2805,26.13,8.01535E+12,6
10G3001701291,CILINDRO C2000 SMONTATO,2806,17.49,8.01535E+12,6
10G30017012GQ,CILINDRO C2000 CISA CHIAVE TESTA TONDA CAMMA DRIT,2805,24.43,8.01535E+12,
10G30017012LH,CILINDRO C2000 KA 11111,2805,18.76,8.01535E+12,6
10G300170N9GQ,CILINDRO C2000 CISA CHIAVE TESTA TONDA CAMMA DRIT,2805,28.88,8.01535E+12,
10G300180,CILINDRO C2000 EUROPEO,2805,20.35,8.01535E+12,6
10G3001800000SX,CILINDRO C2000 EUROPEO,2805,24.28,8.01535E+12,6
10G3001800091,CILINDRO C2000 SMONTATO,2806,15.67,8.01535E+12,6
10G30018000GQ,CILINDRO C2000 EUROPEO,2805,20.35,8.01535E+12,
10G30018012,CILINDRO C2000 EUROPEO,2805,22.22,8.01535E+12,6
10G3001801200SX,CILINDRO C2000 EUROPEO,2805,26.13,8.01535E+12,6
10G3001801291,CILINDRO C2000 SMONTATO,2806,17.49,8.01535E+12,6
10G30018012GQ,CILINDRO C2000 EUROPEO,2805,24.43,8.01535E+12,
10G30018012LH,CILINDRO C2000 KA 11111,2805,18.76,8.01535E+12,6
10G300180N9GQ,CILINDRO C2000 CISA CHIAVE TESTA TONDA CAMMA DRIT,2805,28.88,8.01535E+12,
10G300190,CILINDRO C2000 EUROPEO,2805,20.35,8.01535E+12,6
10G3001900000SX,CILINDRO C2000 EUROPEO,2805,24.28,8.01535E+12,6
10G3001900091,CILINDRO C2000 EUROPEO SMONTATO,2806,15.67,8.01535E+12,6
10G30019012,CILINDRO C2000 EUROPEO,2805,22.22,8.01535E+12,6
10G3001901291,CILINDRO C2000 EUROPEO SMONTATO,2806,17.49,8.01535E+12,6
10G30019012LH,CILINDRO C2000 KA 11111,2805,18.76,8.01535E+12,6
10G300200,CILINDRO C2000 EUROPEO,2805,26.47,8.01535E+12,6
10G3002000000SX,CILINDRO C2000 EUROPEO,2805,30.4,8.01535E+12,6
10G3002000091,CILINDRO C2000 EUROPEO SMONTATO,2806,21.75,8.01535E+12,6
10G30020012,CILINDRO C2000 EUROPEO,2805,28.25,8.01535E+12,6
10G3002001200SX,CILINDRO C2000 EUROPEO,2805,32.18,8.01535E+12,6
10G3002001291,CILINDRO C2000  SMONTATO,2806,23.6,8.01535E+12,6
10G30020012LH,CILINDRO C2000 KA 11111,2805,24.82,8.01535E+12,6
10G300210,CILINDRO C2000 EUROPEO,2805,26.47,8.01535E+12,6
10G3002100000SX,CILINDRO C2000 EUROPEO,2805,30.4,8.01535E+12,6
10G30021012,CILINDRO C2000 EUROPEO,2805,28.25,8.01535E+12,6
10G3002101291,CILINDRO C2000 EUROPEO SMONTATO,2806,23.6,8.01535E+12,6
10G30021012GQ,CILINDRO C2000 CISA CHIAVE TESTA TONDA CAMMA DRIT,2805,31.08,8.01535E+12,
10G30021012LH,CILINDRO C2000 KA 11111,2805,24.82,8.01535E+12,6
10G300210N9GQ,CILINDRO C2000 CISA CHIAVE TESTA TONDA CAMMA DRIT,2805,36.73,8.01535E+12,
10G300220,CILINDRO C2000 EUROPEO,2805,33.79,8.01535E+12,6
10G3002200000SX,CILINDRO C2000 EUROPEO,2805,37.71,8.01535E+12,6
10G30022012,CILINDRO C2000 EUROPEO,2805,35.61,8.01535E+12,6
10G3002201291,CILINDRO C2000 EUROPEO SMONTATO,2806,30.9,0,6
10G30022012LH,CILINDRO C2000 KA 11111,2805,32.14,8.01535E+12,6
10G300230,CILINDRO C2000 EUROPEO,2805,33.79,8.01535E+12,6
10G3002300000SX,CILINDRO C2000 EUROPEO,2805,37.71,8.01535E+12,6
10G30023012,CILINDRO C2000 EUROPEO,2805,35.61,8.01535E+12,6
10G3002301200SX,CILINDRO C2000 EUROPEO,2805,39.64,8.01535E+12,6
10G3002301291,CILINDRO C2000 EUROPEO SMONTATO,2806,30.89,8.01535E+12,6
10G30023012LH,CILINDRO C2000 KA 11111,2805,32.14,8.01535E+12,6
10G300240,CILINDRO C2000 EUROPEO,2805,33.79,8.01535E+12,6
10G30024012,CILINDRO C2000 EUROPEO,2805,35.61,8.01535E+12,6
10G3002401291,CILINDRO C2000 EUROPEO SMONTATO,2806,30.89,8.01535E+12,6
10G30024012LH,CILINDRO C2000 KA 11111,2805,32.14,8.01535E+12,6
10G300250,CILINDRO C2000 EUROPEO,2805,33.79,8.01535E+12,6
10G3002500000SX,CILINDRO C2000 EUROPEO,2805,37.71,8.01535E+12,6
10G30025012,CILINDRO C2000 EUROPEO,2805,35.61,8.01535E+12,6
10G3002501291,CILINDRO C2000 EUROPEO SMONTATO,2806,30.89,8.01535E+12,6
10G30025012LH,CILINDRO C2000 KA 11111,2805,32.14,8.01535E+12,6
10G300260,CILINDRO C2000 EUROPEO,2805,16.41,8.01535E+12,12
10G3002600000SX,CILINDRO C2000 EUROPEO,2805,20.32,8.01535E+12,12
10G3002600091,CILINDRO C2000 SMONTATO,2806,11.73,8.01535E+12,12
10G30026012,CILINDRO C2000 EUROPEO,2805,18.25,8.01535E+12,12
10G3002601200SX,CILINDRO C2000 EUROPEO,2805,22.16,8.01535E+12,12
10G3002601291,CILINDRO C2000 SMONTATO,2806,13.53,8.01535E+12,12
10G30026012LH,CILINDRO C2000 KA 11111,2805,14.79,8.01535E+12,12
10G300270,CILINDRO C2000 EUROPEO,2805,18.79,8.01535E+12,6
10G3002700000SX,CILINDRO C2000 EUROPEO,2805,22.69,8.01535E+12,6
10G3002700091,CILINDRO C2000 EUROPEO SMONTATO,2805,14.08,0,6
10G30027012,CILINDRO C2000 EUROPEO,2805,20.61,8.01535E+12,6
10G3002701291,CILINDRO C2000 SMONTATO,2806,15.89,8.01535E+12,6
10G30027012LH,CILINDRO C2000 KA 11111,2805,17.16,8.01535E+12,6
10G300280,CILINDRO C2000 EUROPEO,2805,18.79,8.01535E+12,6
10G3002800000SX,CILINDRO C2000 EUROPEO,2805,22.69,8.01535E+12,6
10G30028012,CILINDRO C2000 EUROPEO,2805,20.61,8.01535E+12,6
10G3002801291,CILINDRO C2000 SMONTATO,2806,15.89,8.01535E+12,6
10G30028012LH,CILINDRO C2000 KA 11111,2805,17.16,8.01535E+12,6
10G300290,CILINDRO C2000 EUROPEO,2805,26.47,8.01535E+12,6
10G3002900000SX,CILINDRO C2000 EUROPEO,2805,30.4,8.01535E+12,6
10G30029000GQ,CILINDRO C2000 EUROPEO,2805,26.47,8.01535E+12,
10G30029012,CILINDRO C2000 EUROPEO,2805,28.25,8.01535E+12,6
10G3002901291,CILINDRO C2000 EUROPEO SMONTATO,2806,23.56,8.01535E+12,6
10G30029012GQ,CILINDRO C2000 CISA CHIAVE TESTA TONDA CAMMA DRIT,2805,31.08,8.01535E+12,
10G30029012LH,CILINDRO C2000 KA 11111,2805,24.82,8.01535E+12,6
10G300290N9GQ,CILINDRO C2000 CISA CHIAVE TESTA TONDA CAMMA DRIT,2805,36.73,8.01535E+12,
10G300300,CILINDRO C2000 EUROPEO,2805,22.82,8.01535E+12,6
10G3003000000SX,CILINDRO C2000 EUROPEO,2805,26.76,8.01535E+12,6
10G30030012,CILINDRO C2000 EUROPEO,2805,24.61,8.01535E+12,6
10G3003001291,CILINDRO C2000 EUROPEO SMONTATO,2806,19.94,8.01535E+12,6
10G30030012LH,CILINDRO C2000 KA 11111,2805,21.17,8.01535E+12,6
10G300310,CILINDRO C2000 EUROPEO,2805,22.82,8.01535E+12,6
10G3003100000SX,CILINDRO C2000 EUROPEO,2805,26.76,8.01535E+12,6
10G30031012,CILINDRO C2000 EUROPEO,2805,24.61,8.01535E+12,6
10G3003101291,CILINDRO C2000 SMONTATO,2806,19.91,8.01535E+12,6
10G300320,CILINDRO C2000 EUROPEO,2805,26.47,8.01535E+12,6
10G3003200000SX,CILINDRO C2000 EUROPEO,2805,30.4,8.01535E+12,6
10G30032012,CILINDRO C2000 EUROPEO,2805,28.25,8.01535E+12,6
10G30032012LH,CILINDRO C2000 KA 11111,2805,24.82,8.01535E+12,6
10G300330,CILINDRO C2000 EUROPEO,2805,22.82,8.01535E+12,6
10G30033012,CILINDRO C2000 EUROPEO,2805,24.61,8.01535E+12,6
10G30033012LH,CILINDRO C2000 KA 11111,2805,21.17,8.01535E+12,6
10G300350,CILINDRO C2000 EUROPEO,2805,42.28,8.01535E+12,6
10G3003500000SX,CILINDRO C2000 EUROPEO,2805,46.22,8.01535E+12,6
10G30035012,CILINDRO C2000 EUROPEO,2805,44.09,8.01535E+12,6
10G3003501291,CILINDRO C2000 EUROPEO SMONTATO,2806,39.36,8.01535E+12,6
10G300360,CILINDRO C2000 EUROPEO,2805,42.28,8.01535E+12,6
10G3003600000C5,CILINDRO C2000 EUROPEO,2805,49.42,8.01535E+12,6
10G3003600000SX,CILINDRO C2000 EUROPEO,2805,46.22,8.01535E+12,6
10G30036012,CILINDRO C2000 EUROPEO,2805,44.09,8.01535E+12,6
10G3003601291,CILINDRO C2000 EUROPEO SMONTATO,2806,39.36,8.01535E+12,6
10G300370,CILINDRO C2000 EUROPEO,2805,42.28,8.01535E+12,6
10G3003700000SX,CILINDRO C2000 EUROPEO,2805,46.22,8.01535E+12,6
10G30037012,CILINDRO C2000 EUROPEO,2805,44.09,8.01535E+12,6
10G300380,CILINDRO C2000 EUROPEO,2805,30.18,8.01535E+12,6
10G3003800000SX,CILINDRO C2000 EUROPEO,2805,34.1,8.01535E+12,6
10G30038012,CILINDRO C2000 EUROPEO,2805,32.06,8.01535E+12,6
10G3003801291,CILINDRO C2000 EUROPEO SMONTATO,2805,27.36,0,6
10G300390,CILINDRO C2000 EUROPEO,2805,30.18,8.01535E+12,6
10G3003900000SX,CILINDRO C2000 EUROPEO,2805,34.1,8.01535E+12,6
10G30039012,CILINDRO C2000 EUROPEO,2805,32.06,8.01535E+12,6
10G3003901291,CILINDRO C2000 EUROPEO SMONTATO,2806,27.35,8.01535E+12,6
10G30039012LH,CILINDRO C2000 KA 11111,2805,28.61,8.01535E+12,6
10G300400,CILINDRO C2000 EUROPEO,2805,52,8.01535E+12,6
10G3004000000SX,CILINDRO C2000 EUROPEO,2805,55.92,8.01535E+12,6
10G30040000GQ,CILINDRO C2000 EUROPEO,2805,52,8.01535E+12,
10G30040012,CILINDRO C2000 EUROPEO,2805,53.79,8.01535E+12,6
10G30040012GQ,CILINDRO C2000 EUROPEO,2805,59.16,8.01535E+12,
10G300400N9GQ,CILINDRO C2000 CISA CHIAVE TESTA TONDA CAMMA DRIT,2805,69.93,8.01535E+12,
10G300410,CILINDRO C2000 EUROPEO,2805,30.18,8.01535E+12,6
10G3004100000SX,CILINDRO C2000 EUROPEO,2805,34.1,8.01535E+12,6
10G30041012,CILINDRO C2000 EUROPEO,2805,32.06,8.01535E+12,6
10G30041012LH,CILINDRO C2000 KA 11111,2805,28.61,8.01535E+12,6
10G300420,CILINDRO C2000 PROF. EUROPEO,2805,30.18,8.01535E+12,6
10G30042012,CILINDRO C2000 PROF. EUROPEO,2805,32.06,8.01535E+12,6
10G3004201291,CILINDRO C2000 EUROPEO SMONTATO,2805,27.36,0,6
10G30042012LH,CILINDRO C2000 KA 11111,2805,28.61,8.01535E+12,6
10G300430,CILINDRO C2000 EUROPEO,2805,33.79,8.01535E+12,6
10G3004300000SX,CILINDRO C2000 EUROPEO,2805,37.71,8.01535E+12,6
10G30043012,CILINDRO C2000 EUROPEO,2805,35.61,8.01535E+12,6
10G30043012LH,CILINDRO C2000 KA 11111,2805,32.14,8.01535E+12,6
10G300440,CILINDRO C2000 EUROPEO,2805,37.47,8.01535E+12,6
10G30044012,CILINDRO C2000 EUROPEO,2805,39.23,8.01535E+12,6
10G300450,CILINDRO C2000 EUROPEO,2805,42.28,8.01535E+12,6
10G30045012,CILINDRO C2000 EUROPEO,2805,44.09,8.01535E+12,6
10G300460,CILINDRO C2000 EUROPEO,2805,22.82,8.01535E+12,6
10G30046012,CILINDRO C2000 EUROPEO,2805,24.61,8.01535E+12,6
10G300490,CILINDRO C2000 EUROPEO,2805,37.47,8.01535E+12,6
10G3004900000SX,CILINDRO C2000 EUROPEO,2805,41.38,8.01535E+12,6
10G30049012,CILINDRO C2000 EUROPEO,2805,39.23,8.01535E+12,6
10G30049012LH,CILINDRO C2000 KA 11111,2805,35.77,8.01535E+12,6
10G300500,CILINDRO C2000 EUROPEO,2805,66.63,8.01535E+12,6
10G30050012,CILINDRO C2000 EUROPEO,2805,68.43,8.01535E+12,6
10G300520,CILINDRO C2000 EUROPEO,2805,52,8.01535E+12,6
10G3005200000SX,CILINDRO C2000 EUROPEO,2805,55.92,8.01535E+12,6
10G30052012,CILINDRO C2000 EUROPEO,2805,53.79,8.01535E+12,6
10G300530,CILINDRO C2000 EUROPEO,2805,59.33,8.01535E+12,6
10G30053012,CILINDRO C2000 EUROPEO,2805,61.1,8.01535E+12,6
10G300540,CILINDRO C2000 EUROPEO,2805,37.47,8.01535E+12,6
10G3005400091,CILINDRO C2000 EUROPEO SMONTATO,2805,32.76,0,6
10G30054012,CILINDRO C2000 EUROPEO,2805,39.23,8.01535E+12,6
10G3005401291,CILINDRO C2000 EUROPEO SMONTATO,2806,34.53,0,6
10G30054012LH,CILINDRO C2000 KA 11111,2805,35.77,8.01535E+12,6
10G300560,CILINDRO C2000 EUROPEO,2805,37.47,8.01535E+12,6
10G30056012,CILINDRO C2000 EUROPEO,2805,39.23,8.01535E+12,6
10G300570,CILINDRO C2000 EUROPEO,2805,42.28,8.01535E+12,6
10G30057012,CILINDRO C2000 EUROPEO,2805,44.09,8.01535E+12,6
10G300580,CILINDRO C2000 EUROPEO,2805,47.09,8.01535E+12,6
10G30058012,CILINDRO C2000 EUROPEO,2805,48.9,8.01535E+12,6
10G300590,CILINDRO C2000 EUROPEO,2805,47.09,8.01535E+12,6
10G30059012,CILINDRO C2000 EUROPEO,2805,48.9,8.01535E+12,6
10G300600,CILINDRO C2000 EUROPEO,2805,52,8.01535E+12,6
10G3006000000SX,CILINDRO C2000 EUROPEO,2805,55.92,8.01535E+12,6
10G30060012,CILINDRO C2000 EUROPEO,2805,53.79,8.01535E+12,6
10G300610,CILINDRO C2000 EUROPEO,2805,47.09,8.01535E+12,6
10G30061012,CILINDRO C2000 EUROPEO,2805,48.9,8.01535E+12,6
10G30062012,CILINDRO C2000 EUROPEO,2805,53.79,8.01535E+12,6
10G30062012LH,CILINDRO C2000 EUROPEO,2805,50.33,8.01535E+12,6
10G30063012,CILINDRO C2000 EUROPEO,2805,57.44,8.01535E+12,6
10G300640,CILINDRO C2000 EUROPEO,2805,37.47,8.01535E+12,6
10G30064012,CILINDRO C2000 EUROPEO,2805,39.23,8.01535E+12,6
10G300650,CILINDRO C2000 EUROPEO,2805,47.09,8.01535E+12,6
10G30065012,CILINDRO C2000 EUROPEO,2805,53.79,8.01535E+12,6
10G300660,CILINDRO C2000 EUROPEO,2805,52,8.01535E+12,6
10G30066012,CILINDRO C2000 EUROPEO,2805,53.79,8.01535E+12,6
10G3006601291,CILINDRO C2000 SMONTATO,2806,49.06,8.01535E+12,6
10G300700,CILINDRO C2000 EUROPEO,2805,42.28,8.01535E+12,6
10G3007000000SX,CILINDRO C2000 EUROPEO,2805,46.22,8.01535E+12,6
10G30070000GQ,CILINDRO C2000 EUROPEO,2805,42.28,8.01535E+12,
10G30070012,CILINDRO C2000 EUROPEO,2805,44.09,8.01535E+12,6
10G30070012GQ,CILINDRO C2000 EUROPEO,2805,48.5,8.01535E+12,
10G300700N9GQ,CILINDRO C2000 CISA CHIAVE TESTA TONDA CAMMA DRIT,2805,57.32,8.01535E+12,
10G30075012,CILINDRO C2000 EUROPEO,2805,58.8,8.01535E+12,6
10G300770,CILINDRO C2000 EUROPEO,2805,47.09,8.01535E+12,6
10G30077012,CILINDRO C2000 EUROPEO,2805,48.9,8.01535E+12,6
10G301050,CILINDRO C2000 EUROPEO FRIZIONATO,2805,25.11,8.01535E+12,12
10G30105012,CILINDRO C2000 EUROPEO FRIZIONATO,2805,26.92,8.01535E+12,12
10G301060,CILINDRO C2000 EUROPEO FRIZIONATO,2805,25.37,8.01535E+12,12
10G30106012,CILINDRO C2000 EUROPEO FRIZIONATO,2805,27.18,8.01535E+12,12
10G301070,CILINDRO C2000 EUROPEO FRIZIONATO,2805,25.37,8.01535E+12,12
10G3010700000C5,CILINDRO C2000 EUROPEO FRIZIONATO,2805,32.49,8.01535E+12,12
10G30107012,CILINDRO C2000 EUROPEO FRIZIONATO,2805,27.18,8.01535E+12,12
10G30107012LH,CILINDRO C2000 KA 11111,2805,23.72,8.01535E+12,12
10G301090,CILINDRO C2000 EUROPEO FRIZIONATO,2805,26.17,8.01535E+12,12
10G30109012,CILINDRO C2000 EUROPEO FRIZIONATO,2805,27.99,8.01535E+12,12
10G301110,CILINDRO C2000 EUROPEO FRIZIONATO,2805,26.97,8.01535E+12,12
10G30111012,CILINDRO C2000 EUROPEO FRIZIONATO,2805,28.75,8.01535E+12,12
10G301120,CILINDRO C2000 EUROPEO FRIZIONATO,2805,26.97,8.01535E+12,12
10G30112012,CILINDRO C2000 EUROPEO FRIZIONATO,2805,28.75,8.01535E+12,12
10G301130,CILINDRO C2000 EUROPEO FRIZIONATO,2805,26.97,8.01535E+12,12
10G30113012,CILINDRO C2000 EUROPEO FRIZIONATO,2805,28.75,8.01535E+12,12
10G30113012LH,CILINDRO C2000 KA 11111,2805,25.25,8.01535E+12,12
10G30121012,CILINDRO C2000 EUROPEO FRIZIONATO,2805,34.33,8.01535E+12,6
10G30124012,10G30124012 : CH.-CH. C2000 30/70 N | n chiavi 3,2805,41.44,0,6
10G301260,CILINDRO C2000 EUROPEO FRIZIONATO,2805,26.17,8.01535E+12,12
10G30126012,CILINDRO C2000 EUROPEO FRIZIONATO,2805,27.99,8.01535E+12,12
10G30126012LH,CILINDRO C2000 KA 11111,2805,24.52,8.01535E+12,12
10G301280,CILINDRO C2000 EUROPEO FRIZIONATO,2805,27.79,8.01535E+12,6
10G30128012,CILINDRO C2000 EUROPEO FRIZIONATO,2805,29.56,8.01535E+12,6
10G30128012LH,CILINDRO C2000 KA 11111,2805,26.11,8.01535E+12,6
10G30129012,CILINDRO C2000 EUROPEO FRIZIONATO,2805,34.33,8.01535E+12,6
10G301300,CILINDRO C2000 EUROPEO FRIZIONATO,2805,29.43,8.01535E+12,6
10G30130012,CILINDRO C2000 EUROPEO FRIZIONATO,2805,31.23,8.01535E+12,6
10G301390,CILINDRO C2000 EUROPEO FRIZIONATO,2805,35.94,8.01535E+12,6
10G30139012,CILINDRO C2000 EUROPEO FRIZIONATO,2805,37.73,8.01535E+12,6
10G301540,CILINDRO C2000 EUROPEO FRIZIONATO,2805,43.26,8.01535E+12,6
10G30154012,CILINDRO C2000 EUROPEO FRIZIONATO,2805,45.13,8.01535E+12,6
10G30163012,CILINDRO C2000 EUROPEO FRIZIONATO,2805,63.41,8.01535E+12,6
10G30175012,CILINDRO C2000 EUROPEO FRIZIONATO,2805,63.41,8.01535E+12,6
10G302050,CIL.GAMBO POM.27-27,2805,22.42,8.01535E+12,6
10G30205012,CIL.GAMBO POM.27-27,2805,24.26,8.01535E+12,6
10G302070,CIL.INF.SAG.GAMBO POM.C2000,2805,22.55,8.01535E+12,6
10G3020700000SX,CIL.INF.SAG.GAMBO POM.C2000,2805,26.45,8.01535E+12,6
10G3020700091,CILINDRO POMOLO C2000 SMONTATO,2806,17.81,8.01535E+12,6
10G30207012,CIL.INF.SAG.GAMBO POM.C2000,2805,24.38,8.01535E+12,6
10G3020701200SX,CIL.INF.SAG.GAMBO POM.C2000,2805,28.25,8.01535E+12,6
10G3020701291,CIL.INF.SAG.GAMBO POM.C2000,2806,19.66,8.01535E+12,6
10G30207012LH,CIL.GAMBO POM.C2000 KA 11111,2805,20.88,8.01535E+12,6
10G302070N9GQ,CILINDRO C2000 CISA CHIAVE TESTA TONDA CAMMA DRIT,2805,30.42,8.01535E+12,
10G302100,CIL.INF.SAG.GAMBO POM.C2000,2805,24.5,8.01535E+12,6
10G30210012,CIL.INF.SAG.GAMBO POM.C2000,2805,26.36,8.01535E+12,6
10G302100N9GQ,CILINDRO C2000 CISA CHIAVE TESTA TONDA CAMMA DRIT,2805,32.16,8.01535E+12,
10G302120,CIL.INF.SAG.GAMBO POM.C2000,2805,24.08,8.01535E+12,6
10G30212012,CIL.INF.SAG.GAMBO POM.C2000,2805,25.87,8.01535E+12,6
10G3021201291,CILINDRO POMOLO C2000 SMONTATO,2806,21.17,8.01535E+12,6
10G302130,CIL.INF.SAG.GAMBO POM.C2000,2805,24.08,8.01535E+12,6
10G3021300091,CILINDRO POMOLO C2000 SMONTATO,2806,19.37,8.01535E+12,6
10G30213000GQ,CIL.INF.SAG.GAMBO POM.C2000 CON POM E CAMMA DRIT,2805,24.08,8.01535E+12,
10G30213012,CIL.INF.SAG.GAMBO POM.C2000,2805,25.87,8.01535E+12,6
10G3021301291,CILINDRO POMOLO C2000 SMONTATO,2806,24.25,8.01535E+12,6
10G30213012GQ,CIL.INF.SAG.GAMBO POM.C2000 CON POM E CAMMA DRIT,2805,28.46,8.01535E+12,
10G30213012LH,CIL.GAMBO POM.C2000 KA 11111,2805,22.43,8.01535E+12,6
10G302130N9GQ,CIL.INF.SAG.GAMBO POM.C2000 CON POM E CAMMA DRIT,2805,32.27,8.01535E+12,
10G302170,CIL.INF.SAG.GAMBO POM.C2000,2805,27.25,8.01535E+12,6
10G30217012,CIL.INF.SAG.GAMBO POM.C2000,2805,29.07,8.01535E+12,6
10G30217012LH,CIL.GAMBO POM.C2000 KA 11111,2805,25.63,8.01535E+12,6
10G302170N9GQ,CIL.INF.SAG.GAMBO POM.C2000 CON POM E CAMMA DRIT,2805,30.42,8.01535E+12,
10G302180,CIL.INF.SAG.GAMBO POM.C2000,2805,27.25,8.01535E+12,6
10G3021800000SX,CIL.INF.SAG.GAMBO POM.C2000,2805,31.19,8.01535E+12,6
10G30218000GQ,CIL.INF.SAG.GAMBO POM.C2000,2805,27.25,8.01535E+12,
10G30218012,CIL.INF.SAG.GAMBO POM.C2000,2805,29.07,8.01535E+12,6
10G3021801200SX,CIL.INF.SAG.GAMBO POM.C2000,2805,33.02,8.01535E+12,6
10G30218012GQ,CIL.INF.SAG.GAMBO POM.C2000,2805,31.97,8.01535E+12,
10G30218012LH,CIL.GAMBO POM.C2000 KA 11111,2805,25.63,8.01535E+12,6
10G302180N9GQ,CIL.INF.SAG.GAMBO POM.C2000 CON POM E CAMMA DRIT,2805,36.42,8.01535E+12,
10G302190,CIL.INF.SAG.GAMBO POM.C2000,2805,27.25,8.01535E+12,6
10G30219012,CIL.INF.SAG.GAMBO POM.C2000,2805,29.07,8.01535E+12,6
10G3021901291,CILINDRO POMOLO C2000 SMONTATO,2806,27.47,8.01535E+12,6
10G302200,CIL.INF.SAG.GAMBO POM.C2000,2805,33.35,8.01535E+12,6
10G30220012,CIL.INF.SAG.GAMBO POM.C2000,2805,35.12,8.01535E+12,6
10G302210,CIL.INF.SAG.GAMBO POM.C2000,2805,33.35,8.01535E+12,6
10G3022100091,CILINDRO POMOLO C2000 SMONTATO,2806,28.64,8.01535E+12,6
10G30221012,CIL.INF.SAG.GAMBO POM.C2000,2805,35.12,8.01535E+12,6
10G3022101291,CILINDRO POMOLO C2000 SMONTATO,2806,30.42,8.01535E+12,6
10G302230,CIL.INF.SAG.GAMBO POM.C2000,2805,40.69,8.01535E+12,6
10G3022300091,CIL.INF.SAG.GAMBO POM.C2000,2806,35.98,8.01535E+12,6
10G30223012,CIL.INF.SAG.GAMBO POM.C2000,2805,42.47,8.01535E+12,6
10G3022301291,CIL.INF.SAG.GAMBO POM.C2000,2806,40.17,8.01535E+12,6
10G302260,CIL.INF.SAG.GAMBO POM.C2000,2805,23.33,8.01535E+12,6
10G3022600091,CILINDRO POMOLO C2000 SMONTATO,2806,18.63,8.01535E+12,6
10G30226012,CIL.INF.SAG.GAMBO POM.C2000,2805,25.11,8.01535E+12,6
10G3022601291,CILINDRO POMOLO C2000 SMONTATO,2806,20.44,8.01535E+12,6
10G302280,CIL.INF.SAG.GAMBO POM.C2000,2805,25.69,8.01535E+12,6
10G3022800091,CILINDRO POMOLO C2000 SMONTATO,2806,20.97,8.01535E+12,6
10G30228012,CIL.INF.SAG.GAMBO POM.C2000,2805,27.5,8.01535E+12,6
10G3022801291,CILINDRO POMOLO C2000 SMONTATO,2806,22.75,8.01535E+12,6
10G302290,CIL.INF.SAG.GAMBO POM.C2000,2805,33.35,8.01535E+12,6
10G3022900000SX,CIL.INF.SAG.GAMBO POM.C2000,2805,37.26,8.01535E+12,6
10G30229000EG,CILINDRO POMOLO C2000 CISA 97030385 CON POMOLINO,2805,33.35,8.01535E+12,
10G30229012,CIL.INF.SAG.GAMBO POM.C2000,2805,35.12,8.01535E+12,6
10G3022901291,CIL.INF.GAMBO POM.C2000 SMONTATO,2806,30.41,8.01535E+12,6
10G30229012LH,CIL.GAMBO POM.C2000 KA 11111,2805,31.69,8.01535E+12,6
10G302300,CIL.INF.SAG.GAMBO POM.C2000,2805,29.75,8.01535E+12,6
10G3023000091,CIL.INF.SAG.GAMBO POM.C2000 SMONTATO,2806,25.03,8.01535E+12,6
10G30230012,CIL.INF.SAG.GAMBO POM.C2000,2805,31.52,8.01535E+12,6
10G3023001291,CILINDRO C2000 SMONTATO,2806,26.84,8.01535E+12,6
10G302350,CIL.INF.SAG.GAMBO POM.C2000,2805,49.19,8.01535E+12,6
10G30235012,CIL.INF.SAG.GAMBO POM.C2000,2805,51,8.01535E+12,6
10G3023501291,CIL.INF.SAG.GAMBO POM.C2000,2806,46.3,8.01535E+12,6
10G302360,CIL.INF.SAG.GAMBO POM.C2000,2805,49.19,8.01535E+12,6
10G30236012,CIL.INF.SAG.GAMBO POM.C2000,2805,51,8.01535E+12,6
10G302370,CIL.INF.SAG.GAMBO POM.C2000,2805,49.19,8.01535E+12,6
10G30237012,CIL.INF.SAG.GAMBO POM.C2000,2805,51,8.01535E+12,6
10G3023701291,CIL.INF.SAG.GAMBO POM.C2000,2806,46.27,8.01535E+12,6
10G302390,CIL.INF.SAG.GAMBO POM.C2000,2805,37.02,8.01535E+12,6
10G30239012,CIL.INF.SAG.GAMBO POM.C2000,2805,38.78,8.01535E+12,6
10G30239012LH,CIL.GAMBO POM.C2000 KA 11111,2805,35.31,8.01535E+12,6
10G30240012,CIL.INF.SAG.GAMBO POM.C2000,2805,60.7,8.01535E+12,6
10G3024001200C5,CIL.INF.SAG.GAMBO POM.C2000,2805,67.82,8.01535E+12,6
10G302420,CIL.INF.SAG.GAMBO POM.C2000,2805,37.02,8.01535E+12,6
10G30242012,CIL.INF.SAG.GAMBO POM.C2000,2805,38.78,8.01535E+12,6
10G3024201291,CILINDRO POMOLO C2000 SMONTATO,2806,34.05,8.01535E+12,6
10G30242012LH,CIL.GAMBO POM.C2000 KA 11111,2805,35.31,8.01535E+12,6
10G302430,CIL.INF.SAG.GAMBO POM.C2000,2805,40.69,8.01535E+12,6
10G3024300000C5,CIL.INF.SAG.GAMBO POM.C2000,2805,47.81,8.01535E+12,6
10G30243012,CIL.INF.SAG.GAMBO POM.C2000,2805,42.47,8.01535E+12,6
10G3024301291,CIL.INF.SAG.GAMBO POM.C2000,2806,37.77,8.01535E+12,6
10G30243012LH,CIL.GAMBO POM.C2000 KA 11111,2805,39.02,8.01535E+12,6
10G302460,CIL.INF.SAG.GAMBO POM.C2000,2805,29.75,8.01535E+12,6
10G302540,CIL.INF.SAG.GAMBO POM.C2000,2805,44.32,8.01535E+12,6
10G30254012,CIL.INF.SAG.GAMBO POM.C2000,2805,46.09,8.01535E+12,6
10G3025401291,CIL.INF.SAG.GAMBO POM.C2000,2805,41.39,8.01535E+12,6
10G30254012LH,CIL.GAMBO POM.C2000 KA 11111,2805,42.66,8.01535E+12,6
10G302640,CIL.INF.SAG.GAMBO POM.C2000,2805,44.32,8.01535E+12,6
10G30264012,CIL.INF.SAG.GAMBO POM.C2000,2805,46.09,8.01535E+12,6
10G302710,CIL.INF.SAG.GAMBO POM.C2000,2805,54.08,8.01535E+12,6
10G30271012,CIL.INF.SAG.GAMBO POM.C2000,2805,55.88,8.01535E+12,6
10G302720,CIL.INF.SAG.GAMBO POM.C2000,2805,58.9,8.01535E+12,6
10G30272012,CIL.INF.SAG.GAMBO POM.C2000,2805,60.7,8.01535E+12,1
10G3027201291,CIL.INF.SAG.GAMBO POM.C2000,2806,55.96,8.01535E+12,6
10G302810,CIL.INF.SAG.GAMBO POM.C2000,2805,23.33,8.01535E+12,6
10G3028100091,CILINDRO POMOLO C2000 SMONTATO,2806,18.63,8.01535E+12,6
10G30281012,CIL.INF.SAG.GAMBO POM.C2000,2805,25.11,8.01535E+12,6
10G3028101291,CILINDRO POMOLO C2000 SMONTATO,2806,20.45,8.01535E+12,6
10G302820,CIL.INF.SAG.GAMBO POM.C2000,2805,24.08,8.01535E+12,6
10G3028200000SX,CIL.INF.SAG.GAMBO POM.C2000,2805,28.02,8.01535E+12,6
10G3028200091,CILINDRO POMOLO C2000 SMONTATO,2806,19.37,8.01535E+12,6
10G30282012,CIL.INF.SAG.GAMBO POM.C2000,2805,25.87,8.01535E+12,6
10G3028201291,CILINDRO POMOLO C2000 SMONTATO,2806,21.18,8.01535E+12,6
10G302830,CIL.INF.SAG.GAMBO POM.C2000,2805,25.69,8.01535E+12,6
10G30283012,CIL.INF.SAG.GAMBO POM.C2000,2805,27.5,8.01535E+12,6
10G3028301291,CILINDRO POMOLO C2000 SMONTATO,2806,22.77,8.01535E+12,6
10G302840,CIL.INF.SAG.GAMBO POM.C2000,2805,29.75,8.01535E+12,6
10G30284012,CIL.INF.SAG.GAMBO POM.C2000,2805,31.52,8.01535E+12,6
10G302850,CIL.INF.SAG.GAMBO POM.C2000,2805,27.25,8.01535E+12,6
10G30285012,CIL.INF.SAG.GAMBO POM.C2000,2805,29.07,8.01535E+12,6
10G3028501291,CIL.EURO GAMBO POM.C2000 SMONTATO,2806,24.36,8.01535E+12,6
10G302860,CIL.INF.SAG.GAMBO POM.C2000,2805,58.9,8.01535E+12,6
10G30286012,CIL.INF.SAG.GAMBO POM.C2000,2805,60.7,8.01535E+12,6
10G302890,CIL.INF.SAG.GAMBO POM.C2000,2805,49.19,8.01535E+12,6
10G30289012,CIL.INF.SAG.GAMBO POM.C2000,2805,51,8.01535E+12,6
10G302900N9GQ,CIL.INF.SAG.GAMBO POM.C2000 CON POM E CAMMA DRIT,2805,36.42,8.01535E+12,
10G302A40,CIL.INF.SAG.GAMBO POM.C2000,2805,40.69,8.01535E+12,6
10G302A4012,CIL.INF.SAG.GAMBO POM.C2000,2805,42.47,8.01535E+12,6
10G302C80,CIL.GAMBO POM.27-33,2805,23.04,8.01535E+12,6
10G302C8012,CIL.GAMBO POM.27-33,2805,24.87,8.01535E+12,6
10G30307012,DOPPIO CIL.C2000 EUROPEO A INGEGNO RIDOTTO,2805,17.09,8.01535E+12,12
10G304020,CIL.INF.SAGOMATO C2000 1/2,2805,14.64,8.01535E+12,12
10G3040200000SX,CIL.INF.SAGOMATO C2000 1/2,2805,18.54,8.01535E+12,12
10G3040200091,CIL.INF.SAGOMATO C2000 1/2,2806,11.26,8.01535E+12,12
10G30402012,CIL.INF.SAGOMATO C2000 1/2,2805,16.16,8.01535E+12,12
10G3040201200SX,CIL.INF.SAGOMATO C2000 1/2,2805,20.1,8.01535E+12,12
10G3040201291,CIL.INF.SAGOMATO C2000 1/2,2806,12.81,8.01535E+12,12
10G30402012LH,CIL.INF.SAGOMATO C2000 1/2  KA 11111,2805,13.86,8.01535E+12,12
10G304030,CIL.INF.SAGOMATO C2000 1/2,2805,15.59,8.01535E+12,12
10G3040300000SX,CIL.INF.SAGOMATO C2000 1/2,2805,19.51,8.01535E+12,12
10G3040300091,CIL.INF.SAGOMATO C2000 1/2,2805,12.25,8.01535E+12,12
10G30403012,CIL.INF.SAGOMATO C2000 1/2,2805,17.12,8.01535E+12,12
10G3040301200SX,CIL.INF.SAGOMATO C2000 1/2,2805,21.06,8.01535E+12,12
10G3040301291,CIL.INF.SAGOMATO C2000 1/2 SMONTATO,2806,13.77,8.01535E+12,12
10G30403012LH,1/2 CILINDRO C2000 KA 11111,2805,14.83,8.01535E+12,12
10G304040,CIL.INF.SAGOMATO C2000 1/2,2805,16.55,8.01535E+12,12
10G3040400000SX,CIL.INF.SAGOMATO C2000 1/2,2805,20.48,8.01535E+12,12
10G3040400091SX,CILINDRO C2000 EUROPEO SMONTATO SX,2806,16.16,0,12
10G30404012,CIL.INF.SAGOMATO C2000 1/2,2805,18.05,8.01535E+12,12
10G3040401200SX,CIL.INF.SAGOMATO C2000 1/2,2805,21.94,8.01535E+12,12
10G3040401291,CILINDRO C2000 EUROPEO SMONTATO,2806,14.69,8.01535E+12,6
10G30404012LH,CIL.INF.SAGOMATO C2000 1/2  KA 11111,2805,15.75,8.01535E+12,12
10G304050,CIL.INF.SAGOMATO C2000 1/2,2805,18,8.01535E+12,12
10G3040500000SX,CIL.INF.SAGOMATO C2000 1/2,2805,21.9,8.01535E+12,12
10G30405012,CIL.INF.SAGOMATO C2000 1/2,2805,19.51,8.01535E+12,12
10G3040501200SX,CIL.INF.SAGOMATO C2000 1/2,2805,23.44,8.01535E+12,12
10G304060,CIL.INF.SAGOMATO C2000 1/2,2805,19.01,8.01535E+12,6
10G3040600000SX,CIL.INF.SAGOMATO C2000 1/2,2805,22.92,8.01535E+12,6
10G30406012,CIL.INF.SAGOMATO C2000 1/2,2805,20.5,8.01535E+12,6
10G304070,CIL.INF.SAGOMATO C2000 1/2,2805,15.15,8.01535E+12,12
10G3040700000SX,CIL.INF.SAGOMATO C2000 1/2,2805,19.07,8.01535E+12,12
10G30407000LH,1/2 CILINDRO C2000 KA 11111,2805,11.75,8.01535E+12,12
10G30407012,CIL.INF.SAGOMATO C2000 1/2,2805,16.66,8.01535E+12,12
10G3040701200C5,CIL.INF.SAGOMATO C2000 1/2,2805,23.79,8.01535E+12,12
10G3040701200SX,CIL.INF.SAGOMATO C2000 1/2,2805,20.57,8.01535E+12,12
10G3040701291,CILINDRO C2000 EUROPEO SMONTATO,2806,13.29,8.01535E+12,12
10G30407012LH,1/2 CILINDRO C2000 KA 11111,2805,14.34,8.01535E+12,12
10G304090,CIL.INF.SAGOMATO C2000 1/2,2805,15.15,8.01535E+12,12
10G3040900000SX,CIL.INF.SAGOMATO C2000 1/2,2805,19.07,8.01535E+12,12
10G30409012,CIL.INF.SAGOMATO C2000 1/2,2805,16.66,8.01535E+12,12
10G3040901200SX,CIL.INF.SAGOMATO C2000 1/2,2805,20.57,8.01535E+12,12
10G304100,CIL.INF.SAGOMATO C2000 1/2,2805,15.59,8.01535E+12,12
10G3041000000SX,CIL.INF.SAGOMATO C2000 1/2,2805,19.51,8.01535E+12,12
10G30410012,CIL.INF.SAGOMATO C2000 1/2,2805,17.12,8.01535E+12,12
10G304110,CIL.INF.SAGOMATO C2000 1/2,2805,16.11,8.01535E+12,12
10G3041100000SX,CIL.INF.SAGOMATO C2000 1/2,2805,20.03,8.01535E+12,12
10G30411012,CIL.INF.SAGOMATO C2000 1/2,2805,17.61,8.01535E+12,12
10G3041101291,CILINDRO C2000 EUROPEO SMONTATO,2806,14.26,8.01535E+12,12
10G304130,CIL.INF.SAGOMATO C2000 1/2,2805,22.03,8.01535E+12,6
10G3041300000SX,CIL.INF.SAGOMATO C2000 1/2,2805,25.96,8.01535E+12,6
10G30413012,CIL.INF.SAGOMATO C2000 1/2,2805,23.61,8.01535E+12,6
10G30417012,CIL.INF.SAGOMATO C2000 1/2,2805,16.14,8.01535E+12,12
10G304180,CIL.INF.SAGOMATO C2000 1/2,2805,14.64,8.01535E+12,12
10G3041800000SX,CIL.INF.SAGOMATO C2000 1/2,2805,18.54,8.01535E+12,12
10G30418012,CIL.INF.SAGOMATO C2000 1/2,2805,16.16,8.01535E+12,12
10G3041801291,CILINDRO C2000 EUROPEO SMONTATO,2806,12.79,8.01535E+12,6
10G304200,CIL.INF.SAGOMATO C2000 1/2,2805,19.96,8.01535E+12,6
10G3042000000SX,CIL.INF.SAGOMATO C2000 1/2,2805,23.89,8.01535E+12,6
10G30420012,CIL.INF.SAGOMATO C2000 1/2,2805,21.48,8.01535E+12,6
10G304210,CIL.INF.SAGOMATO C2000 1/2,2805,18.51,8.01535E+12,6
10G3042100000SX,CIL.INF.SAGOMATO C2000 1/2,2805,22.44,8.01535E+12,6
10G30421012,CIL.INF.SAGOMATO C2000 1/2,2805,20.04,8.01535E+12,6
10G304350,CIL.INF.SAGOMATO C2000 1/2,2805,17.27,8.01535E+12,12
10G30435012,CIL.INF.SAGOMATO C2000 1/2,2805,18.72,8.01535E+12,12
10G30502012,1/2 CIL.EUROPEO C2000 A INGEGNO RIDOTTO,2805,15.63,8.01535E+12,12
10G3050201200C5,1/2 CIL.EUROPEO C2000 A INGEGNO RIDOTTO,2805,22.74,8.01535E+12,12
10G30502012RZ,1/2 CIL.EUROPEO C2000 SIVER A ING.RIDOTTO,2805,15.63,8.01535E+12,12
10G307070,CIL.INF.SAG.GAMBO POM.C2000,2805,30.64,8.01535E+12,6
10G3070700000SX,CIL.INF.SAG.GAMBO POM.C2000,2805,34.56,8.01535E+12,6
10G30707012,CIL.INF.SAG.GAMBO POM.C2000,2805,32.4,8.01535E+12,6
10G3070701200SX,CIL.INF.SAG.GAMBO POM.C2000,2805,36.33,8.01535E+12,6
10G3070701291,CIL.INF.SAG.GAMBO POM.C2000,2806,27.68,8.01535E+12,6
10G307120,CIL.INF.SAG.GAMBO POM.C2000,2805,32.19,8.01535E+12,6
10G3071200000SX,CIL.INF.SAG.GAMBO POM.C2000,2805,36.1,8.01535E+12,6
10G30712012,CIL.INF.SAG.GAMBO POM.C2000,2805,34,8.01535E+12,6
10G3071201200SX,CIL.INF.SAG.GAMBO POM.C2000,2805,37.91,8.01535E+12,6
10G307810,CIL.INF.SAG.GAMBO POM.C2000,2805,31.42,8.01535E+12,6
10G3078100000SX,CIL.INF.SAG.GAMBO POM.C2000,2805,35.34,8.01535E+12,6
10G30781012,CIL.INF.SAG.GAMBO POM.C2000,2805,33.23,8.01535E+12,6
10G3078101200SX,CIL.INF.SAG.GAMBO POM.C2000,2805,37.12,8.01535E+12,6
10G307870,CIL.INF.SAG.GAMBO POM.C2000,2805,41.46,8.01535E+12,6
10G3078700000C5,CIL.INF.SAG.GAMBO POM.C2000,2805,48.59,8.01535E+12,6
10G3078700000SX,CIL.INF.SAG.GAMBO POM.C2000,2805,45.36,8.01535E+12,6
10G30787012,CIL.INF.SAG.GAMBO POM.C2000,2805,43.25,8.01535E+12,6
10G3078701200C5,CIL.INF.SAG.GAMBO POM.C2000,2805,50.38,8.01535E+12,6
10G3078701200SX,CIL.INF.SAG.GAMBO POM.C2000,2805,47.16,8.01535E+12,6
10G307880,CIL.INF.SAG.GAMBO POM.C2000,2805,48.71,8.01535E+12,6
10G3078800000SX,CIL.INF.SAG.GAMBO POM.C2000,2805,52.62,8.01535E+12,6
10G30788012,CIL.INF.SAG.GAMBO POM.C2000,2805,50.52,8.01535E+12,6
10G307900,CIL.INF.SAG.GAMBO POM.C2000,2805,35.42,8.01535E+12,6
10G3079000000SX,CIL.INF.SAG.GAMBO POM.C2000,2805,39.34,8.01535E+12,6
10G30790012,CIL.INF.SAG.GAMBO POM.C2000,2805,37.19,8.01535E+12,6
10G3079001200SX,CIL.INF.SAG.GAMBO POM.C2000,2805,41.11,8.01535E+12,6
10G307910,CIL.INF.SAG.GAMBO POM.C2000,2805,33.79,8.01535E+12,6
10G3079100000SX,CIL.INF.SAG.GAMBO POM.C2000,2805,37.71,8.01535E+12,6
10G30791012,CIL.INF.SAG.GAMBO POM.C2000,2805,35.61,8.01535E+12,6
10G3079101200SX,CIL.INF.SAG.GAMBO POM.C2000,2805,39.52,8.01535E+12,6
100690100,CHIAVE TEKNO INOVATE,3909,10.82,8.01535E+12,6
10A3S1240,CILINDRO FRIZIONATO ASTRAL SIGILLO,2862,107.54,8.01535E+12,6
10A3S1350,CILINDRO FRIZIONATO ASTRAL SIGILLO,2862,117.41,8.01535E+12,6
10G30813066,CIL.C2000 FUNZIONE HOTEL 35/35,2808,61.06,8.01535E+12,6
10A3S712066,CIL.GAMBO POM. ASTRAL SIGILLO,2860,95.45,0,6
10G30819012,CIL.C2000 FUNZIONE HOTEL 35/45,2808,67.85,0,6
10G30807066,CIL.C2000 FUNZIONE HOTEL 30/30,2808,61.06,8.01535E+12,6
10G30820012,CIL.C2000 FUNZIONE HOTEL 30/60,2808,67.85,8.01535E+12,6
10G30820066,CIL.C2000 FUNZIONE HOTEL 30/60,2808,67.85,8.01535E+12,6
10G30810066,CIL.C2000 FUNZIONE HOTEL 33/33,2808,61.06,8.01535E+12,6
10G30812066,CIL.C2000 FUNZIONE HOTEL 40/30,2808,61.06,8.01535E+12,6
10G30817066,CIL.C2000 FUNZIONE HOTEL 30/50,2808,67.85,8.01535E+12,6
10G30829012,CIL.C2000 FUNZIONE HOTEL 45/45,2808,67.85,0,6
10G30829066,CIL.C2000 FUNZIONE HOTEL 45/45,2808,67.85,8.01535E+12,6
10G30819066,CIL.C2000 FUNZIONE HOTEL 35/45,2808,67.85,8.01535E+12,6
10G30821066,CIL.C2000 FUNZIONE HOTEL 40/50,2808,67.85,8.01535E+12,6
10G30826066,CIL.C2000 FUNZIONE HOTEL 30/35,2808,61.06,8.01535E+12,6
10G30831066,CIL.C2000 FUNZIONE HOTEL 35/50,2808,67.85,8.01535E+12,6
10G30827066,CIL.C2000 FUNZIONE HOTEL 30/45,2808,67.85,8.01535E+12,6
10G30830012,CIL.C2000 FUNZIONE HOTEL 40/45,2808,67.85,0,6
10G30843066,CIL.C2000 FUNZIONE HOTEL 45/55,2808,74.63,8.01535E+12,6
10G30846012 ,CIL.C2000 FUNZIONE HOTEL 43/43,2808,67.85,0,6
10G30846066,CIL.C2000 FUNZIONE HOTEL 43/43,2808,67.85,8.01535E+12,6
10G30830066,CIL.C2000 FUNZIONE HOTEL 40/45,2808,67.85,8.01535E+12,6
10G30831012,CIL.C2000 FUNZIONE HOTEL 35/50,2808,67.85,0,6
10G30882066,CIL.C2000 FUNZIONE HOTEL 30/40,2808,61.06,8.01535E+12,1
10G30885066,CIL.C2000 FUNZIONE HOTEL 45/35,2808,67.85,8.01535E+12,6
10G30837066,CIL.C2000 FUNZIONE HOTEL 30/80,2808,81.41,8.01535E+12,6
10G30838066,CIL.C2000 FUNZIONE HOTEL 35/60,2808,74.63,8.01535E+12,6
10G30872066,CIL.C2000 FUNZIONE HOTEL 55/65,2808,81.41,8.01535E+12,6
10G30881066,CIL.C2000 FUNZIONE HOTEL 35/30,2808,61.06,8.01535E+12,6
10G30886066,CIL.C2000 FUNZIONE HOTEL 65/55,2808,81.41,8.01535E+12,6
10G30889066,CIL.C2000 FUNZIONE HOTEL 60/50,2808,81.41,8.01535E+12,6
10G30891066,CIL.C2000 FUNZIONE HOTEL 45/30,2808,67.85,8.01535E+12,6
10G325050,CIL. POM.DA BAGNO 27-27,2805,23.04,8.01535E+12,6
10G32505012,CIL. POM.DA BAGNO 27-27,2805,24.88,8.01535E+12,6
10G325070,CIL. POM.DA BAGNO 30-30,2805,24.31,8.01535E+12,6
10G32507012,CIL. POM.DA BAGNO 30-30,2805,26.16,8.01535E+12,6
10G325070N9EG,CIL. POM.DA BAGNO 30-30 CON POMOLO E CAMMA DRIT,2805,31.95,8.01535E+12,
10G325100,CIL. POM.DA BAGNO 33-33,2805,25.6,8.01535E+12,6
10G32510012,CIL. POM.DA BAGNO 33-33,2805,27.45,8.01535E+12,6
10G325100N9EG,CIL. POM.DA BAGNO 33-33 CON POMOLO E CAMMA DRIT,2805,33.69,8.01535E+12,
10G325120,CIL. POM.DA BAGNO 40-30,2805,26.88,8.01535E+12,6
10G32512012,CIL. POM.DA BAGNO 40-30,2805,28.74,8.01535E+12,6
10G325130,CIL. POM.DA BAGNO 35-35,2805,26.88,8.01535E+12,6
10G32513000EG,CIL. POM.DA BAGNO 35-35 CON POMOLO E CAMMA DRIT,2805,26.88,8.01535E+12,
10G32513012,CIL. POM.DA BAGNO 35-35,2805,28.74,8.01535E+12,6
10G32513012EG,CIL. POM.DA BAGNO 35-35 CON POMOLO E CAMMA DRIT,2805,31.61,8.01535E+12,
10G325130N9EG,CIL. POM.DA BAGNO 35-35 CON POMOLO E CAMMA DRIT,2805,35.42,8.01535E+12,
10G32517012EG,CIL. POM.DA BAGNO 30-50 CON POMOLO E CAMMA DRIT,2805,34.44,8.01535E+12,
10G325170N9EG,CIL. POM.DA BAGNO 30-50 CON POMOLO E CAMMA DRIT,2805,38.89,8.01535E+12,
10G32518000EG,CIL. POM.DA BAGNO 40-40 CON POMOLO E CAMMA DRIT,2805,29.46,8.01535E+12,
10G32518012EG,CIL. POM.DA BAGNO 40-40 CON POMOLO E CAMMA DRIT,2805,34.44,8.01535E+12,
10G325180N9EG,CIL. POM.DA BAGNO 40-40 CON POMOLO E CAMMA DRIT,2805,38.89,8.01535E+12,
10G32590012EG,CIL. POM.DA BAGNO 50-30 CON POMOLO E CAMMA DRIT,2805,34.44,8.01535E+12,
10G325900N9EG,CIL. POM.DA BAGNO 50-30 CON POMOLO E CAMMA DRIT,2805,38.89,8.01535E+12,
10G325C80,CIL. POM.DA BAGNO 27-33,2805,24.31,8.01535E+12,6
10G325C8012,CIL. POM.DA BAGNO 27-33,2805,26.15,8.01535E+12,6
10G30897066,CIL.C2000 FUNZIONE HOTEL 55/35,2808,67.85,8.01535E+12,6
10G3450500000SX,CILINDRO C2000 EUROPEO,2805,23.21,8.01535E+12,12
10G34505012,CILINDRO C2000 EUROPEO,2805,21.16,8.01535E+12,12
10G345060,CILINDRO C2000 EUROPEO,2805,19.31,8.01535E+12,12
10G345090,CILINDRO C2000 EUROPEO,2805,20.75,8.01535E+12,12
10G345110,CILINDRO C2000 EUROPEO,2805,21.54,8.01535E+12,12
10G359020,MEZZO CILINDRO POMOLO 30-10,2805,16.64,8.01535E+12,6
10G35902012,MEZZO CILINDRO POMOLO 30-10,2805,18.13,8.01535E+12,6
10G359030,MEZZO CILINDRO POMOLO 40-10,2805,19.2,8.01535E+12,6
10G35903012,MEZZO CILINDRO POMOLO 40-10,2805,20.69,8.01535E+12,6
10G359070,MEZZO CILINDRO POMOLO 35-10,2805,17.93,8.01535E+12,6
10G35907012,MEZZO CILINDRO POMOLO 35-10,2805,19.41,8.01535E+12,6
10G359090,MEZZO CILINDRO POMOLO 33-10,2805,17.27,8.01535E+12,6
10G35909012,MEZZO CILINDRO POMOLO 33-10,2805,18.78,8.01535E+12,6
10G359100,MEZZO CILINDRO POMOLO 37-10,2805,18.55,8.01535E+12,6
10G35910012,MEZZO CILINDRO POMOLO 37-10,2805,20.06,8.01535E+12,6
10G359110,MEZZO CILINDRO POMOLO 43-10,2805,19.85,8.01535E+12,6
10G35911012,MEZZO CILINDRO POMOLO 43-10,2805,21.33,8.01535E+12,6
10G500000,CIL. TIPO C500 PER 1A610,2807,25.76,8.01535E+12,6
10G5000000000SX,CIL. TIPO C500 PER 1A610,2807,29.66,8.01535E+12,6
10G50000012,CIL. TIPO C500 PER 1A610,2807,27.26,8.01535E+12,6
10H3M126012,MODULI AP3 30-35,3849,163.53,8.01535E+12,
10H3M707012,MODULI AP3 30-30R,3849,149.25,8.01535E+12,
10H3M70701200C5,MODULI AP3 30-30R,3849,189.53,8.01535E+12,
10H3M781012,MODULI AP3 35-30R,3849,159.42,8.01535E+12,
10H3S28906600C5,CIL.EUROPEO G.POM. AP3 SIGILLO,3840,334.28,8.01535E+12,
10H7150301291,CIL.ESTERNO OVAL SCANDINAVO SMONTATO,3845,49.78,8.01535E+12,1
10L15600012CLC5,COPPIA CIL. CH. P. ANTIT. RS3,3882,293.37,8.01535E+12,1
10L21050012CL,CILINDRO RS3 CON TUBO,3882,196.96,8.01535E+12,1
10L41000012CL,CIL. FILETT. CH.P. RS3,3882,201.12,8.01535E+12,1
10L41000012CLC5,CIL. FILETT. CH.P. RS3,3882,256.04,8.01535E+12,1
10L41501012CLC5,CIL. FILETT. CH.P. RS3 MICROSWICH,3882,320.28,8.01535E+12,1
10L41503012CLC5,CIL. FILETT. CH.P. RS3 MICROSWICH,3882,295.41,8.01535E+12,1
10L41503012CLMK,CIL. FILETT. CH.P. RS3 MICROSWICH,3882,271.17,8.01535E+12,1
10L51000012CL,C500  RS3 S CH.ALI,3882,196.96,8.01535E+12,1
10L51000012CLC5,C500  RS3 S CH.ALI,3882,251.88,8.01535E+12,1
10L61000000CL,CLL RS3 X LUCCH.CORAZZATI,3882,184.47,8.01535E+12,1
10L61000000CLC5,CLL RS3 X LUCCH.CORAZZATI,3882,239.46,8.01535E+12,1
10L61010000CLC5,CLL RS3 X MANIGLIONE,3882,239.46,8.01535E+12,1
10M11200012CL,COPPIA CIL. ASTRAL TEKNO,3826,90.59,8.01535E+12,1
10M11200012CP,COPPIA CIL. ASTRAL TEKNO PERSONALIZZATO,3826,99.65,8.01535E+12,1
10M11400012CL,COPPIA CIL. ASTRAL TEKNO,3826,90.59,8.01535E+12,1
10M11400012CP,COPPIA ASTRAL TEKNO PERSONALIZZATA,3826,99.65,8.01535E+12,1
10M1160001291,COPPIA ASTRAL TEKNO SMONTATO,3827,77.05,8.01535E+12,1
10M11600012CL,COPPIA CIL. ASTRAL TEKNO,3826,90.59,8.01535E+12,1
10M11600012CP,COPPIA CIL. ASTRAL TEKNO PERS,3826,99.65,8.01535E+12,1
10M12000012CL,COPPIA CIL. ASTRAL TEKNO,3826,90.59,8.01535E+12,1
10M12000012CP,COPPIA ASTRAL TEKNO PERSONALIZZATA,3826,99.65,8.01535E+12,1
10M1490001291,COPPIA ASTRAL TEKNO SMONTATO,3827,77.05,8.01535E+12,1
10M14900012CL,COPPIA CIL. ASTRAL TEKNO,3826,90.59,8.01535E+12,1
10M14900012CLC5,COPPIA CIL. ASTRAL TEKNO,3826,111.32,8.01535E+12,1
10M14900012CP,COPPIA ASTRAL TEKNO PERSONALIZZATA,3826,99.65,8.01535E+12,1
10M1490006691,COPPIA ASTRAL TEKNO SMONTATO,3827,77.05,8.01535E+12,1
10M14900066CL,COPPIA CIL. ASTRAL TEKNO,3826,90.59,8.01535E+12,1
10M1500001291,COPPIA ASTRAL TEKNO SMONTATO,3827,77.05,8.01535E+12,1
10M15000012CL,COPPIA CIL. ASTRAL TEKNO,3826,90.59,8.01535E+12,1
10M15000012CLC5,COPPIA CIL. ASTRAL TEKNO,3826,104.6,8.01535E+12,1
10M15000012CP,COPPIA ASTRAL TEKNO PERSONALIZZATA,3826,99.65,8.01535E+12,1
10M15000066CL,COPPIA CIL. ASTRAL TEKNO,3826,90.59,8.01535E+12,1
10M1550001291,COPPIA ASTRAL TEKNO SMONTATO,3827,77.05,8.01535E+12,1
10M15500012CL,COPPIA CIL. ASTRAL TEKNO,3826,90.59,8.01535E+12,1
10M15500012CP,COPPIA CIL. ASTRAL TEKNO PERSONALIZZATO,3826,99.65,8.01535E+12,1
10M15600012CL,COPPIA CIL. ASTRAL TEKNO,3826,90.59,8.01535E+12,1
10M15600012CP,COPPIA ASTRAL TEKNO PERSONALIZZATA,3826,99.65,8.01535E+12,1
10M2105001291,CIL. ASTRAL TEKNO SMONTATO,3827,57.36,8.01535E+12,1
10M21050012CL,CIL.A TUBO ASTRAL TEKNO,3826,68.31,8.01535E+12,1
10M21050012CP,CIL. ASTRAL TEKNO PERSONALIZZATO,3826,75.12,8.01535E+12,1
10M2105006691,CIL. ASTRAL TEKNO SMONTATO,3827,57.36,8.01535E+12,1
10M21050066CL,CIL.A TUBO ASTRAL TEKNO,3826,68.31,8.01535E+12,1
10M31007012PG,CIL.ASTRAL TEKNO CREMALIERA,3825,87.13,8.01535E+12,1
10M3111301291,CIL. ASTRAL TEKNO SMONTATO,3827,70.66,8.01535E+12,1
10G30899066,CIL.C2000 FUNZIONE HOTEL 55/45,2808,74.63,8.01535E+12,6
10M3240201200C5,1/2 CILINDRO TEKNO PRO 30/10 N,3828,78.73,8.01535E+12,1
10M3240201291,1/2 CILINDRO TEKNO PRO 30/10 N,3829,45.8,8.01535E+12,1
10M32402012CP,CIL.ASTRAL TEKNO PRO,3828,64.45,8.01535E+12,1
10M32402066,1/2 CILINDRO TEKNO PRO 30/10,3828,58.6,8.01535E+12,1
10G308A1066,CIL.C2000 FUNZIONE HOTEL 60/35,2808,74.63,8.01535E+12,6
10M3240301291,1/2 CILINDRO TEKNO PRO 40/10 N,3829,52.45,8.01535E+12,1
10M32403066,1/2 CILINDRO TEKNO PRO 40/10 N,3828,65.23,8.01535E+12,1
10G308A6066,CIL.C2000 FUNZIONE HOTEL 60/45,2808,74.63,8.01535E+12,6
10M3240401291,1/2 CILINDRO TEKNO PRO 50/10 N,3829,59.11,8.01535E+12,1
10M32404012CP,1/2 CILINDRO TEKNO PRO 50/10 N,3828,79.09,8.01535E+12,1
10M32402012,1/2 CILINDRO TEKNO PRO 30/10 N,3828,58.6,8.01535E+12,1
10M32403012,1/2 CILINDRO TEKNO PRO 40/10 N,3828,65.23,8.01535E+12,1
10M3240501291,1/2 CILINDRO TEKNO PRO 60/10 N,3829,65.78,8.01535E+12,1
10M32405066,1/2 CILINDRO TEKNO PRO 60/10,3828,78.55,0,1
10M32404012,1/2 CILINDRO TEKNO PRO 50/10 N,3828,71.86,8.01535E+12,1
10M3240601291,1/2 CILINDRO TEKNO PRO 70/10 N,3829,72.43,8.01535E+12,1
10M32406066,1/2 CILINDRO TEKNO PRO 70/10,3828,85.22,0,1
10M32404066,1/2 CILINDRO TEKNO PRO 50/10,3828,71.86,8.01535E+12,1
10M3240701200C5,1/2 CILINDRO TEKNO PRO 35/10 N,3828,82.04,8.01535E+12,1
10M3240701291,1/2 CILINDRO TEKNO PRO 35/10 N,3829,49.12,8.01535E+12,1
10M32407066,1/2 CILINDRO TEKNO PRO 35/10 L,3828,61.9,8.01535E+12,1
10M32405012,1/2 CILINDRO TEKNO PRO 60/10 N,3828,78.55,8.01535E+12,1
10M3240801291,1/2 CILINDRO TEKNO PRO 45/10 N,3829,55.78,8.01535E+12,1
10M32408012CPC5,1/2 CILINDRO TEKNO PRO 45/10 N,3828,95.53,8.01535E+12,1
10M32408066,1/2 CILINDRO TEKNO PRO 45/10,3828,68.57,0,1
10M32406012,1/2 CILINDRO TEKNO PRO 70/10 N,3828,85.22,8.01535E+12,1
10M3241301200C5,1/2 CILINDRO TEKNO PRO 95/10 N,3828,122.65,8.01535E+12,1
10M3241301291,1/2 CILINDRO TEKNO PRO 95/10 N,3829,89.74,8.01535E+12,1
10M32413066,1/2 CILINDRO TEKNO PRO 95/10,3828,102.51,0,1
10M32407012,1/2 CILINDRO TEKNO PRO 35/10 N,3828,61.9,8.01535E+12,1
10M3242001291,1/2 CILINDRO TEKNO PRO 80/10 N,3829,79.09,8.01535E+12,1
10M32420066,1/2 CILINDRO TEKNO PRO 80/10,3828,91.87,0,1
10M32421012,1/2 CILINDRO TEKNO PRO 65/10 N,3828,81.87,8.01535E+12,1
10M3242101291,1/2 CILINDRO TEKNO PRO 65/10 N,3829,69.09,8.01535E+12,1
10M32421066,1/2 CILINDRO TEKNO PRO 65/10,3828,81.87,0,1
10M32435012,1/2 CILINDRO TEKNO PRO 55/10 N,3828,75.22,8.01535E+12,1
10M3243501291,1/2 CILINDRO TEKNO PRO 55/10 N,3829,62.45,8.01535E+12,1
10M32435066,1/2 CILINDRO TEKNO PRO 55/10,3828,75.22,0,1
10M3M107012,MODULI TEKNO 30-30,3828,78.87,8.01535E+12,1
10M3M107066,MODULI TEKNO 30-30,3828,78.87,8.01535E+12,1
10M3M402012,MODULO TEKNO 30 MEZZO CILINDRO,3828,52.17,8.01535E+12,1
10M3M402066,MODULO TEKNO 30 MEZZO CILINDRO,3828,52.17,8.01535E+12,1
10M32408012,1/2 CILINDRO TEKNO PRO 45/10 N,3828,68.57,8.01535E+12,1
10M3T10601200C5,CIL.ASTRAL TEKNO PRO FRIZ 28/34 N,3828,97.36,8.01535E+12,1
10M3T106012CP,CIL.ASTRAL TEKNO PRO FRIZ 28/34 N CP,3828,84.92,8.01535E+12,1
10M3T106012CPC5,CIL.ASTRAL TEKNO PRO,3828,105.05,8.01535E+12,1
10M3T10606600C5,CIL.ASTRAL TEKNO PRO FRIZ 28/34 N,3828,97.36,8.01535E+12,1
10M32413012,1/2 CILINDRO TEKNO PRO 95/10 N,3828,102.51,8.01535E+12,1
10M3T10701200C5,CIL.ASTRAL TEKNO PRO,3828,93.36,8.01535E+12,1
10M3T10701291,CIL.TEKNO PRO SMONTATO,3829,57.21,8.01535E+12,1
10M3T107012CP,CIL.ASTRAL TEKNO PRO FRIZ 30/30 N CP,3828,80.54,8.01535E+12,1
10M3T107012CPC5,CIL.ASTRAL TEKNO PRO,3828,100.68,8.01535E+12,1
10M3T107066,CIL.ASTRAL TEKNO PRO FRIZ 30/30 N,3828,73.21,8.01535E+12,1
10M3T10706600C5,CIL.ASTRAL TEKNO PRO FRIZ 30/30 P 5 CHIAVI,3828,93.36,8.01535E+12,1
10M3T10706691,CIL.TEKNO PRO SMONTATO,3829,57.21,8.01535E+12,1
10M3T107066CPC5,CIL.ASTRAL TEKNO PRO,3828,100.68,8.01535E+12,1
10M32420012,1/2 CILINDRO TEKNO PRO 80/10 N,3828,91.87,8.01535E+12,1
10M3T10901200C5,CIL.ASTRAL TEKNO PRO FRIZ 28/36 N,3828,97.37,8.01535E+12,1
10M3T10901291,CIL.TEKNO PRO SMONTATO,3829,61.23,8.01535E+12,1
10M3T106012,CIL.ASTRAL TEKNO PRO FRIZ 28/34 N,3828,77.2,8.01535E+12,1
10M3T11001200C5,CIL.ASTRAL TEKNO PRO FRIZ 33/33 N,3828,97.34,8.01535E+12,1
10M3T107012,CIL.ASTRAL TEKNO PRO FRIZ 30/30 N,3828,73.21,8.01535E+12,1
10M3T11101200C5,CIL.ASTRAL TEKNO PRO,3828,105.36,8.01535E+12,1
10M3T11106600C5,CIL.ASTRAL TEKNO PRO,3828,105.36,8.01535E+12,1
10M3T109012,CIL.ASTRAL TEKNO PRO FRIZ 28/36 N,3828,77.2,8.01535E+12,1
10M3T11201200C5,CIL.ASTRAL TEKNO PRO FRIZ 30/40 N 5 CHIAVI,3828,101.35,8.01535E+12,1
10M3T11201291,CIL.TEKNO PRO SMONTATO,3829,65.21,8.01535E+12,1
10M3T112012CP,CIL.ASTRAL TEKNO PRO FRIZ 30/40 N CP,3828,89.35,8.01535E+12,1
10M3T112012CPC5,CIL.ASTRAL TEKNO PRO,3828,109.46,8.01535E+12,1
10M3T112066,CIL.ASTRAL TEKNO PRO FRIZ 30/40,3828,81.22,8.01535E+12,1
10M3T11206600C5,CIL.ASTRAL TEKNO PRO FRIZ 30/40 P 5 CHIAVI,3828,101.35,8.01535E+12,1
10M3T110012,CIL.ASTRAL TEKNO PRO FRIZ 33/33 N,3828,77.2,8.01535E+12,1
10M3T11301200C5,CIL.ASTRAL TEKNO PRO FRIZ 35/35 N 5 CHIAVI,3828,101.35,8.01535E+12,1
10M3T11301291,CIL.TEKNO PRO SMONTATO,3829,65.21,8.01535E+12,1
10M3T113012CP,CIL.ASTRAL TEKNO PRO FRIZ 35/35 N CP,3828,89.35,8.01535E+12,1
10M3T113012CPC5,CIL.ASTRAL TEKNO PRO,3828,109.46,8.01535E+12,1
10M3T113066,CIL.ASTRAL TEKNO PRO FRIZ 35/35 L,3828,81.22,8.01535E+12,1
10M3T111012,CIL.ASTRAL TEKNO PRO FRZ 28/43 N,3828,85.22,8.01535E+12,1
10M3T11701200C5,CIL.ASTRAL TEKNO PRO FRIZ 30/50 N 5 CHIAVI,3828,109.34,8.01535E+12,1
10M3T11701291,CIL.TEKNO PRO SMONTATO,3829,73.19,8.01535E+12,1
10M3T117012CP,CIL.ASTRAL TEKNO PRO FRIZ 30/50 N CP,3828,98.12,8.01535E+12,1
10M3T117012CPC5,CIL.ASTRAL TEKNO PRO,3828,118.24,8.01535E+12,1
10M3T117066,CIL.ASTRAL TEKNO PRO FRIZ 30/50 P,3828,89.19,8.01535E+12,1
10M3T11706600C5,CIL.ASTRAL TEKNO PRO FRIZ 30/50 P 5 CHIAVI,3828,109.34,8.01535E+12,1
10M3T11706691,CIL.TEKNO PRO SMONTATO,3829,73.19,8.01535E+12,1
10M3T117066CPC5,CIL.ASTRAL TEKNO PRO,3828,118.24,8.01535E+12,1
10M3T112012,CIL.ASTRAL TEKNO PRO FRIZ 30/40 N,3828,81.22,8.01535E+12,1
10M3T11801200C5,CIL.ASTRAL TEKNO PRO FRIZ 40/40 N 5 CHIAVI,3828,109.34,8.01535E+12,1
10M3T11801291,CIL.TEKNO PRO SMONTATO,3829,73.19,8.01535E+12,1
10M3T118012CP,CIL.ASTRAL TEKNO PRO FRIZ 40/40 N CP,3828,98.12,8.01535E+12,1
10M3T118012CPC5,CIL.ASTRAL TEKNO PRO,3828,118.23,8.01535E+12,1
10M3T118066,CIL.ASTRAL TEKNO PRO FRIZ 40/40,3828,89.19,8.01535E+12,1
10M3T11806600C5,CIL.ASTRAL TEKNO PRO FRIZ 40/40,3828,109.34,8.01535E+12,1
10M3T113012,CIL.ASTRAL TEKNO PRO FRIZ 35/35 N,3828,81.22,8.01535E+12,1
10M3T11901200C5,CIL.ASTRAL TEKNO PRO FRIZ 35/45 N 5 CHIAVI,3828,109.34,8.01535E+12,1
10M3T11901291,CIL.TEKNO PRO SMONTATO,3829,73.19,8.01535E+12,1
10M3T119012CP,CIL.ASTRAL TEKNO PRO FRIZ 35/45 N CP,3828,98.12,8.01535E+12,1
10M3T119012CPC5,CIL.ASTRAL TEKNO PRO,3828,118.24,8.01535E+12,1
10M3T119066,CIL.ASTRAL TEKNO PRO  FRIZ 35/45,3828,89.19,8.01535E+12,1
10M3T11906600C5,CIL.ASTRAL TEKNO PRO FRIZ 35/45 P 5 CHIAVI,3828,109.34,8.01535E+12,1
10M3T117012,CIL.ASTRAL TEKNO PRO FRIZ 30/50 N,3828,89.19,8.01535E+12,1
10M3T12001200C5,CIL.ASTRAL TEKNO PRO FRIZ 30/60 N 5 CHIAVI,3828,117.32,8.01535E+12,1
10M3T12001291,CIL.TEKNO PRO SMONTATO,3829,81.19,8.01535E+12,1
10M3T120012CP,CIL.ASTRAL TEKNO PRO FRIZ 30/60 N CP,3828,106.91,8.01535E+12,1
10M3T120012CPC5,CIL.ASTRAL TEKNO PRO,3828,127.05,8.01535E+12,1
10M3T120066,CIL.ASTRAL TEKNO PRO FRIZ 30/60,3828,97.19,8.01535E+12,1
10M3T12006600C5,CIL.ASTRAL TEKNO PRO FRIZ 30/60 P 5 CHIAVI,3828,117.32,8.01535E+12,1
10M3T120066CPC5,CIL.ASTRAL TEKNO PRO,3828,127.05,8.01535E+12,1
10M3T118012,CIL.ASTRAL TEKNO PRO FRIZ 40/40 N,3828,89.19,8.01535E+12,1
10M3T12101200C5,CIL.ASTRAL TEKNO PRO FRIZ 40/50 N 5 CHIAVI,3828,117.32,8.01535E+12,1
10M3T12101291,CIL.TEKNO PRO SMONTATO,3829,81.19,8.01535E+12,1
10M3T121012CP,CIL.ASTRAL TEKNO PRO FRIZ 40/50 N CP,3828,106.91,8.01535E+12,1
10M3T121012CPC5,CIL.ASTRAL TEKNO PRO,3828,127.05,8.01535E+12,1
10M3T121012RH,CILINDRO TEKNO PRO FRIZ 40/50 CANTIERE 3+1(150203),3828,67.75,8.01535E+12,1
10M3T121012RHC5,CILINDRO TEKNO PRO FRIZ 40/50 CANTIERE 5+1(150209),3828,76.22,8.01535E+12,1
10M3T121066,CIL.ASTRAL TEKNO PRO FRIZ 40/50,3828,97.19,8.01535E+12,1
10M3T12106600C5,CIL.ASTRAL TEKNO PRO FRIZ 40/50,3828,117.32,8.01535E+12,1
10M3T119012,CIL.ASTRAL TEKNO PRO  FRIZ 35/45 N,3828,89.19,8.01535E+12,1
10M3T12201200C5,CIL.ASTRAL TEKNO PRO FRIZ 35/65 N,3828,127.97,8.01535E+12,1
10M3T12201291,CIL.TEKNO PRO SMONTATO,3829,91.85,8.01535E+12,1
10M3T122012CP,CIL.ASTRAL TEKNO PRO,3828,118.61,8.01535E+12,1
10M3T122012CPC5,CIL.ASTRAL TEKNO PRO,3828,138.76,8.01535E+12,1
10M3T122066,CIL.ASTRAL TEKNO PRO FRIZ 35/65,3828,107.84,8.01535E+12,1
10M3T120012,CIL.ASTRAL TEKNO PRO FRIZ 30/60 N,3828,97.19,8.01535E+12,1
10M3T12301200C5,CIL.ASTRAL TEKNO PRO FRIZ 50/50 N 5 CHIAVI,3828,127.97,8.01535E+12,1
10M3T12301291,CIL.TEKNO PRO SMONTATO,3829,91.85,8.01535E+12,1
10M3T123012CP,CIL.ASTRAL TEKNO PRO,3828,118.61,8.01535E+12,1
10M3T123012CPC5,CIL.ASTRAL TEKNO PRO,3828,138.76,8.01535E+12,1
10M3T123066,CIL.ASTRAL TEKNO PRO 50/50,3828,107.84,8.01535E+12,1
10M3T12306600C5,CIL.ASTRAL TEKNO PRO FRIZ 50/50 N 5 CHIAVI,3828,127.97,8.01535E+12,1
10M3T121012,CIL.ASTRAL TEKNO PRO FRIZ 40/50 N,3828,97.19,8.01535E+12,1
10M3T12401200C5,CIL.ASTRAL TEKNO PRO FRIZ 30/70 N 5 CHIAVI,3828,127.97,8.01535E+12,1
10M3T12401291,CIL.TEKNO PRO SMONTATO,3829,91.85,8.01535E+12,1
10M3T124012CP,CIL.ASTRAL TEKNO PRO,3828,118.61,8.01535E+12,1
10M3T124012CPC5,CIL.ASTRAL TEKNO PRO,3828,138.76,8.01535E+12,1
10M3T124066,CIL.ASTRAL TEKNO PRO FRIZ 30/70,3828,107.84,8.01535E+12,1
10M3T122012,CIL.ASTRAL TEKNO PRO FRIZ 35/65 N,3828,107.84,8.01535E+12,1
10M3T12501200C5,CIL.ASTRAL TEKNO PRO FRIZ 40/60 N 5 CHIAVI,3828,127.97,8.01535E+12,1
10M3T12501291,CIL.TEKNO PRO SMONTATO,3829,91.85,8.01535E+12,1
10M3T125012CP,CIL.ASTRAL TEKNO PRO,3828,118.61,8.01535E+12,1
10M3T125012CPC5,CIL.ASTRAL TEKNO PRO,3828,138.73,8.01535E+12,1
10M3T125066,CIL.ASTRAL TEKNO PRO FRIZ 40/60 N,3828,107.84,8.01535E+12,1
10M3T123012,CIL.ASTRAL TEKNO PRO 50/50 N,3828,107.84,8.01535E+12,1
10M3T12601200C5,CIL.ASTRAL TEKNO PRO FRIZ 30/35 N 5 CHIAVI,3828,97.36,8.01535E+12,1
10M3T12601291,CIL.TEKNO PRO SMONTATO,3829,61.23,8.01535E+12,1
10M3T126012CP,CIL.ASTRAL TEKNO PRO FRIZ 30/35 N CP,3828,84.92,8.01535E+12,1
10M3T126012CPC5,CIL.ASTRAL TEKNO PRO,3828,105.07,8.01535E+12,1
10M3T126066,CIL.ASTRAL TEKNO PRO FRIZ 30/35,3828,77.2,8.01535E+12,1
10M3T12606600C5,CIL.ASTRAL TEKNO PRO FRIZ 30/35,3828,97.36,8.01535E+12,1
10M3T124012,CIL.ASTRAL TEKNO PRO FRIZ 30/70 N,3828,107.84,8.01535E+12,1
10M3T12701200C5,CIL.ASTRAL TEKNO PRO FRIZ 30/45 N 5 CHIAVI,3828,105.33,8.01535E+12,1
10M3T12701291,CIL.TEKNO PRO SMONTATO,3829,69.22,8.01535E+12,1
10M3T127012CP,CIL.ASTRAL TEKNO PRO FRIZ 30/45 N CP,3828,93.74,8.01535E+12,1
10M3T127012CPC5,CIL.ASTRAL TEKNO PRO,3828,113.86,8.01535E+12,1
10M3T127066,CIL.ASTRAL TEKNO PRO FRIZ 30/45 P,3828,85.22,8.01535E+12,1
10M3T12706600C5,CIL.ASTRAL TEKNO PRO FRIZ 30/45 P 5 CHIAVI,3828,105.33,8.01535E+12,1
10M3T125012,CIL.ASTRAL TEKNO PRO FRIZ 40/60 N,3828,107.84,8.01535E+12,1
10M3T12801200C5,CIL.ASTRAL TEKNO PRO FRIZ 35/40 N 5 CHIAVI,3828,105.33,8.01535E+12,1
10M3T12801291,CIL.TEKNO PRO SMONTATO,3829,69.22,8.01535E+12,1
10M3T128012CP,CIL.ASTRAL TEKNO PRO FRIZ 35/40 N CP,3828,93.74,8.01535E+12,1
10M3T128012CPC5,CIL.ASTRAL TEKNO PRO,3828,113.86,8.01535E+12,1
10M3T128066,CIL.ASTRAL TEKNO PRO FRIZ 35/40 N,3828,85.22,8.01535E+12,1
10M3T12806600C5,CIL.ASTRAL TEKNO PRO FRIZ 35/40 L,3828,105.33,8.01535E+12,1
10M3T126012,CIL.ASTRAL TEKNO PRO FRIZ 30/35 N,3828,77.2,8.01535E+12,1
10M3T12901200C5,CIL.ASTRAL TEKNO PRO FRIZ 45/45 N 5 CHIAVI,3828,117.32,8.01535E+12,1
10M3T12901291,CIL.TEKNO PRO SMONTATO,3829,81.19,8.01535E+12,1
10M3T129012CP,CIL.ASTRAL TEKNO PRO FRIZ 45/45 N CP,3828,106.91,8.01535E+12,1
10M3T129012CPC5,CIL.ASTRAL TEKNO PRO,3828,127.05,8.01535E+12,1
10M3T129066,CIL.ASTRAL TEKNO PRO FRIZ 45/45 L,3828,97.19,8.01535E+12,1
10M3T127012,CIL.ASTRAL TEKNO PRO FRIZ 30/45 N,3828,85.22,8.01535E+12,1
10M3T13001200C5,CIL.ASTRAL TEKNO PRO FRIZ 40/45 N 5 CHIAVI,3828,113.35,8.01535E+12,1
10M3T13001291,CIL.TEKNO PRO SMONTATO,3829,77.18,8.01535E+12,1
10M3T130012CP,CIL.ASTRAL TEKNO PRO FRIZ 40/45 N CP,3828,102.51,8.01535E+12,1
10M3T130012CPC5,CIL.ASTRAL TEKNO PRO,3828,122.65,8.01535E+12,1
10M3T130066,CIL.ASTRAL TEKNO PRO FRIZ 40/45 L,3828,93.19,8.01535E+12,1
10M3T13006600C5,CIL.ASTRAL TEKNO PRO FRIZ 40/45 L,3828,113.35,8.01535E+12,1
10M3T128012,CIL.ASTRAL TEKNO PRO FRIZ 35/40 N,3828,85.22,8.01535E+12,1
10M3T13101200C5,CIL.ASTRAL TEKNO PRO FRIZ 35/50 N 5 CHIAVI,3828,113.35,8.01535E+12,1
10M3T13101291,CIL.TEKNO PRO SMONTATO,3829,77.18,8.01535E+12,1
10M3T131012CP,CIL.ASTRAL TEKNO PRO FRIZ 35/50 N CP,3828,102.51,8.01535E+12,1
10M3T131012CPC5,CIL.ASTRAL TEKNO PRO FRIZ 35/50 N CP,3828,122.65,8.01535E+12,1
10M3T131066,CIL.ASTRAL TEKNO PRO FRIZ 35/50,3828,93.19,8.01535E+12,1
10M3T13106600C5,CIL.ASTRAL TEKNO PRO FRIZ 35/50 P 5 CHIAVI,3828,113.35,8.01535E+12,1
10M3T131066CPC5,CIL.ASTRAL TEKNO PRO,3828,122.65,8.01535E+12,1
10M3T129012,CIL.ASTRAL TEKNO PRO FRIZ 45/45 N,3828,97.19,8.01535E+12,1
10M3T13201200C5,CIL.ASTRAL TEKNO PRO FRIZ 35/55 N 5 CHIAVI,3828,117.32,8.01535E+12,1
10M3T13201291,CIL.TEKNO PRO SMONTATO,3829,81.19,8.01535E+12,1
10M3T132012CP,CIL.ASTRAL TEKNO PRO FRIZ 35/55 N CP,3828,106.91,8.01535E+12,1
10M3T132012CPC5,CIL.ASTRAL TEKNO PRO FRIZ 35/55 N CP,3828,127.05,8.01535E+12,1
10M3T132066,CIL.ASTRAL TEKNO PRO FRIZ 35/55,3828,97.19,8.01535E+12,1
10M3T13206600C5,CIL.ASTRAL TEKNO PRO FRIZ 35/55 P 5 CHIAVI,3828,117.32,8.01535E+12,1
10M3T130012,CIL.ASTRAL TEKNO PRO FRIZ 40/45 N,3828,93.19,8.01535E+12,1
10M3T13301200C5,CIL.ASTRAL TEKNO PRO FRIZ 30/55 N 5 CHIAVI,3828,113.35,8.01535E+12,1
10M3T13301291,CIL.TEKNO PRO SMONTATO,3829,77.18,8.01535E+12,1
10M3T133012CP,CIL.ASTRAL TEKNO PRO FRIZ 30/55 N CP,3828,102.51,8.01535E+12,1
10M3T133012CPC5,CIL.ASTRAL TEKNO PRO,3828,122.65,8.01535E+12,1
10M3T133066,CIL.ASTRAL TEKNO PRO FRIZ 30/55,3828,93.19,8.01535E+12,1
10M3T13306600C5,CIL.ASTRAL TEKNO PRO FRIZ 30/55 P 5 CHIAVI,3828,113.35,8.01535E+12,1
10M3T131012,CIL.ASTRAL TEKNO PRO FRIZ 35/50 N,3828,93.19,8.01535E+12,1
10M3T13501200C5,CIL.ASTRAL TEKNO PRO FRIZ 40/70 N,3828,138.62,8.01535E+12,1
10M3T13501291,CIL.TEKNO PRO SMONTATO,3829,102.49,8.01535E+12,1
10M3T135012CP,CIL.ASTRAL TEKNO PRO,3828,130.35,8.01535E+12,1
10M3T135066,CIL.ASTRAL TEKNO PRO FRIZ 40/70 N,3828,118.48,8.01535E+12,1
10M3T13506600C5  ,CIL.ASTRAL TEKNO PRO FRIZ 40/70 N,3828,138.62,8.01535E+12,1
10M3T132012,CIL.ASTRAL TEKNO PRO FRIZ 35/55 N,3828,97.19,8.01535E+12,1
10M3T13601200C5,CIL.ASTRAL TEKNO PRO FRIZ 50/60 N 5 CHIAVI,3828,138.62,8.01535E+12,1
10M3T13601291,CIL.TEKNO PRO SMONTATO,3829,102.49,8.01535E+12,1
10M3T136012CP,CIL.ASTRAL TEKNO PRO,3828,130.35,8.01535E+12,1
10M3T136066,CIL.ASTRAL TEKNO PRO FRIZ 50/60 N,3828,118.48,8.01535E+12,1
10M3T13606600C5,CIL.ASTRAL TEKNO PRO FRIZ 50/60 N,3828,138.62,8.01535E+12,1
10M3T133012,CIL.ASTRAL TEKNO PRO FRIZ 30/55 N,3828,93.19,8.01535E+12,1
10M3T13701200C5,CIL.ASTRAL TEKNO PRO FRIZ 30/80 N,3828,138.62,8.01535E+12,1
10M3T13701291,CIL.TEKNO PRO SMONTATO,3829,102.49,8.01535E+12,1
10M3T137012CP,CIL.ASTRAL TEKNO PRO,3828,130.35,8.01535E+12,1
10M3T137066,CIL.ASTRAL TEKNO PRO FRIZ 30/80 L,3828,118.48,8.01535E+12,1
10M3T135012,CIL.ASTRAL TEKNO PRO FRIZ 40/70 N,3828,118.48,8.01535E+12,1
10M3T13801200C5,CIL.ASTRAL TEKNO PRO FRIZ 35/60 N,3828,122.65,8.01535E+12,1
10M3T13801291,CIL.TEKNO PRO SMONTATO,3829,86.5,8.01535E+12,1
10M3T138012CP,CIL.ASTRAL TEKNO PRO FRIZ 35/60 N CP,3828,112.75,8.01535E+12,1
10M3T138066,CIL.ASTRAL TEKNO PRO FRIZ 35/60 N,3828,102.51,8.01535E+12,1
10M3T136012,CIL.ASTRAL TEKNO PRO FRIZ 50/60 N,3828,118.48,8.01535E+12,1
10M3T13901200C5,CIL.ASTRAL TEKNO PRO FRIZ 45/50 N 5 CHIAVI,3828,122.65,8.01535E+12,1
10M3T13901291,CIL.TEKNO PRO SMONTATO,3829,86.5,8.01535E+12,1
10M3T139012CP,CIL.ASTRAL TEKNO PRO,3828,112.75,8.01535E+12,1
10M3T139066,CIL.ASTRAL TEKNO PRO FRIZ 45/50 N,3828,102.51,8.01535E+12,1
10M3T13906600C5,CIL.ASTRAL TEKNO PRO FRIZ 45/50 N,3828,122.65,8.01535E+12,1
10M3T137012,CIL.ASTRAL TEKNO PRO FRIZ 30/80 N,3828,118.48,8.01535E+12,1
10M3T14001200C5,CIL.ASTRAL TEKNO PRO FRIZ 60/60 N,3828,150.61,8.01535E+12,1
10M3T14001291,CIL.TEKNO PRO SMONTATO,3829,114.47,8.01535E+12,1
10M3T140012CP,CIL.ASTRAL TEKNO PRO FRIZ 60/60 N,3828,143.52,8.01535E+12,1
10M3T140012CPC5,CIL.ASTRAL TEKNO PRO FRIZ 60/60 N,3828,163.65,8.01535E+12,1
10M3T140066,CIL.ASTRAL TEKNO PRO FRIZ 60/60 N,3828,130.48,8.01535E+12,1
10M3T138012,CIL.ASTRAL TEKNO PRO FRIZ 35/60 N,3828,102.51,8.01535E+12,1
10M3T14101200C5,CIL.ASTRAL TEKNO PRO FRIZ 30/65 N 5 CHIAVI,3828,122.65,8.01535E+12,1
10M3T14101291,CIL.TEKNO PRO SMONTATO,3829,86.5,8.01535E+12,1
10M3T141012CP,CIL.ASTRAL TEKNO PRO FRIZ 30/65 N CP,3828,112.75,8.01535E+12,1
10M3T141012CPC5,CIL.ASTRAL TEKNO PRO,3828,132.91,8.01535E+12,1
10M3T141066,CIL.ASTRAL TEKNO PRO FRIZ 30/65 L,3828,102.51,8.01535E+12,1
10M3T14106600C5,CIL.ASTRAL TEKNO PRO FRIZ 30/65,3828,122.65,8.01535E+12,1
10M3T139012,CIL.ASTRAL TEKNO PRO FRIZ 45/50 N,3828,102.51,8.01535E+12,1
10M3T14201200C5,CIL.ASTRAL TEKNO PRO FRIZ 40/55 N,3828,122.65,8.01535E+12,1
10M3T14201291,CIL.TEKNO PRO SMONTATO,3829,86.5,8.01535E+12,1
10M3T142012CP,CIL.ASTRAL TEKNO PRO FRIZ 40/55 N CP,3828,112.75,8.01535E+12,1
10M3T142066,CIL.ASTRAL TEKNO PRO FRIZ 40/55,3828,102.51,8.01535E+12,1
10M3T14206600C5,CIL.ASTRAL TEKNO PRO FRIZ 40/55 N,3828,122.65,8.01535E+12,1
10M3T140012,CIL.ASTRAL TEKNO PRO FRIZ 60/60 N,3828,130.48,8.01535E+12,1
10M3T14301200C5,CIL.ASTRAL TEKNO PRO FRIZ 45/55 N,3828,127.97,8.01535E+12,1
10M3T14301291,CIL.TEKNO PRO SMONTATO,3829,91.85,8.01535E+12,1
10M3T143012CP,CIL.ASTRAL TEKNO PRO,3828,118.61,8.01535E+12,1
10M3T143012CPC5,CIL.ASTRAL TEKNO PRO,3828,138.76,8.01535E+12,1
10M3T141012,CIL.ASTRAL TEKNO PRO FRIZ 30/65 N,3828,102.51,8.01535E+12,1
10M3T142012,CIL.ASTRAL TEKNO PRO FRIZ 40/55 N,3828,102.51,8.01535E+12,1
10M3T14401200C5,CIL.ASTRAL TEKNO PRO,3828,133.3,8.01535E+12,1
10M3T14401291,CIL.ASTRAL TEKNO PRO,3828,97.17,8.01535E+12,1
10M3T144012CP,CIL.ASTRAL TEKNO PRO,3828,124.48,8.01535E+12,1
10M3T144066,CIL.ASTRAL TEKNO PRO,3828,113.17,8.01535E+12,1
10M3T143012,CIL.ASTRAL TEKNO PRO FRIZ 45/55 N,3828,107.84,8.01535E+12,1
10M3T14501200C5,CIL.ASTRAL TEKNO PRO FRIZ 45/65 N,3828,138.61,8.01535E+12,1
10M3T14501291,CIL.TEKNO PRO SMONTATO,3829,102.49,8.01535E+12,1
10M3T145012CP,CIL.ASTRAL TEKNO PRO FRIZ 45/65 N,3828,130.35,8.01535E+12,1
10M3T145012CPC5,CIL.ASTRAL TEKNO PRO FRIZ 45/65 N,3828,150.49,8.01535E+12,1
10M3T145066,CIL.ASTRAL TEKNO PRO FRIZ 45/65,3828,118.48,8.01535E+12,1
10M3T143066,CIL.ASTRAL TEKNO PRO FRIZ 45/55,3828,107.84,8.01535E+12,1
10M3T14901200C5,CIL.ASTRAL TEKNO PRO,3828,133.3,8.01535E+12,1
10M3T14901291,CIL.TEKNO PRO SMONTATO,3829,97.17,8.01535E+12,1
10M3T149012CP,CIL.ASTRAL TEKNO PRO,3828,124.48,8.01535E+12,1
10M3T149066,CIL.ASTRAL TEKNO PRO,3828,113.17,8.01535E+12,1
10M3T144012,CIL.ASTRAL TEKNO PRO,3828,113.17,8.01535E+12,1
10M3T15201200C5,CIL.ASTRAL TEKNO PRO FRIZ 30/90 N,3828,150.62,8.01535E+12,1
10M3T15201291,CIL.TEKNO PRO SMONTATO,3829,114.47,8.01535E+12,1
10M3T152012CP,CIL.ASTRAL TEKNO PRO FRIZ 30/90 N,3828,143.52,8.01535E+12,1
10M3T152066,CIL.ASTRAL TEKNO PRO FRIZ 30/90,3828,130.48,8.01535E+12,1
10M3T153012,CIL.ASTRAL TEKNO PRO FRIZ 30/100 N,3828,142.46,8.01535E+12,1
10M3T15301200C5,CIL.ASTRAL TEKNO PRO FRIZ 30/100 N,3828,162.48,8.01535E+12,1
10M3T15301291,CIL.TEKNO PRO SMONTATO,3829,126.45,8.01535E+12,1
10M3T153012CP,CIL.ASTRAL TEKNO PRO FRIZ 30/100 N,3828,156.69,8.01535E+12,1
10M3T153066,CIL.ASTRAL TEKNO PRO FRIZ 30/100 N,3828,142.46,8.01535E+12,1
10M3T145012,CIL.ASTRAL TEKNO PRO FRIZ 45/65 N,3828,118.48,8.01535E+12,1
10M3T15401200C5,CIL.ASTRAL TEKNO PRO FRIZ 45/60 N,3828,133.3,8.01535E+12,1
10M3T15401291,CIL.TEKNO PRO SMONTATO,3829,97.17,8.01535E+12,1
10M3T154012CP,CIL.ASTRAL TEKNO PRO,3828,124.48,8.01535E+12,1
10M3T154066,CIL.ASTRAL TEKNO PRO FRIZ 45/60,3828,113.17,8.01535E+12,1
10M3T149012,CIL.ASTRAL TEKNO PRO,3828,113.17,8.01535E+12,1
10M3T15601200C5,CIL.ASTRAL TEKNO PRO FRIZ 30/75 N,3828,133.3,8.01535E+12,1
10M3T15601291,CIL.TEKNO PRO SMONTATO,3829,97.17,8.01535E+12,1
10M3T156012CP,CIL.ASTRAL TEKNO PRO,3828,124.48,8.01535E+12,1
10M3T156066,CIL.ASTRAL TEKNO PRO FRIZ 30/75,3828,113.17,8.01535E+12,1
10M3T152012,CIL.ASTRAL TEKNO PRO FRIZ 30/90 N,3828,130.48,8.01535E+12,1
10M3T15701200C5,CIL.ASTRAL TEKNO PRO FRIZ 35/75 N,3828,138.62,8.01535E+12,1
10M3T15701291,CIL.TEKNO PRO SMONTATO,3829,102.49,8.01535E+12,1
10M3T157012CP,CIL.ASTRAL TEKNO PRO FRIZ 35/75 N,3828,130.35,8.01535E+12,1
10M3T157066,CIL.ASTRAL TEKNO PRO FRIZ 35/75,3828,118.48,8.01535E+12,1
10M3T154012,CIL.ASTRAL TEKNO PRO FRIZ 45/60 N,3828,113.17,8.01535E+12,1
10M3T15901200C5,CIL.ASTRAL TEKNO PRO,3828,144.61,8.01535E+12,1
10M3T15901291,CIL.TEKNO PRO SMONTATO,3829,108.48,8.01535E+12,1
10M3T159012CP,CIL.ASTRAL TEKNO PRO,3828,136.95,8.01535E+12,1
10M3T159066,CIL.ASTRAL TEKNO PRO,3828,124.48,8.01535E+12,1
10M3T156012,CIL.ASTRAL TEKNO PRO FRIZ 30/75 N,3828,113.17,8.01535E+12,1
10M3T16001200C5,CIL.ASTRAL TEKNO PRO FRIZ 40/80 N,3828,163.36,8.01535E+12,1
10M3T16001291,CIL.TEKNO PRO SMONTATO,3829,114.47,8.01535E+12,1
10M3T160012CP,CIL.ASTRAL TEKNO PRO,3828,143.52,8.01535E+12,1
10M3T160066,CIL.ASTRAL TEKNO PRO FRIZ 40/80 L,3828,130.48,8.01535E+12,1
10M3T157012,CIL.ASTRAL TEKNO PRO FRIZ 35/75 N,3828,118.48,8.01535E+12,1
10M3T16101200C5,CIL.ASTRAL TEKNO PRO,3828,144.61,8.01535E+12,1
10M3T16101291,CIL.TEKNO PRO SMONTATO,3829,108.48,8.01535E+12,1
10M3T161012CP,CIL.ASTRAL TEKNO PRO,3828,136.95,8.01535E+12,1
10M3T161066,CIL.ASTRAL TEKNO PRO,3828,124.48,8.01535E+12,1
10M3T159012,CIL.ASTRAL TEKNO PRO,3828,124.48,8.01535E+12,1
10M3T16401200C5,10M3T16401200C5 : CH.-CH. Astral Tekno Pro DIM 55/50 NP | n chiavi 5,3828,133.3,0,1
10M3T16401291,CIL.TEKNO PRO SMONTATO,3829,97.17,8.01535E+12,1
10M3T164012CP,CIL.ASTRAL TEKNO PRO,3828,124.48,8.01535E+12,1
10M3T164066,CIL.ASTRAL TEKNO PRO,3828,113.17,8.01535E+12,1
10M3T16406600C5,CIL.ASTRAL TEKNO PRO,3828,133.3,8.01535E+12,1
10M3T160012,CIL.ASTRAL TEKNO PRO FRIZ 40/80 N,3828,130.48,8.01535E+12,1
10M3T16501200C5,CIL.ASTRAL TEKNO PRO FRIZ 50/65 N,3828,144.61,8.01535E+12,1
10M3T16501291,CIL.TEKNO PRO SMONTATO,3829,108.48,8.01535E+12,1
10M3T165012CP,CIL.ASTRAL TEKNO PRO FRIZ 50/65 N,3828,136.95,8.01535E+12,1
10M3T165066,CIL.ASTRAL TEKNO PRO FRIZ 50/65,3828,124.48,8.01535E+12,1
10M3T161012,CIL.ASTRAL TEKNO PRO,3828,124.48,8.01535E+12,1
10M3T16601200C5,CIL.ASTRAL TEKNO PRO FRIZ 50/70 N,3828,150.6,8.01535E+12,1
10M3T16601291,CIL.TEKNO PRO SMONTATO,3829,114.47,8.01535E+12,1
10M3T166012CP,CIL.ASTRAL TEKNO PRO FRIZ 50/70 N,3828,143.52,8.01535E+12,1
10M3T166066,CIL.ASTRAL TEKNO PRO FRIZ 50/70 N,3828,130.48,8.01535E+12,1
10M3T164012,CIL.ASTRAL TEKNO PRO,3828,113.17,8.01535E+12,1
10M3T17001200C5,CIL.ASTRAL TEKNO PRO FRIZ 55/55 N,3828,138.62,8.01535E+12,1
10M3T17001291,CIL.TEKNO PRO SMONTATO,3829,102.49,8.01535E+12,1
10M3T170066,CIL.ASTRAL TEKNO PRO FRIZ 55/55,3828,118.48,8.01535E+12,1
10M3T165012,CIL.ASTRAL TEKNO PRO FRIZ 50/65 N,3828,124.48,8.01535E+12,1
10M3T17101200C5,CIL.ASTRAL TEKNO PRO FRIZ  55/60 N,3828,144.22,8.01535E+12,1
10M3T17101291,CIL.TEKNO PRO SMONTATO,3829,108.48,8.01535E+12,1
10M3T171066,CIL.ASTRAL TEKNO PRO FRIZ  55/60 N,3828,124.48,8.01535E+12,1
10M3T166012,CIL.ASTRAL TEKNO PRO FRIZ 50/70 N,3828,130.48,8.01535E+12,1
10M3T170012,CIL.ASTRAL TEKNO PRO FRIZ 55/55 N,3828,118.48,8.01535E+12,1
10M3T17701200C5,CIL.ASTRAL TEKNO PRO FRIZ 30/85 N,3828,144.6,8.01535E+12,1
10M3T17701291,CIL.TEKNO PRO SMONTATO,3829,108.48,8.01535E+12,1
10M3T171012,CIL.ASTRAL TEKNO PRO FRIZ  55/60 N,3828,124.48,8.01535E+12,1
10M3T20701200C5,CIL.ASTRAL TEKNO PRO POMOLO 30/30 N,3828,94.7,8.01535E+12,1
10M3T20701291,CIL.TEKNO PRO SMONTATO,3829,58.58,8.01535E+12,1
10M3T207066,CILINDRO TEKNO PRO POMOLO 30/30,3828,74.57,8.01535E+12,1
10M3T172012,CIL.ASTRAL TEKNO PRO FRIZ  55/65 N,3828,130.48,8.01535E+12,1
10M3T21201291 ,CIL.ASTRAL TEKNO PRO POMOLO 40/30 N,3829,67.06,0,1
10M3T212066,CILINDRO TEKNO PRO POMOLO 40/30,3828,82.51,8.01535E+12,1
10M3T177012,CIL.ASTRAL TEKNO PRO FRIZ 30/85 N,3828,124.48,8.01535E+12,1
10M3T21301200C5,CIL.ASTRAL TEKNO PRO POMOLO 35/35 N,3828,102.68,8.01535E+12,1
10M3T21301291,CIL.ASTRAL TEKNO PRO POMOLO 35/35 N,3828,66.54,8.01535E+12,1
10M3T213066,CILINDRO TEKNO PRO POMOLO 35/35,3828,82.51,8.01535E+12,1
10M3T21306600C5,CIL.ASTRAL TEKNO PRO POMOLO 35/35 N,3828,102.68,8.01535E+12,1
10M3T207012,CIL.ASTRAL TEKNO PRO POMOLO 30/30 N,3828,74.57,8.01535E+12,1
10M3T21701200C5,CIL.ASTRAL TEKNO PRO POMOLO 30/50 N,3828,110.66,8.01535E+12,1
10M3T21701291,CIL.TEKNO PRO SMONTATO,3829,73.62,8.01535E+12,1
10M3T217012CPC5,CIL.ASTRAL TEKNO PRO,3828,119.73,8.01535E+12,1
10M3T217066,CILINDRO TEKNO PRO POMOLO 30/50,3828,90.55,0,1
10M3T212012,CIL.ASTRAL TEKNO PRO POMOLO 40/30 N,3828,82.51,8.01535E+12,1
10M3T21801200C5,CIL.ASTRAL TEKNO PRO POMOLO 40/40 N,3828,110.66,8.01535E+12,1
10M3T21801291,CIL.TEKNO PRO SMONTATO,3829,74.54,8.01535E+12,1
10M3T218066,CILINDRO TEKNO PRO POMOLO 40/40,3828,90.55,8.01535E+12,1
10M3T21806600C5,CIL.ASTRAL TEKNO PRO POMOLO 40/40 N,3828,110.66,8.01535E+12,1
10M3T213012,CIL.ASTRAL TEKNO PRO POMOLO 35/35 N,3828,82.51,8.01535E+12,1
10M3T21901200C5,CIL.ASTRAL TEKNO PRO POMOLO 35/45 N,3828,110.66,8.01535E+12,1
10M3T21901291,CIL.TEKNO PRO SMONTATO,3829,74.54,8.01535E+12,1
10M3T219066,CILINDRO TEKNO PRO POMOLO 35/45,3828,90.55,8.01535E+12,1
10M3T21906600C5,CIL.ASTRAL TEKNO PRO POMOLO 35/45 N,3828,110.66,8.01535E+12,1
10M3T217012,CIL.ASTRAL TEKNO PRO POMOLO 30/50 N,3828,90.55,8.01535E+12,1
10M3T22001200C5,CIL.ASTRAL TEKNO PRO POMOLO 30/60 N,3828,118.67,8.01535E+12,1
10M3T22001291,CIL.TEKNO PRO SMONTATO,3828,82.52,8.01535E+12,1
10M3T220066,CILINDRO TEKNO PRO POMOLO 30/60,3828,98.51,0,1
10M3T218012,CIL.ASTRAL TEKNO PRO POMOLO 40/40 N,3828,90.55,8.01535E+12,1
10M3T22101200C5,CIL.ASTRAL TEKNO PRO POMOLO 40/50 N 5 CHIAVI,3828,118.67,8.01535E+12,1
10M3T221066,CILINDRO TEKNO PRO POMOLO 40/50,3828,98.51,8.01535E+12,1
10M3T22106600C5,CIL.ASTRAL TEKNO PRO POMOLO 40/50 N 5 CHIAVI,3828,118.67,8.01535E+12,1
10M3T219012,CIL.ASTRAL TEKNO PRO POMOLO 35/45 N,3828,90.55,8.01535E+12,1
10M3T22301200C5,CIL.ASTRAL TEKNO PRO POMOLO 50/50 N,3828,129.31,8.01535E+12,1
10M3T22301291,CIL.TEKNO PRO SMONTATO,3829,93.04,8.01535E+12,1
10M3T223066,CILINDRO TEKNO PRO POMOLO 50/50,3828,109.19,8.01535E+12,1
10M3T22306600C5,CIL.ASTRAL TEKNO PRO POMOLO 50/50 N,3828,129.31,8.01535E+12,1
10M3T220012,CIL.ASTRAL TEKNO PRO POMOLO 30/60 N,3828,98.51,8.01535E+12,1
10M3T225066,CILINDRO TEKNO PRO POMOLO 40/60,3828,109.19,0,1
10M3T221012,CIL.ASTRAL TEKNO PRO POMOLO 40/50 N,3828,98.51,8.01535E+12,1
10M3T22601291,CIL.TEKNO PRO SMONTATO,3828,62.57,8.01535E+12,1
10M3T226066,CILINDRO TEKNO PRO POMOLO 30/35,3828,78.55,8.01535E+12,1
10M3T22606600C5,10M3T22606600C5 : POM. Astral Tekno Pro DIM 30/35 BP | n chiavi 5,3828,99.15,0,1
10M3T223012,CIL.ASTRAL TEKNO PRO POMOLO 50/50 N,3828,109.19,8.01535E+12,1
10M3T22701291,CIL.ASTRAL TEKNO PRO POMOLO 30/45 N,3828,70.57,8.01535E+12,1
10M3T227066,CILINDRO TEKNO PRO POMOLO 30/45,3828,86.54,8.01535E+12,1
10M3T225012,CIL.ASTRAL TEKNO PRO POMOLO 40/60 N,3828,109.19,8.01535E+12,1
10M3T22801200C5,CIL.ASTRAL TEKNO PRO POMOLO 35/40 N,3828,106.68,8.01535E+12,1
10M3T228066,CILINDRO TEKNO PRO POMOLO 35/40,3828,86.54,8.01535E+12,1
10M3T22806600C5,CIL.ASTRAL TEKNO PRO POMOLO 35/40 N,3828,106.68,8.01535E+12,1
10M3T226012,CIL.ASTRAL TEKNO PRO  POMOLO 30/35 N,3828,78.55,8.01535E+12,1
10M3T22901200C5,CIL.ASTRAL TEKNO PRO POMOLO 45/45 N 5 CHIAVI,3828,118.64,8.01535E+12,1
10M3T22901291,CIL.ASTRAL TEKNO PRO POMOLO 45/45 N,3829,83.06,0,1
10M3T229066,CILINDRO TEKNO PRO POMOLO 45/45,3828,98.51,8.01535E+12,1
10M3T22906600C5,CIL.ASTRAL TEKNO PRO POMOLO 45/45 N,3828,118.64,8.01535E+12,1
10M3T227012,CIL.ASTRAL TEKNO PRO POMOLO 30/45 N,3828,86.54,8.01535E+12,1
10M3T23001200C5,CIL.ASTRAL TEKNO PRO POMOLO 40/45 N,3828,114.68,8.01535E+12,1
10M3T23001291,CIL.ASTRAL TEKNO PRO POMOLO 40/45 N,3828,78.55,8.01535E+12,1
10M3T230066,CILINDRO TEKNO PRO POMOLO 40/45,3828,94.52,0,1
10M3T228012,CIL.ASTRAL TEKNO PRO POMOLO 35/40 N,3828,86.54,8.01535E+12,1
10M3T23901200C5,CIL.ASTRAL TEKNO PRO POMOLO 45/50 N,3828,124,8.01535E+12,1
10M3T239066,CILINDRO TEKNO PRO POMOLO 45/50,3828,103.84,0,1
10M3T243012,CIL.ASTRAL TEKNO PRO POMOLO 45/55 N,3828,109.19,8.01535E+12,1
10M3T243066,CILINDRO TEKNO PRO POMOLO 45/55,3828,109.19,0,1
10M3T270012,CIL.ASTRAL TEKNO PRO POMOLO 55/55 N,3828,119.88,8.01535E+12,1
10M3T270066,CILINDRO TEKNO PRO POMOLO 55/55,3828,119.88,0,1
10M3T229012,CIL.ASTRAL TEKNO PRO POMOLO 45/45 N,3828,98.51,8.01535E+12,1
10M3T28101291,CIL.TEKNO PRO SMONTATO,3828,62.57,8.01535E+12,1
10M3T281066,CILINDRO TEKNO PRO POMOLO 35/30,3828,78.55,0,1
10M3T230012,CIL.ASTRAL TEKNO PRO POMOLO 40/45 N,3828,94.52,8.01535E+12,1
10M3T28201200C5,CIL.ASTRAL TEKNO PRO POMOLO 30/40 N,3828,102.68,8.01535E+12,1
10M3T28201291,CIL.ASTRAL TEKNO PRO POMOLO 30/40 N,3828,66.54,8.01535E+12,1
10M3T282066,CILINDRO TEKNO PRO POMOLO 30/40,3828,82.51,0,1
10M3T239012,CIL.ASTRAL TEKNO PRO POMOLO 45/50 N,3828,103.84,8.01535E+12,1
10M3T28301200C5,CIL.ASTRAL TEKNO PRO POMOLO 40/35 N,3828,106.68,8.01535E+12,1
10M3T28301291,CIL.TEKNO PRO SMONTATO,3829,71.09,0,1
10M3T283066,CILINDRO TEKNO PRO POMOLO 40/35,3828,86.54,0,1
10M3T281012,CIL.ASTRAL TEKNO PRO POMOLO 35/30 N,3828,78.55,8.01535E+12,1
10M3T291012CP,CIL.ASTRAL TEKNO PRO POMOLO 45/30 N,3828,98.95,8.01535E+12,1
10M3T291066,CILINDRO TEKNO PRO POMOLO 45/30,3828,86.54,0,1
10M3T29401291,CIL.TEKNO PRO SMONTATO,3828,78.55,8.01535E+12,1
10M3T282012,CIL.ASTRAL TEKNO PRO POMOLO 30/40 N,3828,82.51,8.01535E+12,1
10M3T70701200C5,CIL.RAS. ASTRAL TEKNO PRO,3828,105.33,8.01535E+12,1
10M3T70701291,CIL.TEKNO PRO SMONTATO,3829,69.22,8.01535E+12,1
10M3T707012CP,CIL.RAS. ASTRAL TEKNO PRO,3828,93.74,8.01535E+12,1
10M3T707012CPC5,CIL.RAS. ASTRAL TEKNO PRO,3828,113.86,8.01535E+12,1
10M3T283012,CIL.ASTRAL TEKNO PRO POMOLO 40/35 N,3828,86.54,8.01535E+12,1
10M3T70706600C5,CIL.RAS. ASTRAL TEKNO PRO,3828,105.33,8.01535E+12,1
10M3T291012,CIL.ASTRAL TEKNO PRO POMOLO 45/30 N,3828,86.54,8.01535E+12,1
10M3T71201200C5,CIL.RAS. ASTRAL TEKNO PRO,3828,113.35,8.01535E+12,1
10M3T71201291,CIL.TEKNO PRO SMONTATO,3829,77.18,8.01535E+12,1
10M3T712012CP,CIL.RAS. ASTRAL TEKNO PRO,3828,102.51,8.01535E+12,1
10M3T712012CPC5,CIL.RAS. ASTRAL TEKNO PRO,3828,122.65,8.01535E+12,1
10M3T712012GD,CIL.TEKNO PRO X METALNOVA,3828,53.01,8.01535E+12,1
10M3T712012RH,CILINDRO TEKNO PRO POM RAS 40/30 CANT 3+1(150503),3828,57.75,8.01535E+12,1
10M3T712012RHC5,CILINDRO TEKNO PRO POM RAS 40/30 CANT 5+1(150509),3828,66.24,8.01535E+12,1
10M3T712066,CIL.RAS. ASTRAL TEKNO PRO,3828,93.19,8.01535E+12,1
10M3T71206600C5,CIL.RAS. ASTRAL TEKNO PRO POM RAS 40/30 P 5 CHIAVI,3828,113.35,8.01535E+12,1
10M3T756012GD,CILINDRO TEKNO PRO POM RAS METALNOVA 75/30 N 5+1,3828,67.79,8.01535E+12,1
10M3T707012,CIL.RAS. ASTRAL TEKNO PRO,3828,85.22,8.01535E+12,1
10M3T78101200C5,CIL.RAS. ASTRAL TEKNO PRO,3828,109.34,8.01535E+12,1
10M3T78101291,CIL.TEKNO PRO SMONTATO,3829,73.19,8.01535E+12,1
10M3T781012CP,CIL.RAS. ASTRAL TEKNO PRO,3828,98.12,8.01535E+12,1
10M3T781012CPC5,CIL.RAS. ASTRAL TEKNO PRO,3828,118.24,8.01535E+12,1
10M3T781012GD,CIL.TEKNO PRO X METALNOVA,3828,50.91,8.01535E+12,1
10M3T781066,CIL.RAS. ASTRAL TEKNO PRO,3828,89.19,8.01535E+12,1
10M3T78106600C5,CIL.RAS. ASTRAL TEKNO PRO POM RAS 35/30 P 5 CHIAVI,3828,109.34,8.01535E+12,1
10M3T707066,CIL.RAS. ASTRAL TEKNO PRO,3828,85.22,8.01535E+12,1
10M3T78701200C5,CIL.RAS. ASTRAL TEKNO PRO,3828,129.31,8.01535E+12,1
10M3T787012CP,CIL.RAS. ASTRAL TEKNO PRO,3828,120.08,8.01535E+12,1
10M3T787066,CIL.RAS. ASTRAL TEKNO PRO,3828,109.19,8.01535E+12,1
10M3T78706600C5,CIL.RAS. ASTRAL TEKNO PRO,3828,129.31,8.01535E+12,1
10M3T712012,CIL.RAS. ASTRAL TEKNO PRO,3828,93.19,8.01535E+12,1
10M3T78801200C5,CIL.RAS. ASTRAL TEKNO PRO POM RAS 70/30 N,3828,139.95,8.01535E+12,1
10M3T788012CP,CIL.RAS. ASTRAL TEKNO PRO,3828,131.81,8.01535E+12,1
10M3T788066,CIL.RAS. ASTRAL TEKNO PRO POM RAS 70/30 N,3828,119.84,8.01535E+12,1
10M3T78806600C5,CIL.RAS. ASTRAL TEKNO PRO POM RAS 70/30 N,3828,139.95,8.01535E+12,1
10M3T781012,CIL.RAS. ASTRAL TEKNO PRO,3828,89.19,8.01535E+12,1
10M3T79001200C5,CIL.RAS. ASTRAL TEKNO PRO,3828,121.31,8.01535E+12,1
10M3T790012CP,CIL.RAS. ASTRAL TEKNO PRO,3828,111.31,8.01535E+12,1
10M3T790066,CIL.RAS. ASTRAL TEKNO PRO,3828,101.17,8.01535E+12,1
10M3T79006600C5,CIL.RAS. ASTRAL TEKNO PRO,3828,121.31,8.01535E+12,1
10M3T787012,CIL.RAS. ASTRAL TEKNO PRO,3828,109.19,8.01535E+12,1
10M3T79101200C5,CIL.RAS. ASTRAL TEKNO PRO POM RAS 45/30 N 5 CHIAVI,3828,117.32,8.01535E+12,1
10M3T79101291,CIL.RAS. ASTRAL TEKNO PRO SMONTATO,3828,81.21,8.01535E+12,1
10M3T791012CP,CIL.RAS. ASTRAL TEKNO PRO,3828,106.91,8.01535E+12,1
10M3T791012CPC5,CIL.RAS. ASTRAL TEKNO PRO,3828,127.05,8.01535E+12,1
10M3T791012GD,CIL.TEKNO PRO X METALNOVA,3828,55.12,8.01535E+12,1
10M3T791066,CIL.RAS. ASTRAL TEKNO PRO POM RAS 45/30 P,3828,97.19,8.01535E+12,1
10M3T788012,CIL.RAS. ASTRAL TEKNO PRO POM RAS 70/30 N,3828,119.84,8.01535E+12,1
10M3T79201200C5,CIL.RAS. ASTRAL TEKNO PRO POM RAS 55/30 N,3828,125.31,8.01535E+12,1
10M3T792012CP,CIL.RAS. ASTRAL TEKNO PRO,3828,115.7,8.01535E+12,1
10M3T792012CPC5,CIL.RAS. ASTRAL TEKNO PRO,3828,135.84,8.01535E+12,1
10M3T792012GD,CIL.TEKNO PRO X METALNOVA,3828,59.34,8.01535E+12,1
10M3T792066,CIL.RAS. ASTRAL TEKNO PRO POM RAS 55/30,3828,105.17,8.01535E+12,1
10M3T790012,CIL.RAS. ASTRAL TEKNO PRO,3828,101.17,8.01535E+12,1
10M3T79301200C5,CIL.RAS. ASTRAL TEKNO PRO POM RAS 80/30 N,3828,150.6,8.01535E+12,1
10M3T793012CP,CIL.RAS. ASTRAL TEKNO PRO,3828,143.52,8.01535E+12,1
10M3T793066,CIL.RAS. ASTRAL TEKNO PRO POM RAS 80/30 N,3828,130.48,8.01535E+12,1
10M3T791012,CIL.RAS. ASTRAL TEKNO PRO,3828,97.19,8.01535E+12,1
10M3T7A301200C5,CIL.RAS. ASTRAL TEKNO PRO POM RAS 65/30 N,3828,134.62,8.01535E+12,1
10M3T7A3012CP,CIL.RAS. ASTRAL TEKNO PRO POM RAS 65/30 N,3828,125.95,8.01535E+12,1
10M3T7A3012CPC5,CIL.RAS. ASTRAL TEKNO PRO POM RAS 65/30 N,3828,146.06,8.01535E+12,1
10M3T7A3012GD,CIL.TEKNO PRO X METALNOVA,3828,63.99,8.01535E+12,1
10M3T7A3066,CIL.RAS. ASTRAL TEKNO PRO POM RAS 65/30 N,3828,114.49,8.01535E+12,1
10M3T792012,CIL.RAS. ASTRAL TEKNO PRO POM RAS 55/30 N,3828,105.17,8.01535E+12,1
10M3T7C601200C5,CIL.RAS. ASTRAL TEKNO PRO,3828,162.59,8.01535E+12,1
10M3T7C6012CP,CIL.RAS. ASTRAL TEKNO PRO,3828,156.69,8.01535E+12,1
10M3T7C6066,CIL.RAS. ASTRAL TEKNO PRO,3828,142.46,8.01535E+12,1
10M3T7C7012,CIL.RAS. ASTRAL TEKNO PRO,3828,154.45,8.01535E+12,1
10M3T7C701200C5,CIL.RAS. ASTRAL TEKNO PRO,3828,174.57,8.01535E+12,1
10M3T7C7012CP,CIL.RAS. ASTRAL TEKNO PRO,3828,169.88,8.01535E+12,1
10M3T7C7066,CIL.RAS. ASTRAL TEKNO PRO,3828,154.45,8.01535E+12,1
10M4100001291,CIL. ASTRAL TEKNO SMONTATO,3827,64.01,8.01535E+12,1
10M41000012CL,CIL. FILETT.ATRAL TEKNO,3826,76.77,8.01535E+12,1
10M41000012CP,CIL. FILETT.ATRAL TEKNO PERS.,3826,84.44,8.01535E+12,1
10M41501012CL,CIL. FILETT.MICRO ASTRAL T,3826,133.09,8.01535E+12,1
10M41501012CP,CIL.MICRO ASTRAL T PERSONALIZZATO,3826,146.4,8.01535E+12,1
10M41503012CL,CIL. FILETT.MICRO ASTRAL T,3826,109.61,8.01535E+12,1
10M41503012CP,CIL.MICRO ASTRAL T PERSONALIZZATO,3826,120.56,8.01535E+12,1
10M41503012CPC5,CIL.MICRO ASTRAL T PERSONALIZZATO,3826,140.68,8.01535E+12,1
10M5100001291,CIL. ASTRAL TEKNO SMONTATO,3827,55.56,8.01535E+12,1
10M51000012CL,C500 ASTRAL TEKNO,3826,68.31,8.01535E+12,1
10M51000012CLC5,C500 ASTRAL TEKNO,3826,89.02,8.01535E+12,1
10M51000012CP,C500 ASTRAL TEKNO PERSONALIZZATO,3826,75.12,8.01535E+12,1
10M5101001291,CIL.CON CORAZZA ASTRAL TEKNO,3826,94.7,8.01535E+12,1
10M51010012CL,CIL.CON CORAZZA ASTRAL TEKNO,3826,107.45,8.01535E+12,1
10M51010012CP,CIL.CON CORAZZA ASTRAL TEKNO,3826,118.19,8.01535E+12,1
10M6100000091,CIL. ASTRAL TEKNO SMONTATO,3827,53.35,8.01535E+12,1
10M61000000CL,CIL.X LUC.CORAZZATI ASTRAL TEKNO,3826,64.49,8.01535E+12,1
10M61000000CP,CIL.X LUC.CORAZZATI ASTRAL TEKNO,3826,70.94,8.01535E+12,1
10M6101001291,CIL. ASTRAL TEKNO SMONTATO,3827,53.35,8.01535E+12,1
10M61010012CL,CIL.ASTRAL TEKNO X MANIGLIONE,3826,64.49,8.01535E+12,1
10M61010012CP,CIL.ASTRAL TEKNO PERSONALIZZATO,3826,70.94,8.01535E+12,1
10M61011012CL,CIL.ASTRAL TEKNO X MANIGLIONE,3826,64.49,8.01535E+12,1
10M61011012CP,CIL.ASTRAL TEKNO X MANIGLIONE PERSONALIZZATO,3826,70.94,8.01535E+12,1
10M61012012CL,CIL ASTRAL T PREMI APRI,3826,64.49,8.01535E+12,1
10N11600012,COPPIA CIL. C3000,3702,76.36,8.01535E+12,6
10N1160001291,COPPIA CIL. C3000,3703,65.29,8.01535E+12,1
10N149000,COPPIA CIL. C3000,3702,76.36,0,6
10N14900012,COPPIA CIL. C3000,3702,76.36,8.01535E+12,6
10N15000012,COPPIA CIL. C3000,3702,76.36,8.01535E+12,6
10N210550,CIL.A TUBO C3000,3702,55,0,6
10N21055012,CIL.A TUBO C3000,3702,55,8.01535E+12,6
10N310070,CIL.DOPPIO C3000,3701,51.94,8.01535E+12,12
10N31007012,CIL.DOPPIO C3000,3701,51.94,8.01535E+12,12
10N3100701291,CIL.DOPPIO C3000 SMONTATO,3703,40.86,8.01535E+12,12
10N31007012PG,CIL.DOPPIO C3000 X INVICTA,3701,56.47,8.01535E+12,12
10N31010012,CIL.DOPPIO C3000,3701,54.88,8.01535E+12,12
10N310120,CIL.DOPPIO C3000,3701,57.86,8.01535E+12,12
10N31012012,CIL.DOPPIO C3000,3701,57.86,8.01535E+12,12
10N3101201291,CIL.DOPPIO C3000 SMONTATO,3703,46.77,8.01535E+12,12
10N31013012,CIL.DOPPIO C3000,3701,57.86,8.01535E+12,12
10N3101301291,CIL.DOPPIO C3000 SMONTATO,3703,46.77,8.01535E+12,12
10N310170,CIL.DOPPIO C3000,3701,63.8,8.01535E+12,12
10N31017012,CIL.DOPPIO C3000,3701,63.8,8.01535E+12,12
10N3101701291,CIL.DOPPIO C3000 SMONTATO,3703,52.72,8.01535E+12,12
10N310180,CIL.DOPPIO C3000,3701,63.8,8.01535E+12,12
10N31018012,CIL.DOPPIO C3000,3701,63.8,8.01535E+12,12
10N3101801291,CIL.DOPPIO C3000 SMONTATO,3703,52.72,8.01535E+12,12
10N31019012,CIL.DOPPIO C3000,3701,63.8,8.01535E+12,12
10N3101901291,CIL.DOPPIO C3000 SMONTATO,3703,52.72,8.01535E+12,12
10N310200,CIL.DOPPIO C3000,3701,69.73,8.01535E+12,12
10N31020012,CIL.DOPPIO C3000,3701,69.73,8.01535E+12,12
10N3102001291,CIL.DOPPIO C3000 SMONTATO,3703,58.66,8.01535E+12,12
10N310210,CIL.DOPPIO C3000,3701,69.73,8.01535E+12,12
10N31021012,CIL.DOPPIO C3000,3701,69.73,8.01535E+12,12
10N3102101291,CIL.DOPPIO C3000 SMONTATO,3703,58.66,8.01535E+12,12
10N31022012,CIL.DOPPIO C3000,3701,75.64,8.01535E+12,6
10N3102201291,CIL.DOPPIO C3000 SMONTATO,3703,64.59,8.01535E+12,6
10N31023012,CIL.DOPPIO C3000,3701,75.64,8.01535E+12,6
10N3102301291,CIL.DOPPIO C3000 SMONTATO,3703,64.59,8.01535E+12,6
10N310240,CIL.DOPPIO C3000,3701,75.64,8.01535E+12,6
10N31024012,CIL.DOPPIO C3000,3701,75.64,8.01535E+12,6
10N3102401291,CIL.DOPPIO C3000 SMONTATO,3703,64.59,8.01535E+12,6
10N310250,CIL.DOPPIO C3000,3701,75.64,8.01535E+12,6
10N31025012,CIL.DOPPIO C3000,3701,75.64,8.01535E+12,6
10N3102501291,CIL.DOPPIO C3000,3703,64.6,8.01535E+12,6
10N310260,CIL.DOPPIO C3000,3701,54.88,0,12
10N31026012,CIL.DOPPIO C3000,3701,54.88,8.01535E+12,12
10N3102601291,CIL.DOPPIO C3000 SMONTATO,3703,43.83,8.01535E+12,12
10N31027012,CIL.DOPPIO C3000,3701,60.81,8.01535E+12,12
10N3102701291,CIL.DOPPIO C3000 SMONTATO,3703,49.75,8.01535E+12,12
10N31028012,CIL.DOPPIO C3000,3701,60.81,8.01535E+12,12
10N3102801291,CIL.DOPPIO C3000 SMONTATO,3703,49.75,8.01535E+12,12
10N31029012,CIL.DOPPIO C3000,3701,69.73,8.01535E+12,12
10N3102901291,CIL.DOPPIO C3000 SMONTATO,3703,58.66,8.01535E+12,12
10N31030012,CIL.DOPPIO C3000,3701,66.74,8.01535E+12,12
10N3103001291,CIL.DOPPIO C3000 SMONTATO,3703,55.69,8.01535E+12,12
10N31031012,CIL.DOPPIO C3000,3701,66.74,8.01535E+12,12
10N3103101291,CIL.DOPPIO C3000 SMONTATO,3703,55.69,8.01535E+12,12
10N31032012,CIL.DOPPIO C3000,3701,69.73,8.01535E+12,12
10N3103201291,CIL.DOPPIO C3000 SMONTATO,3703,58.66,8.01535E+12,12
10N31033012,CIL.DOPPIO C3000,3701,66.74,8.01535E+12,12
10N3103301291,CIL.DOPPIO C3000,3703,55.69,8.01535E+12,12
10N31035012,CIL.DOPPIO C3000,3701,81.57,8.01535E+12,6
10N3103501291,CIL.DOPPIO C3000 SMONTATO,3703,70.5,8.01535E+12,6
10N31036012,CIL.DOPPIO C3000,3701,81.57,8.01535E+12,6
10N31037012,CIL.DOPPIO C3000,3701,81.57,8.01535E+12,6
10N3103701291,CIL.DOPPIO C3000 SMONTATO,3703,70.52,8.01535E+12,6
10N31038012,CIL.DOPPIO C3000,3701,72.71,8.01535E+12,6
10N3103801291,CIL.DOPPIO C3000,3703,61.66,8.01535E+12,6
10N310390,CIL.DOPPIO C3000,3701,72.71,8.01535E+12,6
10N31039012,CIL.DOPPIO C3000,3701,72.71,8.01535E+12,6
10N3103901291,CIL.DOPPIO C3000 SMONTATO,3703,61.66,8.01535E+12,6
10N31040012,CIL.DOPPIO C3000,3701,87.54,8.01535E+12,6
10N3104001291,CIL.DOPPIO C3000 SMONTATO,3703,76.47,8.01535E+12,6
10N31041012,CIL.DOPPIO C3000,3701,72.71,8.01535E+12,6
10N3104101291,CIL.DOPPIO C3000,3703,61.62,8.01535E+12,6
10N31042012,CIL.DOPPIO C3000,3701,72.71,8.01535E+12,6
10N3104201291,CIL.DOPPIO C3000,3703,61.62,8.01535E+12,6
10N31043012,CIL.DOPPIO C3000,3701,75.64,8.01535E+12,6
10N3104301291,CIL.DOPPIO C3000 SMONTATO,3703,64.59,8.01535E+12,6
10N31044012,CIL.DOPPIO C3000,3701,78.63,8.01535E+12,6
10N3104401291,CIL.DOPPIO C3000,3703,67.56,8.01535E+12,6
10N31045012,CIL.DOPPIO C3000,3701,81.57,8.01535E+12,6
10N3104501291,CIL.DOPPIO C3000 SMONTATO,3703,70.52,8.01535E+12,6
10N31049012,CIL.DOPPIO C3000,3701,78.63,8.01535E+12,6
10N3104901291,CIL.DOPPIO C3000 SMONTATO,3703,67.56,8.01535E+12,6
10N31052012,CIL.DOPPIO C3000,3701,87.54,8.01535E+12,6
10N3105201291,CIL.DOPPIO C3000 SMONTATO,3703,76.45,8.01535E+12,6
10N31054012,CIL.DOPPIO C3000,3701,78.63,8.01535E+12,6
10N3105401291,CIL.DOPPIO C3000,3703,67.56,8.01535E+12,6
10N31056012,CIL.DOPPIO C3000,3701,78.63,8.01535E+12,6
10N3105601291,CIL.DOPPIO C3000 SMONTATO,3703,67.56,8.01535E+12,6
10N31057012,CIL.DOPPIO C3000,3701,81.57,8.01535E+12,6
10N3105701291,CIL.DOPPIO C3000,3703,70.5,8.01535E+12,6
10N31059012,CIL.DOPPIO C3000,3701,84.54,8.01535E+12,6
10N3105901291,CIL.DOPPIO C3000 SMONTATO,3703,73.48,8.01535E+12,6
10N31060012,CIL.DOPPIO C3000,3701,87.54,8.01535E+12,6
10N3106001291,CIL.DOPPIO C3000 SMONTATO,3703,76.49,8.01535E+12,6
10N31061012,CIL.DOPPIO C3000,3701,84.54,8.01535E+12,6
10N31062012,CIL.DOPPIO C3000 45-75,3701,87.54,8.01535E+12,6
10N3106201291,CIL.DOPPIO C3000 SMONTATO,3703,76.47,8.01535E+12,6
10N31064012,CIL.DOPPIO C3000,3701,78.63,8.01535E+12,6
10N3106401291,CIL.DOPPIO C3000 SMONTATO,3703,67.56,8.01535E+12,6
10N31065012,CIL.DOPPIO C3000,3701,84.54,8.01535E+12,6
10N3106501291,CIL.DOPPIO C3000,3703,73.49,0,6
10N31066012,CIL.DOPPIO C3000 50-70,3701,87.54,8.01535E+12,6
10M3T793012,CIL.RAS. ASTRAL TEKNO PRO POM RAS 80/30 N,3828,130.48,8.01535E+12,1
10N31070012,CIL.DOPPIO C3000,3701,81.57,8.01535E+12,6
10N3107001291,CIL.DOPPIO C3000 SMONTATO,3703,70.52,8.01535E+12,6
10N31071012,CIL.DOPPIO C3000,3701,84.54,8.01535E+12,6
10N31077012,CIL.DOPPIO C3000,3701,84.54,8.01535E+12,6
10N3107701291,CIL.DOPPIO C3000,3703,73.48,8.01535E+12,6
10M3T7A3012,CIL.RAS. ASTRAL TEKNO PRO POM RAS 65/30 N,3828,114.49,8.01535E+12,1
10M3T7C6012,CIL.RAS. ASTRAL TEKNO PRO,3828,142.46,8.01535E+12,1
10N31068012,CIL.DOPPIO C3000 35-85,3701,87.54,8.01535E+12,6
10N310E301291,CIL.DOPPIO C3000 45-85 SMONTATO,3703,82.44,0,6
10N31079012,CIL.DOPPIO C3000 35-90,3701,90.52,8.01535E+12,6
10N310F301291,CIL.DOPPIO C3000 40-95 SMONTATO,3703,85.42,0,6
10N310E2012,CIL.DOPPIO C3000 40-90,3701,93.49,8.01535E+12,6
10N310E3012,CIL.DOPPIO C3000 45-85,3701,93.49,8.01535E+12,6
10N312070,CIL.POMOLO C3000,3701,54.16,8.01535E+12,12
10N31207012,CIL.POMOLO C3000,3701,54.16,8.01535E+12,12
10N3120701291,CIL.POMOLO C3000 SMONTATO,3703,43.08,8.01535E+12,12
10N31210012,CIL.POMOLO C3000,3701,57.11,8.01535E+12,12
10N31212012,CIL.POMOLO C3000,3701,60.08,8.01535E+12,12
10N3121201291,CIL.POMOLO C3000,3703,49.01,8.01535E+12,12
10N31213012,CIL.POMOLO C3000,3701,60.08,8.01535E+12,12
10N3121301291,CIL.POMOLO C3000,3703,49.01,8.01535E+12,12
10N31217012,CIL.POMOLO C3000,3701,66,8.01535E+12,6
10N3121701291,CIL.POMOLO C3000,3703,54.95,8.01535E+12,6
10N31218012,CIL.POMOLO C3000,3701,66,8.01535E+12,6
10N3121801291,CIL.POMOLO C3000,3703,54.95,8.01535E+12,6
10N312190,CIL.POMOLO C3000,3701,66,8.01535E+12,6
10N31219012,CIL.POMOLO C3000,3701,66,8.01535E+12,6
10N31220012,CIL.POMOLO C3000,3701,71.94,8.01535E+12,6
10N31221012,CIL.POMOLO C3000,3701,71.94,8.01535E+12,6
10N31223012,CIL.POMOLO C3000,3701,77.89,8.01535E+12,6
10N31225012,CIL.POMOLO C3000,3701,77.89,8.01535E+12,6
10N312260,CIL.POMOLO C3000,3701,57.11,8.01535E+12,12
10N31226012,CIL.POMOLO C3000,3701,57.11,8.01535E+12,12
10N3122601291,CIL.POMOLO C3000,3703,46.04,8.01535E+12,12
10N312270,CIL.POMOLO C3000,3701,63.08,8.01535E+12,12
10N31227012,CIL.POMOLO C3000,3701,63.08,8.01535E+12,12
10N3122701291,CIL.POMOLO C3000,3703,51.99,8.01535E+12,12
10N31228012,CIL.POMOLO C3000,3701,63.08,8.01535E+12,12
10N31229012,CIL.POMOLO C3000,3701,71.94,8.01535E+12,6
10N3122901291,CIL.POMOLO C3000,3703,60.88,8.01535E+12,6
10N31230012,CIL.POMOLO C3000,3701,69.01,8.01535E+12,6
10N31235012,CIL.POMOLO C3000,3701,83.84,8.01535E+12,6
10N31236012,CIL.POMOLO C3000,3701,83.84,8.01535E+12,6
10N31237012,CIL.POMOLO C3000,3701,83.84,8.01535E+12,6
10N31239012,CIL.POMOLO C3000,3701,74.92,8.01535E+12,6
10N31242012,CIL.POMOLO C3000,3701,74.92,8.01535E+12,6
10N31243012,CIL.POMOLO C3000,3701,77.89,8.01535E+12,6
10N31254012,CIL.POMOLO C3000,3701,80.86,8.01535E+12,6
10N31264012,CIL.POMOLO C3000,3701,80.86,8.01535E+12,6
10N31281012,CIL.POMOLO C3000,3701,57.11,8.01535E+12,12
10N3128101291,CIL.POMOLO C3000,3703,46.04,8.01535E+12,12
10N31282012,CIL.POMOLO C3000,3701,60.08,8.01535E+12,12
10N31283012,CIL.POMOLO C3000,3701,63.08,8.01535E+12,12
10N3128301291,CIL.POMOLO C3000 SMONTATO,3703,52.03,0,6
10N31284012,CIL.POMOLO C3000,3701,69.01,8.01535E+12,6
10N31285012,CIL.POMOLO C3000,3701,66,8.01535E+12,6
10N310F3012,CIL.DOPPIO C3000 40-95,3701,96.47,8.01535E+12,6
10N3129101291,CIL.POMOLO C3000,3703,51.99,8.01535E+12,12
10N31298012,CIL.POMOLO C3000,3701,74.92,8.01535E+12,6
10N314020,CIL.MEZZO C3000,3701,40.82,8.01535E+12,12
10N31402012,CIL.MEZZO C3000,3701,40.82,8.01535E+12,12
10N3140201291,CIL.MEZZO C3000,3703,33.19,8.01535E+12,12
10N314030,CIL.MEZZO C3000,3701,45.24,8.01535E+12,12
10N31403012,CIL.MEZZO C3000,3701,45.24,8.01535E+12,12
10N3140301291,CIL.MEZZO C3000,3703,37.62,8.01535E+12,12
10N314040,CIL.MEZZO C3000,3701,49.71,8.01535E+12,12
10N31404012,CIL.MEZZO C3000,3701,49.71,8.01535E+12,12
10N3140401291,CIL.MEZZO C3000,3703,42.08,8.01535E+12,12
10N31405012,CIL.MEZZO C3000,3701,54.16,8.01535E+12,12
10N31406012,CIL.MEZZO C3000,3701,58.6,8.01535E+12,12
10N31407012,CIL.MEZZO C3000,3701,43.01,8.01535E+12,12
10N3140701291,CIL.MEZZO C3000 SMONTATO,3703,35.42,8.01535E+12,12
10N310G4012,CIL.DOPPIO C3000 45-95,3701,99.45,8.01535E+12,6
10N3140801291,CIL.MEZZO C3000,3703,39.84,8.01535E+12,12
10N31409012,CIL.MEZZO C3000,3701,41.96,8.01535E+12,12
10N317070,CIL.POM.RAS.C3000,3701,63.8,0,6
10N31707012,CIL.POM.RAS.C3000,3701,63.8,8.01535E+12,6
10N3170701291,CIL.POM.RAS.C3000 SMONTATO,3701,54.66,0,6
10N317120,CIL.POM.RAS.C3000,3701,69.73,0,6
10N31712012,CIL.POM.RAS.C3000,3701,69.73,8.01535E+12,6
10N317810,CIL.POM.RAS.C3000,3701,66.74,0,6
10N31781012,CIL.POM.RAS.C3000,3701,66.74,8.01535E+12,6
10N31787012,CIL.POM.RAS.C3000,3701,81.57,8.01535E+12,6
10N31788012,CIL.POM.RAS.C3000,3701,87.54,8.01535E+12,6
10N31790012,CIL.POM.RAS.C3000,3701,75.64,8.01535E+12,6
10N31791012,CIL.POM.RAS.C3000,3701,72.71,8.01535E+12,6
10N31792012,CIL.POM.RAS.C3000,3701,78.63,8.01535E+12,6
10N31793012,CIL.POM.RAS.C3000,3701,93.47,8.01535E+12,6
10N317A3012,CIL.POM.RAS.C3000,3701,84.54,8.01535E+12,6
10N32402012,CILINDRO C3000 MEZZO SKG***,3706,41.53,8.01535E+12,6
10N3240201291,CILINDRO C3000 MEZZO SKG*** SMONTATO,3707,34.93,8.01535E+12,6
10N3240201295,"CILINDRO C3000 MEZZO SKG*** 30/10 N AXA ""56722""",3706,41.53,8.01535E+12,6
10N32403012,CILINDRO C3000 MEZZO SKG***,3706,46.39,8.01535E+12,6
10N3240301291,CILINDRO C3000 MEZZO SKG*** SMONTATO,3707,39.94,8.01535E+12,6
10N32404012,CILINDRO C3000 MEZZO SKG***,3706,50.54,8.01535E+12,6
10N3240401291,CILINDRO C3000 MEZZO SKG*** SMONTATO,3707,44.19,8.01535E+12,6
10N32405012,CILINDRO C3000 MEZZO SKG***,3706,55.35,8.01535E+12,6
10N3240501291,CILINDRO C3000 MEZZO SKG*** SMONTATO,3707,49.19,8.01535E+12,6
10N32406012,CILINDRO C3000 MEZZO SKG***,3706,60.22,8.01535E+12,6
10N3240601291,CILINDRO C3000 MEZZO SKG*** SMONTATO,3707,54.19,8.01535E+12,6
10N32407012,CILINDRO C3000 MEZZO SKG***,3706,43.63,8.01535E+12,6
10N3240701291,CILINDRO C3000 MEZZO SKG*** SMONTATO,3707,37.09,8.01535E+12,6
10N32408012,CILINDRO C3000 MEZZO SKG***,3706,48.47,8.01535E+12,6
10N3240801291,CILINDRO C3000 MEZZO SKG*** SMONTATO,3707,42.07,8.01535E+12,6
10N32409012,CILINDRO C3000 MEZZO SKG***,3706,42.9,8.01535E+12,6
10N3M107012,MODULI C3000 S 30-30,3706,61.68,8.01535E+12,1
10N3M10701291,COPPIA C3000 MODULO 30/30 SMONTATA,3707,52.13,8.01535E+12,1
10N3M207012,MODULI C3000 S 30-30 POMOLO,3706,58.93,8.01535E+12,1
10N3M402012,MODULI C3000 S MEZZO CILINDRO 30,3706,42.5,8.01535E+12,1
10N3M707012,MODULI C3000 S 30-30 RASABILE,3706,58.93,8.01535E+12,1
10N3M70701291,COPPIA C3000 MODULO RAS. 30/30 SMONTATA,3707,49.31,8.01535E+12,1
10N3S107012,CILINDRO C3000 SIGILLO 30/30,3706,69.23,8.01535E+12,1
10N3S10701291,CILINDRO C3000 SIGILLO 30/30 SMONTATO,3707,59.88,8.01535E+12,1
10N3S112012,CILINDRO C3000 SIGILLO,3706,76.12,8.01535E+12,1
10N3S11201291,CILINDRO C3000 SIGILLO 40/30 SMONTATO,3707,67.03,8.01535E+12,1
10N3S113012,CILINDRO C3000 SIGILLO,3706,76.12,8.01535E+12,1
10N3S11301291,CILINDRO C3000 SIGILLO 35/35 SMONTATO,3707,67.03,8.01535E+12,1
10N3S117012,CILINDRO C3000 SIGILLO,3706,83.06,8.01535E+12,1
10N3S11701200C5,CILINDRO C3000 SIGILLO 5CH,3706,95.31,8.01535E+12,1
10N3S11701291,CILINDRO C3000 SIGILLO 30/50 SMONTATO,3707,74.13,8.01535E+12,1
10N3S118012,CILINDRO C3000 SIGILLO,3706,83.06,8.01535E+12,1
10N3S11801291,CILINDRO C3000 SIGILLO 40/40 SMONTATO,3707,74.13,8.01535E+12,1
10N3S119012,CILINDRO C3000 SIGILLO,3706,83.06,8.01535E+12,1
10N3S11901291,CILINDRO C3000 SIGILLO 35/45 SMONTATO,3707,74.13,8.01535E+12,1
10N3S120012,CILINDRO C3000 SIGILLO,3706,89.99,8.01535E+12,1
10N3S12001291,CILINDRO C3000 SIGILLO 30/60 SMONTATO,3707,81.27,8.01535E+12,1
10N3S121012,CILINDRO C3000 SIGILLO,3706,89.99,8.01535E+12,1
10N3S12101291,CILINDRO C3000 SIGILLO 40/50 SMONTATO,3707,81.27,8.01535E+12,1
10N3S122012,CILINDRO C3000 SIGILLO,3706,98.27,8.01535E+12,1
10N3S123012,CILINDRO C3000 SIGILLO,3706,98.27,8.01535E+12,1
10N3S124012,CILINDRO C3000 SIGILLO,3706,98.27,8.01535E+12,1
10N3S12401291,CILINDRO C3000 SIGILLO 30/70 SMONTATO,3707,89.82,8.01535E+12,1
10N3S125012,CILINDRO C3000 SIGILLO,3706,98.27,8.01535E+12,1
10N3S12501291,CILINDRO C3000 SIGILLO 40/60 SMONTATO,3707,89.82,8.01535E+12,1
10N3S126012,CILINDRO C3000 SIGILLO,3706,72.7,8.01535E+12,1
10N3S12601291,CILINDRO C3000 SIGILLO 30/35 SMONTATO,3707,63.46,8.01535E+12,1
10N3S127012,CILINDRO C3000 SIGILLO,3706,79.59,8.01535E+12,1
10N3S12701291,CILINDRO C3000 SIGILLO 30/45 SMONTATO,3707,70.58,8.01535E+12,1
10N3S128012,CILINDRO C3000 SIGILLO,3706,79.59,8.01535E+12,1
10N3S12801291,CILINDRO C3000 SIGILLO 35/40 SMONTATO,3707,70.58,8.01535E+12,1
10N3S129012,CILINDRO C3000 SIGILLO,3706,89.99,8.01535E+12,1
10N3S12901291,CILINDRO C3000 SIGILLO 45/45 SMONTATO,3707,81.27,8.01535E+12,1
10N3S130012,CILINDRO C3000 SIGILLO,3706,86.52,8.01535E+12,1
10N3S13001291,CILINDRO C3000 SIGILLO 40/45 SMONTATO,3707,77.72,8.01535E+12,1
10N3S131012,CILINDRO C3000 SIGILLO,3706,86.52,8.01535E+12,1
10N3S132012,CILINDRO C3000 SIGILLO,3706,89.99,8.01535E+12,1
10N3S13201291,CILINDRO C3000 SIGILLO SMONTATO,3707,78.94,0,1
10N3S133012,CILINDRO C3000 SIGILLO,3706,86.52,8.01535E+12,1
10N3S135012,CILINDRO C3000 SIGILLO,3706,106.59,8.01535E+12,1
10N3S136012,CILINDRO C3000 SIGILLO,3706,106.59,8.01535E+12,1
10N3S137012,CILINDRO C3000 SIGILLO,3706,106.59,8.01535E+12,1
10N3S138012,CILINDRO C3000 SIGILLO,3706,93.46,8.01535E+12,1
10N3S139012,CILINDRO C3000 SIGILLO,3706,93.46,8.01535E+12,1
10N3S13901291,CILINDRO C3000 SIGILLO 45/50 SMONTATO,3707,84.85,8.01535E+12,1
10N3S140012,CILINDRO C3000 SIGILLO,3706,114.9,8.01535E+12,1
10N3S141012,CILINDRO C3000 SIGILLO,3706,93.46,8.01535E+12,1
10N3S142012,CILINDRO C3000 SIGILLO,3706,93.46,8.01535E+12,1
10N3S143012,CILINDRO C3000 SIGILLO,3706,98.27,8.01535E+12,1
10N3S144012,CILINDRO C3000 SIGILLO,3706,102.43,8.01535E+12,1
10N3S14401291,CILINDRO C3000 SIGILLO 40/65 SMONTATO,3707,94.1,8.01535E+12,1
10N3S149012,CILINDRO C3000 SIGILLO,3706,102.43,8.01535E+12,1
10N3S152012,CILINDRO C3000 SIGILLO,3706,114.9,8.01535E+12,1
10N3S15201291,CILINDRO C3000 SIGILLO 30/90 SMONTATO,3707,106.96,8.01535E+12,1
10N3S153012,CILINDRO C3000 SIGILLO,3706,124.6,8.01535E+12,1
10N3S15301291,CILINDRO C3000 SIGILLO 30/100 SMONTATO,3707,116.94,8.01535E+12,1
10N3S154012,CILINDRO C3000 SIGILLO,3706,102.43,8.01535E+12,1
10N3S15401291,CILINDRO C3000 SIGILLO SMONTATO,3707,94.12,8.01535E+12,1
10N3S156012,CILINDRO C3000 SIGILLO,3706,102.43,8.01535E+12,1
10N3S157012,CILINDRO C3000 SIGILLO,3706,102.43,8.01535E+12,1
10N3S15701291,CILINDRO C3000 SIGILLO 35/75 SMONTATO,3707,94.1,8.01535E+12,1
10N3S159012,CILINDRO C3000 SIGILLO,3706,110.76,8.01535E+12,1
10N3S15901291,CILINDRO C3000 SIGILLO 40/75 SMONTATO,3707,102.65,8.01535E+12,1
10N3S160012,CILINDRO C3000 SIGILLO,3706,114.9,8.01535E+12,1
10N3S16001291,CILINDRO C3000 SIGILLO 40/80 SMONTATO,3707,106.96,8.01535E+12,1
10N3S161012,CILINDRO C3000 SIGILLO,3706,110.76,8.01535E+12,1
10N3S16101291,CILINDRO C3000 SIGILLO 45/70 SMONTATO,3707,102.65,8.01535E+12,1
10N3S164012,CILINDRO C3000 SIGILLO,3706,102.43,8.01535E+12,1
10N3S16401291,CILINDRO C3000 SIGILLO SMONTATO,3707,94.1,8.01535E+12,1
10N3S165012,CILINDRO C3000 SIGILLO,3706,110.76,8.01535E+12,1
10N3S166012,CILINDRO C3000 SIGILLO,3706,114.9,8.01535E+12,1
10N3S16601291,CILINDRO C3000 SIGILLO 50/70 SMONTATO,3707,106.96,8.01535E+12,1
10N3S170012,CILINDRO C3000 SIGILLO,3706,106.59,8.01535E+12,1
10N3S171012,CILINDRO C3000 SIGILLO,3706,110.76,8.01535E+12,1
10N3S177012,CILINDRO C3000 SIGILLO,3706,110.76,8.01535E+12,1
10N3S207012,CIL C3000 POMOLO S,3706,71.97,8.01535E+12,1
10N3S210012,CIL C3000 POMOLO S,3706,77.52,8.01535E+12,1
10N3S212012,CIL C3000 POMOLO S,3706,78.9,8.01535E+12,1
10N3S213012,CIL C3000 POMOLO S,3706,78.9,8.01535E+12,1
10N3S21301200C5,CIL C3000 POMOLO S 5CH,3706,91.14,8.01535E+12,1
10N3S217012,CIL C3000 POMOLO S,3706,85.81,8.01535E+12,1
10N3S218012,CIL C3000 POMOLO S,3706,85.81,8.01535E+12,1
10N3S21801200C5,CIL C3000 POMOLO S 5CH,3706,98.05,8.01535E+12,1
10N3S219012,CIL C3000 POMOLO S,3706,85.81,8.01535E+12,1
10N3S220012,CIL C3000 POMOLO S,3706,92.75,8.01535E+12,1
10N3S221012,CIL C3000 POMOLO S,3706,92.75,8.01535E+12,1
10N3S223012,CIL C3000 POMOLO S,3706,101.02,8.01535E+12,1
10N3S22301200C5,CIL C3000 POMOLO S 5CH,3706,113.25,8.01535E+12,1
10N3S225012,CIL C3000 POMOLO S,3706,101.02,8.01535E+12,1
10N3S226012,CIL C3000 POMOLO S,3706,75.46,8.01535E+12,1
10N3S227012,CIL C3000 POMOLO S,3706,82.38,8.01535E+12,1
10N3S228012,CIL C3000 POMOLO S,3706,82.38,8.01535E+12,1
10N3S229012,CIL C3000 POMOLO S,3706,92.75,8.01535E+12,1
10N3S230012,CIL C3000 POMOLO S,3706,89.29,8.01535E+12,1
10N3S235012,CIL C3000 POMOLO S,3706,109.38,8.01535E+12,1
10N3S236012,CIL C3000 POMOLO S,3706,109.38,8.01535E+12,1
10N3S237012,CIL C3000 POMOLO S,3706,109.38,8.01535E+12,1
10N3S239012,CIL C3000 POMOLO S,3706,96.21,8.01535E+12,1
10N3S240012,CIL C3000 POMOLO S,3706,117.67,8.01535E+12,1
10N3S242012,CIL C3000 POMOLO S,3706,96.21,8.01535E+12,1
10N3S243012,CIL C3000 POMOLO S,3706,101.02,8.01535E+12,1
10N3S244012,CIL C3000 POMOLO S,3706,105.24,8.01535E+12,1
10N3S254012,CIL C3000 POMOLO S,3706,105.24,8.01535E+12,1
10N3S258012,CIL C3000 POMOLO S,3706,113.53,8.01535E+12,1
10N3S261012,CIL C3000 POMOLO S,3706,113.53,8.01535E+12,1
10N3S264012,CIL C3000 POMOLO S,3706,105.24,8.01535E+12,1
10N3S265012,CIL C3000 POMOLO S,3706,113.53,8.01535E+12,1
10N3S270012,CIL C3000 POMOLO S,3706,109.38,8.01535E+12,1
10N3S271012,CIL C3000 POMOLO S,3706,113.53,8.01535E+12,1
10N3S272012,CIL C3000 POMOLO S,3706,117.67,8.01535E+12,1
10N3S281012,CIL C3000 POMOLO S,3706,75.46,8.01535E+12,1
10N3S282012,CIL C3000 POMOLO S,3706,78.9,8.01535E+12,1
10N3S28201200C5,CIL C3000 POMOLO S 5CH,3706,91.14,8.01535E+12,1
10N3S283012,CIL C3000 POMOLO S,3706,82.38,8.01535E+12,1
10N3S284012,CIL C3000 POMOLO S,3706,89.29,8.01535E+12,1
10N3S285012,CIL C3000 POMOLO S,3706,85.81,8.01535E+12,1
10N3S286012,CIL C3000 POMOLO S,3706,117.67,8.01535E+12,1
10N3S289012,CIL C3000 POMOLO S,3706,109.38,8.01535E+12,1
10N3S291012,CIL C3000 POMOLO S,3706,82.38,8.01535E+12,1
10N3S294012,CIL C3000 POMOLO S,3706,89.29,8.01535E+12,1
10N3S298012,CIL C3000 POMOLO S,3706,96.21,8.01535E+12,1
10N3S707012,CIL.POM.RAS.C3000 S,3706,78.9,8.01535E+12,1
10N3S70701200C5,CIL.POM.RAS.C3000 S 5CH,3706,91.14,8.01535E+12,1
10N3S712012,CIL.POM.RAS.C3000 S,3706,85.81,8.01535E+12,1
10N3S781012,CIL.POM.RAS.C3000 S,3706,82.38,8.01535E+12,1
10N3S787012,CIL.POM.RAS.C3000 S,3706,99.65,8.01535E+12,1
10N3S788012,CIL.POM.RAS.C3000 S,3706,107.97,8.01535E+12,1
10N3S790012,CIL.POM.RAS.C3000 S,3706,92.75,8.01535E+12,1
10N3S791012,CIL.POM.RAS.C3000 S,3706,89.29,8.01535E+12,1
10N3S792012,CIL.POM.RAS.C3000 S,3706,96.21,8.01535E+12,1
10N3S793012,CIL.POM.RAS.C3000 S,3706,116.29,8.01535E+12,1
10N3S7A3012,CIL.POM.RAS.C3000 S,3706,103.16,8.01535E+12,1
10N3S7C6012,CIL.POM.RAS.C3000 S,3706,124.6,8.01535E+12,1
10N3S7C7012,CIL.POM.RAS.C3000 S,3706,134.28,8.01535E+12,1
10N41000012,CIL. FILETT.C3000,3702,61.09,8.01535E+12,6
10N4100001291,CIL. FILETT.C3000,3703,53.47,8.01535E+12,6
10N41501012,C3000 Cylinder Threaded M23 Micro,3702,121.72,0,6
10N51000012,C500 C3000,3702,55,8.01535E+12,6
10N5100001291,C500 C3000 SMONTATO,3703,45.79,8.01535E+12,6
10N610000,CIL.X LUC.CORAZZATI C3000,3702,45.8,8.01535E+12,6
10N6100000091,CIL.X LUC.CORAZZATI C3000,3703,38.6,8.01535E+12,6
10P11600012,COPPIA CIL. CH.P. ANTIT. AP4,3876,144.79,8.01535E+12,1
10P12000012,COPPIA CIL. CH.P. ANTIT. AP4,3876,144.79,8.01535E+12,1
10P14900012,COPPIA CIL. CH.P. ANTIT. AP4,3876,144.79,8.01535E+12,1
10P1490001200C5,COPPIA CIL. CH.P. ANTIT. AP4,3876,178.54,8.01535E+12,1
10P1490001291,COPPIA CIL.AP4 SMONTATA,3877,91.04,8.01535E+12,1
10N310G5012,CIL.DOPPIO C3000 50-90,3701,99.45,8.01535E+12,6
10P1490006691,COPPIA CIL.AP4 SMONTATA,3877,91.04,8.01535E+12,1
10P15000012,COPPIA CIL.AP4 PER 1A631-1A721-1A73,3876,144.79,8.01535E+12,1
10P1500001200C5,10P1500001200C5 : COP. TONDO+CLL AP4 0/0 N | n chiavi 5,3876,178.53,0,1
10N31291012,CIL.POMOLO C3000,3701,63.08,8.01535E+12,12
10P15600012,COPPIA CIL. CH.P. ANTIT. AP4,3876,144.79,8.01535E+12,1
10P1560001200C5,COPPIA CIL. CH.P. ANTIT. AP4,3876,178.54,8.01535E+12,1
10P21055012,CILINDRO AP4 CON TUBO,3876,122.3,8.01535E+12,1
10P2105501200C5,10P2105501200C5 : TONDO D.25 AP4 0/0 N | n chiavi 5,3876,156.04,0,1
10P2105501291,CIL.AP4 SMONTATO,3877,75.1,1,1
10N31408012,CIL.MEZZO C3000,3701,47.47,8.01535E+12,12
10P2105506691,CIL.AP4 SMONTATO,3877,75.1,8.01535E+12,1
10P31402012,CILINDRO MEZZO AP4,3875,101.19,8.01535E+12,1
10P3140201200C5,CILINDRO MEZZO AP4,3875,134.97,8.01535E+12,1
10P3140201291,CILINDRO AP4 SMONTATO,3877,54,8.01535E+12,1
10P3140206600C5,CILINDRO MEZZO AP4,3875,134.97,8.01535E+12,1
10P31403012,CILINDRO MEZZO AP4,3875,112.46,8.01535E+12,1
10P3140301200C5,CILINDRO MEZZO AP4,3875,146.18,8.01535E+12,1
10P3140301291,CILINDRO MEZZO AP4 SMONTATO,3875,65.28,8.01535E+12,1
10P31404012,CILINDRO MEZZO AP4,3875,123.71,8.01535E+12,1
10P3140401291,CILINDRO AP4 SMONTATO,3877,76.5,8.01535E+12,1
10P31405012,CILINDRO MEZZO AP4,3875,134.97,8.01535E+12,1
10P31406012,CILINDRO MEZZO AP4,3875,146.19,8.01535E+12,1
10P31407012,CILINDRO MEZZO AP4,3875,106.85,8.01535E+12,1
10P3140701291,CILINDRO MEZZO AP4 SMONTATO,3875,59.68,0,1
10P31408012,CILINDRO MEZZO AP4,3875,118.09,8.01535E+12,1
10P3140801291,CILINDRO MEZZO AP4 SMONTATO,3875,70.92,8.01535E+12,1
10P31413012,CILINDRO MEZZO AP4,3875,178.54,8.01535E+12,1
10P31420012,CILINDRO MEZZO AP4,3875,157.44,8.01535E+12,1
10P3142001200C5,CILINDRO MEZZO AP4,3875,191.19,8.01535E+12,1
10P31421012,CILINDRO MEZZO AP4,3875,140.55,8.01535E+12,1
10P21055066,CILINDRO AP4 CON TUBO,3876,122.3,0,1
10P3M107012,MODULI AP4 30-30,3878,120.43,8.01535E+12,1
10P3M10701200C5,MODULI AP4 30-30,3878,153.15,8.01535E+12,1
10P3M10701291,MODULI AP4 30-30 SMONTATI,3877,66.64,8.01535E+12,1
10P3M107066,MODULI AP4 30-30,3878,120.43,8.01535E+12,1
10P3M10706600C5,MODULI AP4 30-30,3878,153.15,8.01535E+12,1
10P3M10706691,MODULI AP4 30-30 SMONTATI,3877,66.64,8.01535E+12,1
10P3M207012,MODULI AP4 30-30P,3878,113.7,8.01535E+12,1
10P3M20701200C5,MODULI AP4 30-30P,3878,147.45,8.01535E+12,1
10P3M207066,MODULI AP4 30-30P,3878,113.7,8.01535E+12,1
10P3M402012,MODULO AP4 30 MM,3878,86.95,8.01535E+12,1
10P3M402066,MODULO AP4 30 MM,3878,86.95,8.01535E+12,1
10P3M707012,MODULI AP4 30-30R,3878,113.7,8.01535E+12,1
10P3M70701200C5,MODULI AP4 30-30R,3878,147.43,8.01535E+12,1
10P3M70701291,MODULI AP4 30-30R,3878,66.53,2,1
10P3M707066,MODULI AP4 30-30R,3878,113.7,8.01535E+12,1
10P3M70706691,MODULI AP4 30-30R,3878,66.53,0,1
10P3S106012,CILINDRO DOPPIO AP4 SIGILLO,3875,140.55,8.01535E+12,1
10P3S106066,CILINDRO DOPPIO AP4 SIGILLO,3875,140.55,8.01535E+12,1
10P3S107012,CILINDRO DOPPIO AP4 SIGILLO,3875,132.15,8.01535E+12,1
10P3S10701200C5,CILINDRO DOPPIO AP4 SIGILLO,3875,165.88,8.01535E+12,1
10P3S10701291,CILINDRO DOPPIO AP4 SMONTATO,3877,78.4,8.01535E+12,1
10P3S107066,CILINDRO DOPPIO AP4 SIGILLO,3875,132.15,8.01535E+12,1
10P3S10706600C5,CILINDRO DOPPIO AP4 SIGILLO,3875,165.88,8.01535E+12,1
10P3S10706691,CILINDRO DOPPIO AP4 SMONTATO,3877,78.4,8.01535E+12,1
10P3S110012,CILINDRO DOPPIO AP4 SIGILLO,3875,140.55,8.01535E+12,1
10P3S11001291,CILINDRO DOPPIO AP4 SMONTATO,3877,86.83,8.01535E+12,1
10P3S110066,CILINDRO DOPPIO AP4 SIGILLO,3875,140.55,8.01535E+12,1
10P3S112012,CILINDRO DOPPIO AP4 SIGILLO,3875,149,8.01535E+12,1
10P3S11201200C5,CILINDRO DOPPIO AP4 SIGILLO,3875,182.75,8.01535E+12,1
10P3S11201291,CILINDRO DOPPIO AP4 SMONTATO,3877,95.23,8.01535E+12,1
10P3S112066,CILINDRO DOPPIO AP4 SIGILLO,3875,149,8.01535E+12,1
10P3S11206600C5,CILINDRO DOPPIO AP4 SIGILLO,3875,182.75,8.01535E+12,1
10P3S113012,CILINDRO DOPPIO AP4 SIGILLO,3875,149,8.01535E+12,1
10P3S11301200C5,CILINDRO DOPPIO AP4 SIGILLO,3875,182.75,8.01535E+12,1
10P3S11301291,CILINDRO DOPPIO AP4 SMONTATO,3877,95.24,8.01535E+12,1
10P3S113066,CILINDRO DOPPIO AP4 SIGILLO,3875,149,8.01535E+12,1
10P3S11306600C5,CILINDRO DOPPIO AP4 SIGILLO,3875,182.75,8.01535E+12,1
10P3S117012,CILINDRO DOPPIO AP4 SIGILLO,3875,165.88,8.01535E+12,1
10P3S11701200C5,CILINDRO DOPPIO AP4 SIGILLO,3875,199.59,8.01535E+12,1
10P3S11701291,CILINDRO DOPPIO AP4 SMONTATO,3877,112.11,8.01535E+12,1
10P3S117066,CILINDRO DOPPIO AP4 SIGILLO,3875,165.88,8.01535E+12,1
10P3S11706600C5,CILINDRO DOPPIO AP4 SIGILLO,3875,199.59,8.01535E+12,1
10P3S118012,CILINDRO DOPPIO AP4 SIGILLO,3875,165.88,8.01535E+12,1
10P3S11801200C5,CILINDRO DOPPIO AP4 SIGILLO,3875,199.59,8.01535E+12,1
10P3S11801291,CILINDRO DOPPIO AP4 SMONTATO,3877,112.11,8.01535E+12,1
10P3S11806600C5,CILINDRO DOPPIO AP4 SIGILLO,3875,199.59,8.01535E+12,1
10P3S119012,CILINDRO DOPPIO AP4 SIGILLO,3875,165.88,8.01535E+12,1
10P3S11901200C5,CILINDRO DOPPIO AP4 SIGILLO,3875,199.59,8.01535E+12,1
10P3S11901291,CILINDRO DOPPIO AP4 SMONTATO,3877,112.11,8.01535E+12,1
10P3S11906600C5,CILINDRO DOPPIO AP4 SIGILLO,3875,199.59,8.01535E+12,1
10P3S120012,CILINDRO DOPPIO AP4 SIGILLO,3875,185.55,8.01535E+12,1
10P3S12001200C5,CILINDRO DOPPIO AP4 SIGILLO,3875,219.28,8.01535E+12,1
10P3S12001291,CILINDRO DOPPIO AP4 SIGILLO SMONTATO,3877,131.81,8.01535E+12,1
10P3S120066,CILINDRO DOPPIO AP4 SIGILLO,3875,185.55,8.01535E+12,1
10P3S121012,CILINDRO DOPPIO AP4 SIGILLO,3875,185.55,8.01535E+12,1
10P3S12101200C5,CILINDRO DOPPIO AP4 SIGILLO,3875,219.28,8.01535E+12,1
10P3S12101291,CILINDRO DOPPIO AP4 SMONTATO,3877,131.81,8.01535E+12,1
10P3S121066,CILINDRO DOPPIO AP4 SIGILLO,3875,185.55,8.01535E+12,1
10P3S12106600C5,CILINDRO DOPPIO AP4 SIGILLO,3875,219.28,8.01535E+12,1
10P3S122012,CILINDRO DOPPIO AP4 SIGILLO,3875,208.06,8.01535E+12,1
10P3S12201200C5,CILINDRO DOPPIO AP4 SIGILLO,3875,241.77,8.01535E+12,1
10P3S12201291,CILINDRO DOPPIO AP4 SMONTATO,3875,154.3,8.01535E+12,1
10P3S123012,CILINDRO DOPPIO AP4 SIGILLO,3875,208.06,8.01535E+12,1
10P3S12301200C5,CILINDRO DOPPIO AP4 SIGILLO,3875,241.77,8.01535E+12,1
10P3S12301291,CILINDRO DOPPIO AP4 SMONTATO,3877,154.28,8.01535E+12,1
10P3S12306600C5,CILINDRO DOPPIO AP4 SIGILLO,3875,241.77,8.01535E+12,1
10P3S124012,CILINDRO DOPPIO AP4 SIGILLO,3875,208.06,8.01535E+12,1
10P3S12401200C5,CILINDRO DOPPIO AP4 SIGILLO,3875,241.77,8.01535E+12,1
10P31707012VMCA,CIL.AP4 GAMBO MK-CA GASPEROTTI,3875,139.16,8.01535E+12,1
10P3S12406600C5,CILINDRO DOPPIO AP4 SIGILLO,3875,241.77,0,1
10P3S125012,CILINDRO DOPPIO AP4 SIGILLO,3875,208.06,8.01535E+12,1
10P3S12501200C5,CILINDRO DOPPIO AP4 SIGILLO,3875,241.77,8.01535E+12,1
10P3S12506600C5,CILINDRO DOPPIO AP4 SIGILLO,3875,241.77,0,1
10P3S126012,CILINDRO DOPPIO AP4 SIGILLO,3875,140.55,8.01535E+12,1
10P3S12601200C5,CILINDRO DOPPIO AP4 SIGILLO,3875,174.32,8.01535E+12,1
10P3S12601291,CILINDRO DOPPIO AP4 SMONTATO,3877,86.81,8.01535E+12,1
10P3S126066,CILINDRO DOPPIO AP4 SIGILLO,3875,140.55,8.01535E+12,1
10P3S127012,CILINDRO DOPPIO AP4 SIGILLO,3875,157.44,8.01535E+12,1
10P3S12701200C5,CILINDRO DOPPIO AP4 SIGILLO,3875,191.17,8.01535E+12,1
10P3S12701291,CILINDRO DOPPIO AP4 SIGILLO,3875,103.67,8.01535E+12,1
10P3S124066,CILINDRO DOPPIO AP4 SIGILLO,3875,208.06,0,1
10P3S12706600C5,CILINDRO DOPPIO AP4 SIGILLO,3875,191.17,8.01535E+12,1
10P3S128012,CILINDRO DOPPIO AP4 SIGILLO,3875,157.44,8.01535E+12,1
10P3S12801200C5,CILINDRO DOPPIO AP4 SIGILLO,3875,191.17,8.01535E+12,1
10P3S12801291,CILINDRO DOPPIO AP4 SMONTATO,3875,103.67,8.01535E+12,1
10P3S12806600C5,CILINDRO DOPPIO AP4 SIGILLO,3875,191.17,8.01535E+12,1
10P3S129012,CILINDRO DOPPIO AP4 SIGILLO,3875,185.55,8.01535E+12,1
10P3S12901200C5,CILINDRO DOPPIO AP4 SIGILLO,3875,219.28,8.01535E+12,1
10P3S12901291,CILINDRO DOPPIO AP4 SMONTATO,3877,131.81,8.01535E+12,1
10P3S12906600C5,CILINDRO DOPPIO AP4 SIGILLO,3875,219.28,8.01535E+12,1
10P3S130012,CILINDRO DOPPIO AP4 SIGILLO,3875,174.32,8.01535E+12,1
10P3S13001200C5,CILINDRO DOPPIO AP4 SIGILLO,3875,208.06,8.01535E+12,1
10P3S13001291,CILINDRO DOPPIO AP4 SMONTATO,3877,120.55,8.01535E+12,1
10P3S13006600C5,CILINDRO DOPPIO AP4 SIGILLO,3875,208.06,8.01535E+12,1
10P3S131012,CILINDRO DOPPIO AP4 SIGILLO,3875,174.32,8.01535E+12,1
10P3S13101200C5,CILINDRO DOPPIO AP4 SIGILLO,3875,208.06,8.01535E+12,1
10P3S13101291,CILINDRO DOPPIO AP4 SMONTATO,3877,120.55,8.01535E+12,1
10P3S131066,CILINDRO DOPPIO AP4 SIGILLO,3875,174.32,8.01535E+12,1
10P3S13106600C5,CILINDRO DOPPIO AP4 SIGILLO,3875,208.06,8.01535E+12,1
10P3S132012,CILINDRO DOPPIO AP4 SIGILLO,3875,185.55,8.01535E+12,1
10P3S13201200C5,CILINDRO DOPPIO AP4 SIGILLO,3875,219.28,8.01535E+12,1
10P3S13201291,CILINDRO DOPPIO AP4 SMONTATO,3877,131.81,8.01535E+12,1
10P3S13206600C5,CILINDRO DOPPIO AP4 SIGILLO,3875,219.28,8.01535E+12,1
10P3S133012,CILINDRO DOPPIO AP4 SIGILLO,3875,174.32,8.01535E+12,1
10P3S13301200C5,CILINDRO DOPPIO AP4 SIGILLO,3875,208.06,8.01535E+12,1
10P3S13301291,CILINDRO DOPPIO AP4 SMONTATO,3877,120.55,8.01535E+12,1
10P3S127066,CILINDRO DOPPIO AP4 SIGILLO,3875,157.44,0,1
10P3S135012,CILINDRO DOPPIO AP4 SIGILLO,3875,230.56,8.01535E+12,1
10P3S13501200C5,CILINDRO DOPPIO AP4 SIGILLO,3875,264.27,8.01535E+12,1
10P3S136012,CILINDRO DOPPIO AP4 SIGILLO,3875,230.56,8.01535E+12,1
10P3S13601200C5,CILINDRO DOPPIO AP4 SIGILLO,3875,264.27,8.01535E+12,1
10P3S13601291,CILINDRO DOPPIO AP4 SIGILLO SMONTATO,3875,176.81,8.01535E+12,1
10P3S137012,CILINDRO DOPPIO AP4 SIGILLO,3875,230.56,8.01535E+12,1
10P3S13701200C5,CILINDRO DOPPIO AP4 SIGILLO,3875,264.27,8.01535E+12,1
10P3S133066,CILINDRO DOPPIO AP4 SIGILLO,3875,174.32,0,1
10P3S13706600C5,CILINDRO DOPPIO AP4 SIGILLO,3875,264.25,8.01535E+12,1
10P3S138012,CILINDRO DOPPIO AP4 SIGILLO,3875,196.77,8.01535E+12,1
10P3S13801200C5,CILINDRO DOPPIO AP4 SIGILLO,3875,230.56,8.01535E+12,1
10P3S13801291,CILINDRO DOPPIO AP4 SMONTATO,3877,143.06,8.01535E+12,1
10P3S139012,CILINDRO DOPPIO AP4 SIGILLO,3875,196.77,8.01535E+12,1
10P3S13901200C5,CILINDRO DOPPIO AP4 SIGILLO,3875,230.56,8.01535E+12,1
10P3S13901291,CILINDRO DOPPIO AP4 SIGILLO SMONTATO,3875,143.02,8.01535E+12,1
10P3S139066,10P3S139066 : CH.-CH. AP4 DIM 45/50 BP | n chiavi 3,3875,196.77,8.01535E+12,1
10P3S140012,CILINDRO DOPPIO AP4 SIGILLO,3875,258.63,8.01535E+12,1
10P3S14001200C5,CILINDRO DOPPIO AP4 SIGILLO,3875,292.4,8.01535E+12,1
10P3S141012,CILINDRO DOPPIO AP4 SIGILLO,3875,196.77,8.01535E+12,1
10P3S14101200C5,CILINDRO DOPPIO AP4 SIGILLO,3875,231.26,8.01535E+12,1
10P3S14101291,CILINDRO DOPPIO AP4 SIGILLO,3875,143.02,8.01535E+12,1
10P3S137066,CILINDRO DOPPIO AP4 SIGILLO,3875,230.56,0,1
10P3S142012,CILINDRO DOPPIO AP4 SIGILLO,3875,196.77,8.01535E+12,1
10P3S14201200C5,CILINDRO DOPPIO AP4 SIGILLO,3875,230.56,8.01535E+12,1
10P3S14201291,CILINDRO DOPPIO AP4 SMONTATO,3877,143.1,8.01535E+12,1
10P3S143012,CILINDRO DOPPIO AP4 SIGILLO,3875,208.06,8.01535E+12,1
10P3S14301200C5,CILINDRO DOPPIO AP4 SIGILLO,3875,241.77,8.01535E+12,1
10P3S14301291,CILINDRO DOPPIO AP4 SMONTATO,3877,154.28,8.01535E+12,1
10P3S14306600C5,CILINDRO DOPPIO AP4 SIGILLO,3875,241.77,8.01535E+12,1
10P3S149012,CILINDRO DOPPIO AP4 SIGILLO,3875,219.28,8.01535E+12,1
10P3S14901200C5,CILINDRO DOPPIO AP4 SIGILLO,3875,253,8.01535E+12,1
10P3S152012,CILINDRO DOPPIO AP4 SIGILLO,3875,258.63,8.01535E+12,1
10P3S15201200C5,CILINDRO DOPPIO AP4 SIGILLO,3875,292.4,8.01535E+12,1
10P3S153012,CILINDRO DOPPIO AP4 SIGILLO,3875,286.77,8.01535E+12,1
10P3S15301200C5,CILINDRO DOPPIO AP4 SIGILLO,3875,320.54,8.01535E+12,1
10P3S15301291,CILINDRO DOPPIO AP4 SIGILLO,3875,233.01,8.01535E+12,1
10P3S154012,CILINDRO DOPPIO AP4 SIGILLO,3875,219.28,8.01535E+12,1
10P3S15401200C5,CILINDRO DOPPIO AP4 SIGILLO,3875,253.04,8.01535E+12,1
10P3S15401291,CILINDRO DOPPIO AP4 SMONTATO,3877,165.53,8.01535E+12,1
10P3S156012,CILINDRO DOPPIO AP4 SIGILLO,3875,219.28,8.01535E+12,1
10P3S157012,CILINDRO DOPPIO AP4 SIGILLO,3875,230.56,8.01535E+12,1
10P3S15701200C5,CILINDRO DOPPIO AP4 SIGILLO,3875,264.25,8.01535E+12,1
10P3S159012,CILINDRO DOPPIO AP4 SIGILLO,3875,244.6,8.01535E+12,1
10P3S15901200C5,CILINDRO DOPPIO AP4 SIGILLO,3875,278.33,8.01535E+12,1
10P3S160012,CILINDRO DOPPIO AP4 SIGILLO,3875,258.63,8.01535E+12,1
10P3S16001200C5,CILINDRO DOPPIO AP4 SIGILLO,3875,292.4,8.01535E+12,1
10P3S161012,CILINDRO DOPPIO AP4 SIGILLO,3875,244.6,8.01535E+12,1
10P3S16101200C5,CILINDRO DOPPIO AP4 SIGILLO,3875,278.33,8.01535E+12,1
10P3S164012,CILINDRO DOPPIO AP4 SIGILLO,3875,219.28,8.01535E+12,1
10P3S165012,CILINDRO DOPPIO AP4 SIGILLO,3875,244.6,8.01535E+12,1
10P3S166012,CILINDRO DOPPIO AP4 SIGILLO,3875,258.63,8.01535E+12,1
10P3S16601200C5,CILINDRO DOPPIO AP4 SIGILLO,3875,292.4,8.01535E+12,1
10P3S170012,CILINDRO DOPPIO AP4 SIGILLO,3875,230.56,8.01535E+12,1
10P3S17001200C5,CILINDRO DOPPIO AP4 SIGILLO,3875,264.27,8.01535E+12,1
10P3S17001291,CILINDRO DOPPIO AP4 SIGILLO SMONTATO,3875,176.81,8.01535E+12,1
10P3S171012,CILINDRO DOPPIO AP4 SIGILLO,3875,244.6,8.01535E+12,1
10P3S17101200C5,CILINDRO DOPPIO AP4 SIGILLO,3875,278.28,8.01535E+12,1
10P3S177012,CILINDRO DOPPIO AP4 SIGILLO,3875,244.6,8.01535E+12,1
10P3S17701200C5,CILINDRO DOPPIO AP4 SIGILLO,3875,278.33,8.01535E+12,1
10P3S207012,CILINDRO AP4 POMOLO,3875,129.32,8.01535E+12,1
10P3S20701200C5,CILINDRO AP4 POMOLO,3875,163.08,8.01535E+12,1
10P3S141066,CILINDRO DOPPIO AP4 SIGILLO,3875,196.77,0,1
10P3S20706600C5,CILINDRO AP4 POMOLO,3875,163.08,8.01535E+12,1
10P3S210012,CILINDRO AP4 POMOLO,3875,137.75,8.01535E+12,1
10P3S212012,CILINDRO AP4 POMOLO,3875,146.19,8.01535E+12,1
10P3S21201200C5,CILINDRO AP4 POMOLO,3875,179.94,8.01535E+12,1
10P3S213012,CILINDRO AP4 POMOLO,3875,146.19,8.01535E+12,1
10P3S21301200C5,CILINDRO AP4 POMOLO,3875,179.94,8.01535E+12,1
10P3S21306600C5,CILINDRO AP4 POMOLO,3875,179.94,8.01535E+12,1
10P3S217012,CILINDRO AP4 POMOLO,3875,163.08,8.01535E+12,1
10P3S21701200C5,CILINDRO AP4 POMOLO,3875,196.77,8.01535E+12,1
10P3S218012,CILINDRO AP4 POMOLO,3875,163.08,8.01535E+12,1
10P3S21801200C5,CILINDRO AP4 POMOLO,3875,196.77,8.01535E+12,1
10P3S21806600C5,CILINDRO AP4 POMOLO,3875,196.77,8.01535E+12,1
10P3S219012,CILINDRO AP4 POMOLO,3875,163.08,8.01535E+12,1
10P3S21901200C5,CILINDRO AP4 POMOLO,3875,196.77,8.01535E+12,1
10P3S21901291,CILINDRO AP4 POMOLO,3875,115.9,8.01535E+12,1
10P3S21906600C5,CILINDRO AP4 POMOLO,3875,196.77,8.01535E+12,1
10P3S220012,CILINDRO AP4 POMOLO,3875,182.75,8.01535E+12,1
10P3S22001291,CILINDRO AP4 POMOLO,3875,135.56,8.01535E+12,1
10P3S221012,CILINDRO AP4 POMOLO,3875,182.75,8.01535E+12,1
10P3S22101200C5,CILINDRO AP4 POMOLO,3875,216.48,8.01535E+12,1
10P3S22106600C5,CILINDRO AP4 POMOLO,3875,216.48,8.01535E+12,1
10P3S223012,CILINDRO AP4 POMOLO,3875,205.24,8.01535E+12,1
10P3S22301200C5,CILINDRO AP4 POMOLO,3875,238.96,8.01535E+12,1
10P3S22306600C5,CILINDRO AP4 POMOLO,3875,238.96,8.01535E+12,1
10P3S225012,CILINDRO AP4 POMOLO,3875,205.24,8.01535E+12,1
10P3S226012,CILINDRO AP4 POMOLO,3875,137.75,8.01535E+12,1
10P3S22601200C5,CILINDRO AP4 POMOLO,3875,171.5,0,1
10P3S226066,CILINDRO AP4 POMOLO,3875,137.75,8.01535E+12,1
10P3S22606600C5,CILINDRO AP4 POMOLO,3875,171.5,0,1
10P3S227012,CILINDRO AP4 POMOLO,3875,154.63,8.01535E+12,1
10P3S22701200C5,CILINDRO AP4 POMOLO,3875,188.37,8.01535E+12,1
10P3S22701291,CILINDRO AP4 POMOLO,3875,107.46,8.01535E+12,1
10P3S228012,CILINDRO AP4 POMOLO,3875,154.63,8.01535E+12,1
10P3S22801200C5,CILINDRO AP4 POMOLO,3875,188.37,8.01535E+12,1
10P3S22806600C5,CILINDRO AP4 POMOLO,3875,188.37,8.01535E+12,1
10P3S229012,CILINDRO AP4 POMOLO,3875,182.75,8.01535E+12,1
10P3S22901200C5,CILINDRO AP4 POMOLO,3875,216.48,8.01535E+12,1
10P3S22906600C5,CILINDRO AP4 POMOLO,3875,216.48,8.01535E+12,1
10P3S230012,CILINDRO AP4 POMOLO,3875,171.5,8.01535E+12,1
10P3S23001291,CILINDRO AP4 POMOLO,3875,124.31,8.01535E+12,1
10P3S235012,CILINDRO AP4 POMOLO,3875,224.92,8.01535E+12,1
10P3S239012,CILINDRO AP4 POMOLO,3875,194,8.01535E+12,1
10P3S243012,CILINDRO AP4 POMOLO,3875,205.24,8.01535E+12,1
10P3S244012,CILINDRO AP4 POMOLO,3875,216.48,8.01535E+12,1
10P3S257012,CILINDRO AP4 POMOLO,3875,224.92,8.01535E+12,1
10P3S261012,CILINDRO AP4 POMOLO,3875,238.96,8.01535E+12,1
10P3S264012,CILINDRO AP4 POMOLO,3875,216.48,8.01535E+12,1
10P3S281012,CILINDRO AP4 POMOLO,3875,137.75,8.01535E+12,1
10P3S282012,CILINDRO AP4 POMOLO,3875,146.19,8.01535E+12,1
10P3S28201200C5,CILINDRO AP4 POMOLO,3875,179.94,8.01535E+12,1
10P3S28206600C5,CILINDRO AP4 POMOLO,3875,179.94,8.01535E+12,1
10P3S283012,CILINDRO AP4 POMOLO,3875,154.63,8.01535E+12,1
10P3S284012,CILINDRO AP4 POMOLO,3875,171.5,8.01535E+12,1
10P3S28401200C5,CILINDRO AP4 POMOLO,3875,205.23,8.01535E+12,1
10P3S285012,CILINDRO AP4 POMOLO,3875,163.08,8.01535E+12,1
10P3S28501200C5,CILINDRO AP4 POMOLO,3875,196.77,8.01535E+12,1
10P3S28506600C5,CILINDRO AP4 POMOLO,3875,196.77,8.01535E+12,1
10P3S291012,CILINDRO AP4 POMOLO,3875,154.63,8.01535E+12,1
10P3S294012,CILINDRO AP4 POMOLO,3875,171.5,8.01535E+12,1
10P3S29401200C5,CILINDRO AP4 POMOLO,3875,205.23,8.01535E+12,1
10P3S298012,CILINDRO AP4 POMOLO,3875,194,8.01535E+12,1
10P3S29801200C5,CILINDRO AP4 POMOLO,3875,227.72,8.01535E+12,1
10P3S707012,CIL. POM.RASABILE AP4 SIGILLO,3875,139.16,8.01535E+12,1
10P3S70701200C5,CIL. POM.RASABILE AP4 SIGILLO,3875,172.91,8.01535E+12,1
10P3S70701291,CILINDRO AP4 SMONTATO,3877,91.98,8.01535E+12,1
10P3S707066,CIL. POM.RASABILE AP4 SIGILLO,3875,139.16,8.01535E+12,1
10P3S70706600C5,CIL. POM.RASABILE AP4 SIGILLO,3875,172.91,8.01535E+12,1
10P3S70706691,CILINDRO AP4 SMONTATO,3877,91.98,8.01535E+12,1
10P3S712012,CIL. POM.RASABILE AP4 SIGILLO,3875,156.02,8.01535E+12,1
10P3S71201200C5,CIL. POM.RASABILE AP4 SIGILLO,3875,189.77,8.01535E+12,1
10P3S71201291,CILINDRO AP4 SMONTATO,3877,108.84,8.01535E+12,1
10P3S712066,CIL. POM.RASABILE AP4 SIGILLO,3875,156.02,8.01535E+12,1
10P3S71206600C5,CIL. POM.RASABILE AP4 SIGILLO,3875,189.77,8.01535E+12,1
10P3S781012,CIL. POM.RASABILE AP4 SIGILLO,3875,147.61,8.01535E+12,1
10P3S78101200C5,CIL. POM.RASABILE AP4 SIGILLO,3875,181.36,8.01535E+12,1
10P3S78101291,CILINDRO AP4 SMONTATO,3877,100.39,8.01535E+12,1
10P3S207066,CILINDRO AP4 POMOLO,3875,129.32,8.01535E+12,1
10P3S78106600C5,CIL. POM.RASABILE AP4 SIGILLO,3875,181.36,8.01535E+12,1
10P3S787012,CIL. POM.RASABILE AP4 SIGILLO,3875,192.61,8.01535E+12,1
10P3S78701200C5,CIL. POM.RASABILE AP4 SIGILLO,3875,226.32,8.01535E+12,1
10P3S78706600C5,CIL. POM.RASABILE AP4 SIGILLO,3875,226.32,8.01535E+12,1
10P3S788012,CIL. POM.RASABILE AP4 SIGILLO,3875,215.09,8.01535E+12,1
10P3S78801200C5,CIL. POM.RASABILE AP4 SIGILLO,3875,248.81,8.01535E+12,1
10P3S78806600C5,CIL. POM.RASABILE AP4 SIGILLO,3875,248.81,8.01535E+12,1
10P3S790012,CIL. POM.RASABILE AP4 SIGILLO,3875,172.91,8.01535E+12,1
10P3S79001200C5,CIL. POM.RASABILE AP4 SIGILLO,3875,206.64,8.01535E+12,1
10P3S79006600C5,CIL. POM.RASABILE AP4 SIGILLO,3875,206.64,8.01535E+12,1
10P3S791012,CIL. POM.RASABILE AP4 SIGILLO,3875,164.46,8.01535E+12,1
10P3S79101200C5,CIL. POM.RASABILE AP4 SIGILLO,3875,198.19,8.01535E+12,1
10P3S79101291,CILINDRO AP4 SMONTATO,3877,117.29,0,1
10P3S791066,CIL. POM.RASABILE AP4 SIGILLO,3875,164.46,8.01535E+12,1
10P3S79106600C5,CIL. POM.RASABILE AP4 SIGILLO,3875,198.19,8.01535E+12,1
10P3S792012,CIL. POM.RASABILE AP4 SIGILLO,3875,181.36,8.01535E+12,1
10P3S79201200C5,CIL. POM.RASABILE AP4 SIGILLO,3875,215.09,8.01535E+12,1
10P3S792066,CIL. POM.RASABILE AP4 SIGILLO,3875,181.36,8.01535E+12,1
10P3S79206600C5,CIL. POM.RASABILE AP4 SIGILLO,3875,215.09,0,1
10P3S793012,CIL. POM.RASABILE AP4 SIGILLO,3875,237.55,8.01535E+12,1
10P3S79301200C5,CIL. POM.RASABILE AP4 SIGILLO,3875,271.3,8.01535E+12,1
10P3S79306600C5,CIL. POM.RASABILE AP4 SIGILLO,3875,271.3,0,1
10P3S7A3012,CIL. POM.RASABILE AP4 SIGILLO L.95=65-30,3875,203.84,8.01535E+12,1
10P3S7A301200C5,CIL. POM.RASABILE AP4 SIGILLO L.95=65-30,3875,237.56,8.01535E+12,1
10P3S781066,CIL. POM.RASABILE AP4 SIGILLO,3875,147.61,0,1
10P3S7A306600C5,CIL. POM.RASABILE AP4 SIGILLO L.95=65-30,3875,237.56,0,1
10P3S7C6012,CIL. POM.RASABILE AP4 SIGILLO,3875,265.68,8.01535E+12,1
10P3S7C601200C5,CIL. POM.RASABILE AP4 SIGILLO,3875,299.42,0,1
10P3S7C7012,CIL. POM.RASABILE AP4 SIGILLO,3875,293.8,8.01535E+12,1
10P3S7C701200C5,CIL. POM.RASABILE AP4 SIGILLO,3875,327.54,0,1
10P41000012,CIL. FILETT. CH.P. AP4,3876,127.94,8.01535E+12,1
10P4100001291,CIL.AP4 SMONTATO,3877,80.74,8.01535E+12,1
10P41501012,CIL. FILETT. CH.P. AP4 MICRO,3876,188.37,8.01535E+12,1
10P4150101200C5,CIL. FILETT. CH.P. AP4 MICRO,3876,222.11,0,1
10P41503012,CIL. FILETT. CH.P. AP4 MICRO,3876,163.08,8.01535E+12,1
10P51000012,C500 CH.PIATTA AP4,3876,122.3,8.01535E+12,1
10P5100001200C5,C500 CH.PIATTA AP4,3876,156.02,8.01535E+12,1
10P5100001291,CILINDRO APPLICARE AP4 SMONTATO,3877,75.12,8.01535E+12,1
10P51010012,CILINDRO APPLICARE CON CORAZZA AP4,3876,160.26,8.01535E+12,1
10P5101001291,CILINDRO APPLICARE CON CORAZZA AP4,3876,113.07,8.01535E+12,1
10P610000,CIL.X LUC. CORAZZATO AP4.,3876,111.05,8.01535E+12,1
10P6100000000C5,CIL.X LUC. CORAZZATO AP4.,3876,144.8,8.01535E+12,1
10P61010012,CILINDRO AP4 X MANIGLIONE,3876,111.05,8.01535E+12,1
10P61011012,CILINDRO AP4 X MANIGLIONE,3876,111.05,8.01535E+12,1
10P71501012,COPPIA CIL. OVALONE SCANDINAVO AP4,3876,160.56,8.01535E+12,1
10P71503012,CIL.ESTERNO OVALONE SCANDINAVO AP4,3876,127.09,8.01535E+12,1
10Q11600012,COPPIA CIL. ASIX P8,2837,64.23,8.01535E+12,1
10Q1160001200C5,COPPIA CIL. ASIX P8,2837,73.57,8.01535E+12,1
10Q12000012,COPPIA CIL. ASIX P8,2837,64.23,8.01535E+12,1
10Q12000012CP,COPPIA CIL. ASIX P8,2837,83.49,8.01535E+12,1
10Q14900012,COPPIA CIL. ASIX P8,2837,64.23,8.01535E+12,1
10Q1490001200C5,COPPIA CIL. ASIX P8,2837,73.57,8.01535E+12,1
10Q14900012CP,COPPIA CIL. ASIX P8,2837,83.49,8.01535E+12,1
10Q15000012,COPPIA CIL. ASIX P8,2837,64.23,8.01535E+12,1
10Q1500001200C5,COPPIA CIL. ASIX P8,2837,73.57,8.01535E+12,1
10Q15000012CP,COPPIA CIL. ASIX P8,2837,83.49,8.01535E+12,1
10Q15600012,COPPIA CIL. ASIX P8,2837,64.23,8.01535E+12,1
10Q2105500000C5,10Q2105500000C5 : TONDO D.25 AsixP8 0/0 | n chiavi 5,2837,48.38,0,1
10Q21055012,CIL.A TUBO ASIX P8,2837,40.88,8.01535E+12,1
10Q2105501200C5,CIL.A TUBO ASIX P8,2837,50.21,8.01535E+12,1
10Q21055012CP,CIL.A TUBO ASIX P8,2837,53.15,8.01535E+12,1
10Q31007012SD,CIL ASIX P8 CA 5+1,2833,35.04,8.01535E+12,6
10Q31008000SD,CIL ASIX P8 CA 5+1,2833,35.04,8.01535E+12,6
10Q31008012SD,CIL ASIX P8 CA 5+1,2833,35.04,8.01535E+12,6
10Q31012012CFC5,CIL ASIX P8 CA 5+1 CONF.IND,2833,37.36,8.01535E+12,20
10Q31012012SD,CIL ASIX P8 CA 5+1,2833,38.54,8.01535E+12,6
10Q31013012SD,CIL ASIX P8 CA 5+1,2833,38.54,8.01535E+12,6
10Q31017000CFC5,CIL ASIX P8 CA 5+1 CONF.IND.,2833,40.88,8.01535E+12,15
10Q31017000SD,CIL ASIX P8 CA 5+1,2833,42.04,8.01535E+12,6
10Q31017012CFC5,CIL ASIX P8 CA 5+1 CONF.IND.,2833,40.88,8.01535E+12,15
10Q31017012SD,CIL ASIX P8 CA 5+1,2833,42.04,8.01535E+12,6
10Q31018012SD,CIL ASIX P8 CA 5+1,2833,42.04,8.01535E+12,6
10Q31019012SD,CIL ASIX P8 CA 5+1,2833,42.04,8.01535E+12,6
10Q31020012SD,CIL ASIX P8 CA 5+1,2833,45.56,8.01535E+12,6
10Q31021012CFC5,CIL ASIX P8 CA 5+1 CONF.IND.,2833,44.36,8.01535E+12,15
10Q31021012RH,CIL ASIX P8 CA 3+1 (151120),2833,40.76,8.01535E+12,6
10Q31021012RHC5,CIL ASIX P8 CA 5+1 (151121),2833,50.09,8.01535E+12,6
10Q31021012SD,CIL ASIX P8 CA 5+1,2833,45.56,8.01535E+12,6
10Q31022012SD,CIL ASIX P8 CA 5+1,2833,49.04,8.01535E+12,6
10Q31023012CFC5,CIL ASIX P8 CA 5+1 CONF.IND.,2833,47.88,8.01535E+12,15
10Q31023012SD,CIL ASIX P8 CA 5+1,2833,49.04,8.01535E+12,6
10Q31024012SD,CIL ASIX P8 CA 5+1,2833,49.04,8.01535E+12,6
10Q31025012CFC5,CIL ASIX P8 CA 5+1 CONF.IND.,2833,47.88,8.01535E+12,15
10Q31025012RH,CIL ASIX P8 CA 3+1 (15111209),2833,44.24,8.01535E+12,10
10Q31025012SD,CIL ASIX P8 CA 5+1,2833,49.04,8.01535E+12,6
10Q31026012SD,CIL ASIX P8 CA 5+1,2833,36.79,8.01535E+12,6
10Q31027012CFC5,CIL ASIX P8 CA 5+1 CONF.IND,2833,39.11,8.01535E+12,15
10Q31027012SD,CIL ASIX P8 CA 5+1,2833,40.28,8.01535E+12,6
10Q31028012CFC5,CIL ASIX P8 CA 5+1 CONF.IND,2833,39.11,8.01535E+12,15
10Q31028012SD,CIL ASIX P8 CA 5+1,2833,40.28,8.01535E+12,6
10Q31029012SD,CIL ASIX P8 CA 5+1,2833,45.56,8.01535E+12,6
10Q31030012CFC5,CIL ASIX P8 CA 5+1 CONF.IND,2833,42.61,8.01535E+12,15
10Q31030012SD,CIL ASIX P8 CA 5+1,2833,43.8,8.01535E+12,6
10Q31031012CFC5,CIL ASIX P8 CA 5+1 CONF.IND.,2833,42.61,8.01535E+12,15
10Q31031012SD,CIL ASIX P8 CA 5+1,2833,43.8,8.01535E+12,6
10Q31032012SD,CIL ASIX P8 CA 5+1,2833,45.56,8.01535E+12,6
10Q31033012SD,CIL ASIX P8 CA 5+1,2833,43.8,8.01535E+12,6
10Q31035012RH,CIL ASIX P8 CA 3+1 (15111212),2833,48.91,8.01535E+12,10
10Q31035012SD,CIL ASIX P8 CA 5+1,2833,53.72,8.01535E+12,6
10Q31036000CFC5,CIL ASIX P8 CA 5+1 CONF.IND.,2833,52.54,8.01535E+12,15
10Q31036012CFC5,CIL ASIX P8 CA 5+1 CONF.IND.,2833,52.54,8.01535E+12,15
10Q31036012SD,CIL ASIX P8 CA 5+1,2833,53.72,8.01535E+12,6
10Q31037012SD,CIL ASIX P8 CA 5+1,2833,53.72,8.01535E+12,6
10Q31038012GD,CIL ASIX P8 CA 5+1 METALNOVA,2833,47.31,8.01535E+12,1
10Q31038012SD,CIL ASIX P8 CA 5+1,2833,47.31,8.01535E+12,6
10Q31039000CFC5,CIL ASIX P8 CA 5+1 CONF.IND.,2833,46.12,8.01535E+12,15
10Q31039012CFC5,CIL ASIX P8 CA 5+1 CONF.IND.,2833,46.12,8.01535E+12,15
10Q31039012SD,CIL ASIX P8 CA 5+1,2833,47.31,8.01535E+12,6
10Q31041012SD,CIL ASIX P8 CA 5+1,2833,47.31,8.01535E+12,6
10Q31042012CFC5,CIL ASIX P8 CA 5+1 CONF.IND.,2833,46.12,8.01535E+12,15
10Q31043012CFC5,CIL ASIX P8 CA 5+1 CONF.IND.,2833,47.88,8.01535E+12,15
10Q31043012SD,CIL ASIX P8 CA 5+1,2833,49.04,8.01535E+12,6
10Q31045012SD,CIL ASIX P8 CA 5+1,2833,53.72,8.01535E+12,6
10Q31052012SD,CIL ASIX P8 CA 5+1,2833,58.39,8.01535E+12,6
10Q31054012GD,CIL ASIX P8 CA 5+1 METALNOVA,2833,51.38,8.01535E+12,6
10Q31054012SD,CIL ASIX P8 CA 5+1,2833,51.38,8.01535E+12,6
10Q31056012SD,CIL ASIX P8 CA 5+1,2833,51.38,8.01535E+12,6
10Q31060012SD,CIL ASIX P8 CA 5+1,2833,58.39,8.01535E+12,6
10Q31064012CFC5,CIL ASIX P8 CA 5+1 CONF.IND.,2833,50.2,8.01535E+12,15
10Q31066012SD,CIL ASIX P8 CA 5+1,2833,58.39,8.01535E+12,6
10Q31070012SD,CIL ASIX P8 CA 5+1,2833,53.72,8.01535E+12,6
10Q31071012GD,CIL ASIX P8 CA 5+1 METALNOVA,2833,58.39,8.01535E+12,1
10Q31074012GD,CIL ASIX P8 CA 5+1 METALNOVA,2833,58.39,8.01535E+12,1
10Q3110600000C5,CIL.ASIX P8 FRIZ 28/34,2836,42.63,8.01535E+12,1
10Q31106012,CIL.ASIX P8 FRIZ 28/34 N,2836,33.27,8.01535E+12,6
10Q3110601200C5,CIL.ASIX P8 FRIZ 28/34 N,2836,42.63,8.01535E+12,6
10Q31106012CPC5,CIL.ASIX P8 FRIZ 28/34 N,2836,52.62,8.01535E+12,6
10Q311070,CIL.ASIX P8 FRIZ 30/30,2836,31.54,8.01535E+12,6
10Q3110700000C5,CIL.ASIX P8 FRIZ 30/30,2836,40.88,8.01535E+12,6
10Q31107012,CIL.ASIX P8 FRIZ 30/30 N,2836,31.54,8.01535E+12,6
10Q3110701200C5,CIL.ASIX P8 FRIZ 30/30 N,2836,40.88,8.01535E+12,6
10Q3110701291,CIL. P8 FRIZ 30/30 N SMONTATO,2838,25.7,8.01535E+12,6
10Q3110701291PP,CIL. P8 FRIZ 30/30 N SMONTATO,2838,35.13,8.01535E+12,6
10Q31107012CP,CIL.ASIX P8 FRIZ 30/30 N,2836,40.97,8.01535E+12,6
10Q31107012CPC5,CIL.ASIX P8 FRIZ 30/30 N,2836,50.35,8.01535E+12,6
10Q31107012LH,CIL.ASIX P8 FRIZ 30/30 KA 333333,2836,27.11,8.01535E+12,30
10Q31107012LHPP,CIL.ASIX P8 FRIZ 30/30 KA 333333,2836,35.25,8.01535E+12,30
10Q31107012PF,CIL DOPPIO ASIX P8 60 30/30 5 CHIAVI BLISTERATO,2839,42.95,8.01535E+12,1
10Q31109012,CIL.ASIX P8 FRIZ 28/36 N,2836,33.27,8.01535E+12,6
10Q3110901200C5,CIL.ASIX P8 FRIZ 28/36 N,2836,42.63,8.01535E+12,6
10Q31110012,CIL.ASIX P8 FRIZ 33/33 N,2836,33.27,8.01535E+12,6
10Q3111001200C5,CIL.ASIX P8 FRIZ 33/33 N,2836,42.63,8.01535E+12,6
10Q31111012,CIL.ASIX P8 FRIZ 28/43 N,2836,36.79,8.01535E+12,6
10Q3111101200C5,CIL.ASIX P8 FRIZ 28/43 N,2836,46.12,8.01535E+12,6
10Q311120,CIL.ASIX P8 FRIZ 40/30,2836,35.04,8.01535E+12,6
10Q3111200000C5,CIL.ASIX P8 FRIZ 40/30,2836,44.36,8.01535E+12,6
10Q31112012,CIL.ASIX P8 FRIZ 40/30 N,2836,35.04,8.01535E+12,6
10Q3111201200C5,CIL.ASIX P8 FRIZ 40/30 N,2836,44.36,8.01535E+12,6
10Q3111201291,CIL. P8 FRIZ 40/30 N SMONTATO,2838,29.18,8.01535E+12,6
10Q3111201291PP,CIL. P8 FRIZ 40/30 N SMONTATO,2838,39.71,8.01535E+12,6
10Q31112012CP,CIL.ASIX P8 FRIZ 40/30 N,2836,45.55,8.01535E+12,6
10Q31112012CPC5,CIL.ASIX P8 FRIZ 40/30 N,2836,54.91,8.01535E+12,6
10Q31112012LH,CIL.ASIX P8 FRIZ 40/30 KA 333333,2836,30.61,8.01535E+12,30
10Q31112012LHPP,CIL.ASIX P8 FRIZ 40/30 KA 333333,2836,39.8,8.01535E+12,30
10Q31112012PF,CIL DOPPIO ASIX P8 70 40/30 5 CHIAVI BLISTERATO,2839,46.26,8.01535E+12,1
10Q311130,CIL.ASIX P8 FRIZ 35/35,2836,35.04,8.01535E+12,6
10Q3111300000C5,CIL.ASIX P8 FRIZ 35/35,2836,44.36,8.01535E+12,6
10Q31113012,CIL.ASIX P8 FRIZ 35/35 N,2836,35.04,8.01535E+12,6
10Q3111301200C5,CIL.ASIX P8 FRIZ 35/35 N,2836,44.36,8.01535E+12,6
10Q3111301291,CIL. P8 FRIZ 35/35 N SMONTATO,2838,29.18,8.01535E+12,6
10Q3111301291PP,CIL. P8 FRIZ 35/35 N SMONTATO,2838,39.71,8.01535E+12,6
10Q31113012CP,CIL.ASIX P8 FRIZ 35/35 N,2836,45.55,8.01535E+12,6
10Q31113012CPC5,CIL.ASIX P8 FRIZ 35/35 N,2836,54.91,8.01535E+12,6
10Q31113012LH,CIL.ASIX P8 FRIZ 35/35 KA 333333,2836,30.61,8.01535E+12,30
10Q31113012PF,CIL DOPPIO ASIX P8 70 35/35 5 CHIAVI BLISTERATO,2839,46.26,8.01535E+12,1
10P3S7A3066,CIL. POM.RASABILE AP4 SIGILLO L.95=65-30,3875,203.84,0,1
10Q3111700000C5,CIL.ASIX P8 FRIZ 30/50,2836,47.88,8.01535E+12,6
10Q31117012,CIL.ASIX P8 FRIZ 30/50 N,2836,38.54,8.01535E+12,6
10Q3111701200C5,CIL.ASIX P8 FRIZ 30/50 N,2836,47.88,8.01535E+12,6
10Q3111701291,CIL. P8 FRIZ 30/50 N SMONTATO,2838,32.69,8.01535E+12,6
10Q3111701291PP,CIL. P8 FRIZ 30/50 N SMONTATO,2838,44.26,8.01535E+12,6
10Q31117012CP,CIL.ASIX P8 FRIZ 30/50 N,2836,50.11,8.01535E+12,6
10Q31117012CPC5,CIL.ASIX P8 FRIZ 30/50 N,2836,59.44,8.01535E+12,6
10Q31117012LH,CIL.ASIX P8 FRIZ 30/50 KA 333333,2836,34.11,0,30
10Q31117012PF,CIL DOPPIO ASIX P8 80 30/50 5 CHIAVI BLISTERATO,2839,50.59,8.01535E+12,1
10Q311180,CIL.ASIX P8 FRIZ 40/40,2836,38.54,8.01535E+12,6
10Q3111800000C5,CIL.ASIX P8 FRIZ 40/40,2836,47.88,8.01535E+12,6
10Q31118012,CIL.ASIX P8 FRIZ 40/40 N,2836,38.54,8.01535E+12,6
10Q3111801200C5,CIL.ASIX P8 FRIZ 40/40 N,2836,47.88,8.01535E+12,6
10Q3111801291,CIL. P8 FRIZ 40/40 N SMONTATO,2838,32.69,8.01535E+12,6
10Q3111801291PP,CIL. P8 FRIZ 40/40 N SMONTATO,2838,44.26,8.01535E+12,6
10Q31118012CP,CIL.ASIX P8 FRIZ 40/40 N,2836,50.11,8.01535E+12,6
10Q31118012CPC5,CIL.ASIX P8 FRIZ 40/40 N,2836,59.44,8.01535E+12,6
10Q31118012LH,CIL.ASIX P8 FRIZ 40/40 KA 333333,2836,34.1,8.01535E+12,30
10Q31118012PF,CIL DOPPIO ASIX P8 80 40/40 5 CHIAVI BLISTERATO,2839,50.59,8.01535E+12,1
10Q3111900000C5,CIL.ASIX P8 FRIZ 35/45,2836,47.88,8.01535E+12,6
10Q31119012,CIL.ASIX P8 FRIZ 35/45 N,2836,38.54,8.01535E+12,6
10Q3111901200C5,CIL.ASIX P8 FRIZ 35/45 N,2836,47.88,8.01535E+12,6
10Q3111901291,CIL. P8 FRIZ 35/45 N SMONTATO,2838,32.69,8.01535E+12,6
10Q3111901291PP,CIL. P8 FRIZ 35/45 N SMONTATO,2838,44.26,8.01535E+12,6
10Q31119012CP,CIL.ASIX P8 FRIZ 35/45 N,2836,50.11,8.01535E+12,6
10Q31119012CPC5,CIL.ASIX P8 FRIZ 35/45 N,2836,59.44,8.01535E+12,6
10Q31119012LH,CIL.ASIX P8 FRIZ 35/45 KA 333333,2836,34.1,8.01535E+12,30
10Q31119012LHPP,CIL.ASIX P8 FRIZ 35/45 KA 333333,2836,44.34,8.01535E+12,30
10Q3112000000C5,CIL.ASIX P8 FRIZ 30/60,2836,52.56,8.01535E+12,6
10Q31120012,CIL.ASIX P8 FRIZ 30/60 N,2836,43.23,8.01535E+12,6
10Q3112001200C5,CIL.ASIX P8 FRIZ 30/60 N,2836,52.56,8.01535E+12,6
10Q3112001291,CIL. P8 FRIZ 30/60 N SMONTATO,2838,37.36,8.01535E+12,6
10Q3112001291PP,CIL. P8 FRIZ 30/60 N SMONTATO,2838,50.34,8.01535E+12,6
10Q31120012CP,CIL.ASIX P8 FRIZ 30/60 N,2836,56.17,8.01535E+12,6
10Q31120012CPC5,CIL.ASIX P8 FRIZ 30/60 N,2836,65.52,8.01535E+12,6
10Q31120012LH,CIL.ASIX P8 FRIZ 30/60 KA 333333,2836,38.8,8.01535E+12,25
10Q31120012LHPP,CIL.ASIX P8 FRIZ 30/60 KA 333333,2836,50.43,8.01535E+12,25
10Q31120012PF,CIL DOPPIO ASIX P8 90 30/60 5 CH BLISTERATO,2839,55.06,8.01535E+12,1
10Q3112100000C5,CIL.ASIX P8 FRIZ 40/50,2836,52.56,8.01535E+12,6
10Q31121012,CIL.ASIX P8 FRIZ 40/50 N,2836,43.23,8.01535E+12,6
10Q3112101200C5,CIL.ASIX P8 FRIZ 40/50 N,2836,52.56,8.01535E+12,6
10Q3112101291,CIL. P8 FRIZ 40/50 N SMONTATO,2838,37.36,8.01535E+12,6
10Q3112101291PP,CIL. P8 FRIZ 40/50 N SMONTATO,2838,50.34,8.01535E+12,6
10Q31121012CP,CIL.ASIX P8 FRIZ 40/50 N,2836,56.17,8.01535E+12,6
10Q31121012CPC5,CIL.ASIX P8 FRIZ 40/50 N,2836,65.52,8.01535E+12,6
10Q31121012PF,CIL DOPPIO ASIX P8 90 40/50 5 CHIAVI BLISTERATO,2839,55.06,8.01535E+12,1
10Q3112200000C5,CIL.ASIX P8 FRIZ 35/65 N,2836,57.23,8.01535E+12,6
10Q31122012,CIL.ASIX P8 FRIZ 35/65 N,2836,47.88,8.01535E+12,6
10Q3112201200C5,CIL.ASIX P8 FRIZ 35/65 N,2836,57.23,8.01535E+12,6
10Q3112201291,CIL. P8 FRIZ 35/65 N SMONTATO,2838,42.03,8.01535E+12,6
10Q3112201291PP,CIL. P8 FRIZ 35/65 N SMONTATO,2838,56.4,8.01535E+12,6
10Q31122012CP,CIL.ASIX P8 FRIZ 35/65 N,2836,62.25,8.01535E+12,6
10Q31122012CPC5,CIL.ASIX P8 FRIZ 35/65 N,2836,71.57,8.01535E+12,6
10Q311230,CIL.ASIX P8 FRIZ 50/50,2836,47.88,8.01535E+12,6
10Q3112300000C5,CIL.ASIX P8 FRIZ 50/50 N,2836,57.23,8.01535E+12,6
10Q31123012,CIL.ASIX P8 FRIZ 50/50 N,2836,47.88,8.01535E+12,6
10Q3112301200C5,CIL.ASIX P8 FRIZ 50/50 N,2836,57.23,8.01535E+12,6
10Q3112301291,CIL. P8 FRIZ 50/50 N SMONTATO,2838,42.03,8.01535E+12,6
10Q31123012CP,CIL.ASIX P8 FRIZ 50/50 N,2836,62.25,8.01535E+12,6
10Q31123012CPC5,CIL.ASIX P8 FRIZ 50/50 N,2836,71.57,8.01535E+12,6
10Q31124012,CIL.ASIX P8 FRIZ 30/70 N,2836,47.88,8.01535E+12,6
10Q3112401200C5,CIL.ASIX P8 FRIZ 30/70 N,2836,57.23,8.01535E+12,6
10Q3112401291,CIL. P8 FRIZ 30/70 N SMONTATO,2838,42.03,8.01535E+12,6
10Q3112401291PP,CIL. P8 FRIZ 30/70 N SMONTATO,2838,56.4,8.01535E+12,6
10Q31124012CP,CIL.ASIX P8 FRIZ 30/70 N,2836,62.25,8.01535E+12,6
10Q31124012CPC5,CIL.ASIX P8 FRIZ 30/70 N,2836,71.57,8.01535E+12,6
10Q3112500000C5,CIL.ASIX P8 FRIZ 40/60 N,2836,57.23,8.01535E+12,6
10Q31125012,CIL.ASIX P8 FRIZ 40/60 N,2836,47.88,8.01535E+12,6
10Q3112501200C5,CIL.ASIX P8 FRIZ 40/60 N,2836,57.23,8.01535E+12,6
10Q3112501291,CIL. P8 FRIZ 40/60 N SMONTATO,2838,42.03,8.01535E+12,6
10Q31125012CP,CIL.ASIX P8 FRIZ 40/60 N,2836,62.25,8.01535E+12,6
10Q31125012LH,CIL.ASIX P8 FRIZ 40/60 KA 333333,2836,43.47,8.01535E+12,25
10Q31125012LHPP,CIL.ASIX P8 FRIZ 40/60 KA 333333,2836,56.51,8.01535E+12,25
10Q31125012PF,CIL DOPPIO ASIX P8 100 40/60 5 CH BLISTERATO,2839,59.49,8.01535E+12,1
10Q3112600000C5,CIL.ASIX P8 FRIZ 30/35 N,2836,42.63,8.01535E+12,6
10Q31126012,CIL.ASIX P8 FRIZ 30/35 N,2836,33.27,8.01535E+12,6
10Q3112601200C5,CIL.ASIX P8 FRIZ 30/35 N,2836,42.63,8.01535E+12,6
10Q3112601291,CIL. P8 FRIZ 30/35 N SMONTATO,2838,27.43,8.01535E+12,6
10Q3112601291PP,CIL. P8 FRIZ 30/35 N SMONTATO,2838,37.42,8.01535E+12,6
10Q31126012CP,CIL.ASIX P8 FRIZ 30/35 N,2836,43.27,8.01535E+12,6
10Q31126012CPC5,CIL.ASIX P8 FRIZ 30/35 N,2836,52.62,8.01535E+12,6
10Q31126012LH,CIL.ASIX P8 FRIZ 30/35 KA 333333,2836,28.85,8.01535E+12,30
10Q31126012LHPP,CIL.ASIX P8 FRIZ 30/35 KA 333333,2836,37.51,8.01535E+12,30
10Q3112700000C5,CIL.ASIX P8 FRIZ 30/45,2836,46.12,8.01535E+12,6
10Q31127012,CIL.ASIX P8 FRIZ 30/45 N,2836,36.79,8.01535E+12,6
10Q3112701200C5,CIL.ASIX P8 FRIZ 30/45 N,2836,46.12,8.01535E+12,6
10Q3112701291,CIL. P8 FRIZ 30/45 N SMONTATO,2838,30.94,8.01535E+12,6
10Q3112701291PP,CIL. P8 FRIZ 30/45 N SMONTATO,2838,41.97,8.01535E+12,6
10Q31127012CP,CIL.ASIX P8 FRIZ 30/45 N,2836,47.81,8.01535E+12,6
10Q31127012CPC5,CIL.ASIX P8 FRIZ 30/45 N,2836,57.17,8.01535E+12,6
10Q3112800000C5,CIL.ASIX P8 FRIZ 35/40 N,2836,46.12,8.01535E+12,6
10Q31128012,CIL.ASIX P8 FRIZ 35/40 N,2836,36.79,8.01535E+12,6
10Q3112801200C5,CIL.ASIX P8 FRIZ 35/40 N,2836,46.12,8.01535E+12,6
10Q3112801291,CIL. P8 FRIZ 35/40 N SMONTATO,2838,30.94,8.01535E+12,6
10Q3112801291PP,CIL. P8 FRIZ 35/40 N SMONTATO,2838,41.97,8.01535E+12,6
10Q31128012CP,CIL.ASIX P8 FRIZ 35/40 N,2836,47.81,8.01535E+12,6
10Q31128012CPC5,CIL.ASIX P8 FRIZ 35/40 N,2836,57.17,8.01535E+12,6
10Q3112900000C5,CIL.ASIX P8 FRIZ 45/45 N,2836,52.56,8.01535E+12,6
10Q31129012,CIL.ASIX P8 FRIZ 45/45 N,2836,43.23,8.01535E+12,6
10Q3112901200C5,CIL.ASIX P8 FRIZ 45/45 N,2836,52.56,8.01535E+12,6
10Q3112901291,CIL. P8 FRIZ 45/45 N SMONTATO,2838,37.36,8.01535E+12,6
10Q3112901291PP,CIL. P8 FRIZ 45/45 N SMONTATO,2838,50.34,8.01535E+12,6
10Q31129012CP,CIL.ASIX P8 FRIZ 45/45 N,2836,56.17,8.01535E+12,6
10Q31129012CPC5,CIL.ASIX P8 FRIZ 45/45 N,2836,65.52,8.01535E+12,6
10Q31129012LH,CIL.ASIX P8 FRIZ 45/45 KA 333333,2836,38.8,8.01535E+12,25
10Q3113000000C5,CIL.ASIX P8 FRIZ 40/45 N,2836,50.21,8.01535E+12,6
10Q31130012,CIL.ASIX P8 FRIZ 40/45 N,2836,40.88,8.01535E+12,6
10Q3113001200C5,CIL.ASIX P8 FRIZ 40/45 N,2836,50.21,8.01535E+12,6
10Q3113001291,CIL. P8 FRIZ 40/45 N SMONTATO,2838,35.04,8.01535E+12,6
10Q3113001291PP,CIL. P8 FRIZ 40/45 N SMONTATO,2838,47.3,8.01535E+12,6
10Q31130012CP,CIL.ASIX P8 FRIZ 40/45 N,2836,53.15,8.01535E+12,6
10Q31130012CPC5,CIL.ASIX P8 FRIZ 40/45 N,2836,62.48,8.01535E+12,6
10Q31130012LH,CIL.ASIX P8 FRIZ 40/45 KA 333333,2836,36.46,8.01535E+12,25
10Q31130012LHPP,CIL.ASIX P8 FRIZ 40/45 KA 333333,2836,47.4,8.01535E+12,25
10Q3113100000C5,CIL.ASIX P8 FRIZ 35/50,2836,50.21,8.01535E+12,6
10Q31131012,CIL.ASIX P8 FRIZ 35/50 N,2836,40.88,8.01535E+12,6
10Q3113101200C5,CIL.ASIX P8 FRIZ 35/50 N,2836,50.21,8.01535E+12,6
10Q3113101291,CIL. P8 FRIZ 35/50 N SMONTATO,2838,35.04,8.01535E+12,6
10Q3113101291PP,CIL. P8 FRIZ 35/50 N SMONTATO,2838,47.3,8.01535E+12,6
10Q31131012CP,CIL.ASIX P8 FRIZ 35/50 N,2836,53.15,8.01535E+12,6
10Q31131012CPC5,CIL.ASIX P8 FRIZ 35/50 N,2836,62.48,8.01535E+12,6
10Q3113200000C5,CIL.ASIX P8 FRIZ 35/55 N,2836,52.56,8.01535E+12,6
10Q31132012,CIL.ASIX P8 FRIZ 35/55 N,2836,43.23,8.01535E+12,6
10Q3113201200C5,CIL.ASIX P8 FRIZ 35/55 N,2836,52.56,8.01535E+12,6
10Q3113201291,CIL. P8 FRIZ 35/55 N SMONTATO,2838,37.36,8.01535E+12,6
10Q3113201291PP,CIL. P8 FRIZ 35/55 N SMONTATO,2838,50.34,8.01535E+12,6
10Q31132012CP,CIL.ASIX P8 FRIZ 35/55 N,2836,56.17,8.01535E+12,6
10Q31132012CPC5,CIL.ASIX P8 FRIZ 35/55 N,2836,65.52,8.01535E+12,6
10Q31133012,CIL.ASIX P8 FRIZ 30/55 N,2836,40.88,8.01535E+12,6
10Q3113301200C5,CIL.ASIX P8 FRIZ 30/55 N,2836,50.21,8.01535E+12,6
10Q3113301291,CIL. P8 FRIZ 30/55 N SMONTATO,2838,35.04,8.01535E+12,6
10Q3113301291PP,CIL. P8 FRIZ 30/55 N SMONTATO,2838,47.3,8.01535E+12,6
10Q31133012CP,CIL.ASIX P8 FRIZ 30/55 N,2836,53.15,8.01535E+12,6
10Q31133012CPC5,CIL.ASIX P8 FRIZ 30/55 N,2836,62.48,8.01535E+12,6
10Q3113500000C5,CIL.ASIX P8 FRIZ 40/70 N,2836,61.89,8.01535E+12,6
10Q31135012,CIL.ASIX P8 FRIZ 40/70 N,2836,52.56,8.01535E+12,6
10Q3113501200C5,CIL.ASIX P8 FRIZ 40/70 N,2836,61.89,8.01535E+12,6
10Q3113501291,CIL. P8 FRIZ 40/70 N SMONTATO,2838,46.7,8.01535E+12,6
10Q31135012CP,CIL.ASIX P8 FRIZ 40/70 N,2836,68.31,8.01535E+12,6
10Q3113600000C5,CIL.ASIX P8 FRIZ 50/60 N,2836,61.89,8.01535E+12,6
10Q31136000SN,CIL.P8 FR 50/60 CONF.IND.,2836,52.39,8.01535E+12,6
10Q31136012,CIL.ASIX P8 FRIZ 50/60 N,2836,52.56,8.01535E+12,6
10Q3113601200C5,CIL.ASIX P8 FRIZ 50/60 N,2836,61.89,8.01535E+12,6
10Q3113601291,CIL. P8 FRIZ 50/60 N SMONTATO,2838,46.7,8.01535E+12,6
10Q31136012CP,CIL.ASIX P8 FRIZ 50/60 N,2836,68.31,8.01535E+12,6
10Q31136012SN,CIL.P8 FR 50/60 CONF.IND.,2836,52.39,8.01535E+12,6
10Q31137012,CIL.ASIX P8 FRIZ 30/80 N,2836,52.56,8.01535E+12,6
10Q3113701200C5,CIL.ASIX P8 FRIZ 30/80 N,2836,61.89,8.01535E+12,6
10Q3113701291,CIL. P8 FRIZ 30/80 N SMONTATO,2838,46.7,8.01535E+12,6
10Q31137012CP,CIL.ASIX P8 FRIZ 30/80 N,2836,68.31,8.01535E+12,6
10Q31137012CPC5,CIL.ASIX P8 FRIZ 30/80 N,2836,77.64,8.01535E+12,6
10Q31138012,CIL.ASIX P8 FRIZ 35/60 N,2836,45.56,8.01535E+12,6
10Q3113801200C5,CIL.ASIX P8 FRIZ 35/60 N,2836,54.91,8.01535E+12,6
10Q3113801291,CIL. P8 FRIZ 35/60 N SMONTATO,2838,39.71,8.01535E+12,6
10Q3113801291PP,CIL. P8 FRIZ 35/60 N SMONTATO,2838,53.36,8.01535E+12,6
10Q31138012CP,CIL.ASIX P8 FRIZ 35/60 N,2836,59.21,8.01535E+12,6
10Q31138012LH,CIL.ASIX P8 FRIZ 35/60 KA 333333,2836,41.13,8.01535E+12,25
10Q31138012LHPP,CIL.ASIX P8 FRIZ 35/60 KA 333333,2836,53.45,8.01535E+12,25
10Q31139000SN,CIL.P8 FR 45/50 CONF.IND.,2836,47.14,8.01535E+12,6
10Q31139012,CIL.ASIX P8 FRIZ 45/50 N,2836,45.56,8.01535E+12,6
10Q3113901200C5,CIL.ASIX P8 FRIZ 45/50 N,2836,54.91,8.01535E+12,6
10Q3113901291,CIL. P8 FRIZ 45/50 N SMONTATO,2838,39.71,8.01535E+12,6
10Q3113901291PP,CIL. P8 FRIZ 45/50 N SMONTATO,2838,53.36,8.01535E+12,6
10Q31139012CP,CIL.ASIX P8 FRIZ 45/50 N,2836,59.21,8.01535E+12,6
10Q31139012LH,CIL.ASIX P8 FRIZ 45/50 KA 333333,2836,41.13,8.01535E+12,25
10Q31139012LHPP,CIL.ASIX P8 FRIZ 45/50 KA 333333,2836,53.45,8.01535E+12,25
10Q31139012SN,CIL.P8 FR 45/50 CONF.IND.,2836,47.14,8.01535E+12,6
10Q3114000000C5,CIL.ASIX P8 FRIZ 60/60 N,2836,66.57,8.01535E+12,6
10Q31140012,CIL.ASIX P8 FRIZ 60/60 N,2836,57.23,8.01535E+12,6
10Q3114001200C5,CIL.ASIX P8 FRIZ 60/60 N,2836,66.57,8.01535E+12,6
10Q3114001291,CIL. P8 FRIZ 60/60 N SMONTATO,2838,51.38,8.01535E+12,6
10Q31140012CP,CIL.ASIX P8 FRIZ 60/60 N,2836,74.39,8.01535E+12,6
10Q31141012,CIL.ASIX P8 FRIZ 30/65 N,2836,45.56,8.01535E+12,6
10Q3114101200C5,CIL.ASIX P8 FRIZ 30/65 N,2836,54.91,8.01535E+12,6
10Q3114101291,CIL. P8 FRIZ 30/65 N SMONTATO,2838,39.71,8.01535E+12,6
10Q3114101291PP,CIL. P8 FRIZ 30/65 N SMONTATO,2838,53.36,8.01535E+12,6
10Q31141012CP,CIL.ASIX P8 FRIZ 30/65 N,2836,59.21,8.01535E+12,6
10Q31141012CPC5,CIL.ASIX P8 FRIZ 30/65 N,2836,68.56,8.01535E+12,6
10Q3114200000C5,CIL.ASIX P8 FRIZ 40/55 N,2836,54.89,8.01535E+12,6
10Q31142012,CIL.ASIX P8 FRIZ 40/55 N,2836,45.56,8.01535E+12,6
10Q3114201200C5,CIL.ASIX P8 FRIZ 40/55 N,2836,54.89,8.01535E+12,6
10Q3114201291,CIL. P8 FRIZ 40/55 N SMONTATO,2838,39.71,8.01535E+12,6
10Q3114201291PP,CIL. P8 FRIZ 40/55 N SMONTATO,2838,53.36,8.01535E+12,6
10Q31142012CP,CIL.ASIX P8 FRIZ 40/55 N,2836,59.21,8.01535E+12,6
10Q31142012LH,CIL.ASIX P8 FRIZ 40/55 KA 333333,2836,41.13,8.01535E+12,25
10Q31142012LHPP,CIL.ASIX P8 FRIZ 40/55 KA 333333,2836,53.45,8.01535E+12,25
10Q3114300000C5,CIL.ASIX P8 FRIZ 45/55 N,2836,57.23,8.01535E+12,6
10Q31143012,CIL.ASIX P8 FRIZ 45/55 N,2836,47.88,8.01535E+12,6
10Q3114301200C5,CIL.ASIX P8 FRIZ 45/55 N,2836,57.23,8.01535E+12,6
10Q3114301291,CIL. P8 FRIZ 45/55 N SMONTATO,2838,42.03,8.01535E+12,6
10Q31143012CP,CIL.ASIX P8 FRIZ 45/55 N,2836,62.25,8.01535E+12,6
10Q31144012,CIL.ASIX P8 FRIZ 40/65 N,2836,50.21,8.01535E+12,6
10Q3114401200C5,CIL.ASIX P8 FRIZ 40/65 N,2836,59.56,8.01535E+12,6
10Q3114401291,CIL. P8 FRIZ 40/65 N SMONTATO,2838,44.36,8.01535E+12,6
10Q31144012CP,CIL.ASIX P8 FRIZ 40/65 N,2836,65.28,8.01535E+12,6
10Q31145012,CIL.ASIX P8 FRIZ 45/65 N,2836,52.56,8.01535E+12,6
10Q3114501200C5,CIL.ASIX P8 FRIZ 45/65 N,2836,61.89,8.01535E+12,6
10Q3114501291,CIL. P8 FRIZ 45/65 N SMONTATO,2838,46.7,8.01535E+12,6
10Q31145012CP,CIL.ASIX P8 FRIZ 45/65 N,2836,68.31,8.01535E+12,6
10Q31149012,CIL.ASIX P8 FRIZ 35/70 N,2836,50.21,8.01535E+12,6
10Q3114901200C5,CIL.ASIX P8 FRIZ 35/70 N,2836,59.56,8.01535E+12,6
10Q3114901291,CIL. P8 FRIZ 35/70 N SMONTATO,2838,44.36,8.01535E+12,6
10Q31149012CP,CIL.ASIX P8 FRIZ 35/70 N,2836,65.28,8.01535E+12,6
10Q31152012,CIL.ASIX P8 FRIZ 30/90 N,2836,57.23,8.01535E+12,6
10Q3115201200C5,CIL.ASIX P8 FRIZ 30/90 N,2836,66.57,8.01535E+12,6
10Q3115201291,CIL. P8 FRIZ 30/90 N SMONTATO,2838,51.38,8.01535E+12,6
10Q31152012CP,CIL.ASIX P8 FRIZ 30/90 N,2836,74.39,8.01535E+12,6
10Q31153012,CIL.ASIX P8 FRIZ 30/100 N,2836,64.23,8.01535E+12,6
10Q3115301200C5,CIL.ASIX P8 FRIZ 30/100 N,2836,73.56,8.01535E+12,6
10Q3115301291,CIL. P8 FRIZ 30/100 N SMONTATO,2838,58.38,8.01535E+12,6
10Q31153012CP,CIL.ASIX P8 FRIZ 30/100 N,2836,83.49,8.01535E+12,6
10Q31154012,CIL.ASIX P8 FRIZ 45/60 N,2836,50.21,8.01535E+12,6
10Q3115401200C5,CIL.ASIX P8 FRIZ 45/60 N,2836,59.56,8.01535E+12,6
10Q3115401291,CIL. P8 FRIZ 45/60 N SMONTATO,2838,44.36,8.01535E+12,6
10Q31154012CP,CIL.ASIX P8 FRIZ 45/60 N,2836,65.28,8.01535E+12,6
10Q31154012LH,CIL.ASIX P8 FRIZ 45/60 KA 333333,2836,45.79,8.01535E+12,20
10Q31154012LHPP,CIL.ASIX P8 FRIZ 45/60 KA 333333,2836,59.52,8.01535E+12,20
10Q31156012,CIL.ASIX P8 FRIZ 30/75 N,2836,50.21,8.01535E+12,6
10Q3115601200C5,CIL.ASIX P8 FRIZ 30/75 N,2836,59.55,8.01535E+12,6
10Q3115601291,CIL. P8 FRIZ 30/75 N SMONTATO,2838,44.36,8.01535E+12,6
10Q31156012CP,CIL.ASIX P8 FRIZ 30/75 N,2836,65.28,8.01535E+12,6
10Q31157012,CIL.ASIX P8 FRIZ 35/75 N,2836,52.56,8.01535E+12,6
10Q3115701200C5,CIL.ASIX P8 FRIZ 35/75 N,2836,61.89,8.01535E+12,6
10Q3115701291,CIL. P8 FRIZ 35/75 N SMONTATO,2838,46.7,8.01535E+12,6
10Q31157012CP,CIL.ASIX P8 FRIZ 35/75 N,2836,68.31,8.01535E+12,6
10Q31159012,CIL.ASIX P8 FRIZ 40/75 N,2836,54.91,8.01535E+12,6
10Q3115901200C5,CIL.ASIX P8 FRIZ 40/75 N,2836,64.23,8.01535E+12,6
10Q3115901291,CIL. P8 FRIZ 40/75 N SMONTATO,2838,49.04,8.01535E+12,6
10Q31159012CP,CIL.ASIX P8 FRIZ 40/75 N,2836,71.35,8.01535E+12,6
10Q31160012,CIL.ASIX P8 FRIZ 40/80 N,2836,57.23,8.01535E+12,6
10Q3116001200C5,CIL.ASIX P8 FRIZ 40/80 N,2836,66.57,8.01535E+12,6
10Q3116001291,CIL. P8 FRIZ 40/80 N SMONTATO,2838,51.38,8.01535E+12,6
10Q31160012CP,CIL.ASIX P8 FRIZ 40/80 N,2836,74.39,8.01535E+12,6
10Q31161012,CIL.ASIX P8 FRIZ 45/70 N,2836,54.91,8.01535E+12,6
10Q3116101200C5,CIL.ASIX P8 FRIZ 45/70 N,2836,64.23,8.01535E+12,6
10Q3116101291,CIL. P8 FRIZ 45/70 N SMONTATO,2838,49.04,8.01535E+12,6
10Q31161012CP,CIL.ASIX P8 FRIZ 45/70 N,2836,71.35,8.01535E+12,6
10Q3116400000C5,CIL.ASIX P8 FRIZ 55/50 N,2836,59.55,8.01535E+12,6
10Q31164012,CIL.ASIX P8 FRIZ 55/50 N,2836,50.21,8.01535E+12,6
10Q3116401200C5,CIL.ASIX P8 FRIZ 55/50 N,2836,59.55,8.01535E+12,6
10Q3116401291,CIL. P8 FRIZ 55/50 N SMONTATO,2838,44.36,8.01535E+12,6
10Q31164012CP,CIL.ASIX P8 FRIZ 55/50 N,2836,65.28,8.01535E+12,6
10Q31165012,CIL.ASIX P8 FRIZ 50/65 N,2836,54.91,8.01535E+12,6
10Q3116501200C5,CIL.ASIX P8 FRIZ 50/65 N,2836,64.23,8.01535E+12,6
10Q3116501291,CIL. P8 FRIZ 50/65 N SMONTATO,2838,49.04,8.01535E+12,6
10Q31165012CP,CIL.ASIX P8 FRIZ 50/65 N,2836,71.35,8.01535E+12,6
10Q31166012,CIL.ASIX P8 FRIZ 50/70 N,2836,57.23,8.01535E+12,6
10Q3116601200C5,CIL.ASIX P8 FRIZ 50/70 N,2836,66.57,8.01535E+12,6
10Q3116601291,CIL. P8 FRIZ 50/70 N SMONTATO,2838,51.38,8.01535E+12,6
10Q31166012CP,CIL.ASIX P8 FRIZ 50/70 N,2836,74.39,8.01535E+12,6
10Q3117000000C5,CIL.ASIX P8 FRIZ 55/55 N,2836,61.89,8.01535E+12,6
10Q31170012,CIL.ASIX P8 FRIZ 55/55 N,2836,52.56,8.01535E+12,6
10Q3117001200C5,CIL.ASIX P8 FRIZ 55/55 N,2836,61.89,8.01535E+12,6
10Q3117001291,CIL. P8 FRIZ 55/55 N SMONTATO,2838,46.7,8.01535E+12,6
10Q31170012CP,CIL.ASIX P8 FRIZ 55/55 N,2836,68.31,8.01535E+12,6
10Q31171012,CIL.ASIX P8 FRIZ 55/60 N,2836,54.91,8.01535E+12,6
10Q3117101200C5,CIL.ASIX P8 FRIZ 55/60 N,2836,64.23,8.01535E+12,6
10Q3117101291,CIL. P8 FRIZ 55/60 N SMONTATO,2838,49.04,8.01535E+12,6
10Q31171012CP,CIL.ASIX P8 FRIZ 55/60 N,2836,71.35,8.01535E+12,6
10Q31177012,CIL.ASIX P8 FRIZ 30/85 N,2836,54.91,8.01535E+12,6
10Q3117701200C5,CIL.ASIX P8 FRIZ 30/85 N,2836,64.23,8.01535E+12,6
10Q3117701291,CIL. P8 FRIZ 30/85 N SMONTATO,2838,49.04,8.01535E+12,6
10Q31177012CP,CIL.ASIX P8 FRIZ 30/85 N,2836,71.35,8.01535E+12,6
10Q3120700000C5,CIL.ASIX P8 POM. 30/30 N,2836,42.04,8.01535E+12,6
10Q31207012,CIL.ASIX P8 POM. 30/30 N,2836,32.69,8.01535E+12,6
10Q3120701200C5,CIL.ASIX P8 POM. 30/30 N,2836,42.04,8.01535E+12,6
10Q31207012CP,CIL.ASIX P8 POM. 30/30 N,2836,42.51,8.01535E+12,6
10Q31210012,CIL.ASIX P8 POM. 33/33 N,2836,34.45,8.01535E+12,6
10Q31212012,CIL.ASIX P8 POM. 40/30 N,2836,36.2,8.01535E+12,6
10Q31212012CP,CIL.ASIX P8 POM. 40/30 N,2836,47.08,8.01535E+12,6
10Q3121300000C5,CIL.ASIX P8 POM. 35/35 N,2836,45.56,8.01535E+12,6
10Q31213012,CIL.ASIX P8 POM. 35/35 N,2836,36.2,8.01535E+12,6
10Q3121301200C5,CIL.ASIX P8 POM. 35/35 N,2836,45.56,8.01535E+12,6
10Q31213012CP,CIL.ASIX P8 POM. 35/35 N,2836,47.08,8.01535E+12,6
10Q31213012LH,CIL.ASIX P8 POM. 35/35 KA 333333,2836,31.78,8.01535E+12,25
10Q31213012LHPP,CIL.ASIX P8 POM. 35/35 KA 333333,2836,41.31,8.01535E+12,25
10Q3121700000C5,CIL.ASIX P8 POM. 30/50 N,2836,49.04,8.01535E+12,6
10Q31217012,CIL.ASIX P8 POM. 30/50 N,2836,39.72,8.01535E+12,6
10Q3121701200C5,CIL.ASIX P8 POM. 30/50 N,2836,49.04,8.01535E+12,6
10Q3121800000C5,CIL.ASIX P8 POM. 40/40 N,2836,49.04,8.01535E+12,6
10Q31218012,CIL.ASIX P8 POM. 40/40 N,2836,39.72,8.01535E+12,6
10Q3121801200C5,CIL.ASIX P8 POM. 40/40 N,2836,49.04,8.01535E+12,6
10Q31218012CP,CIL.ASIX P8 POM. 40/40 N,2836,51.6,8.01535E+12,6
10Q3121900000C5,CIL.ASIX P8 POM. 35/45 N,2836,49.04,8.01535E+12,6
10Q31219012,CIL.ASIX P8 POM. 35/45 N,2836,39.72,8.01535E+12,6
10Q3121901200C5,CIL.ASIX P8 POM. 35/45 N,2836,49.04,8.01535E+12,6
10Q31220012,CIL.ASIX P8 POM. 30/60 N,2836,44.36,8.01535E+12,6
10Q3122001200C5,CIL.ASIX P8 POM. 30/60 N,2836,53.72,8.01535E+12,6
10Q31221012,CIL.ASIX P8 POM. 40/50 N,2836,44.36,8.01535E+12,6
10Q3122101200C5,CIL.ASIX P8 POM. 40/50 N,2836,53.72,8.01535E+12,6
10Q3122300000C5,CIL.ASIX P8 POM. 50/50 N,2836,58.39,8.01535E+12,6
10Q31223012,CIL.ASIX P8 POM. 50/50 N,2836,49.04,8.01535E+12,6
10Q3122301200C5,CIL.ASIX P8 POM. 50/50 N,2836,58.39,8.01535E+12,6
10Q31225012,CIL.ASIX P8 POM. 40/60 N,2836,49.04,8.01535E+12,6
10Q31226012,CIL.ASIX P8 POM. 30/35 N,2836,34.45,8.01535E+12,6
10Q31227012,CIL.ASIX P8 POM. 30/45 N,2836,37.95,8.01535E+12,6
10Q31228012,CIL.ASIX P8 POM. 35/40 N,2836,37.95,8.01535E+12,6
10Q3122900000C5,CIL.ASIX P8 POM. 45/45 N,2836,53.72,8.01535E+12,6
10Q31229012,CIL.ASIX P8 POM. 45/45 N,2836,44.36,8.01535E+12,6
10Q3122901200C5,CIL.ASIX P8 POM. 45/45 N,2836,53.72,8.01535E+12,6
10Q31229012CP,CIL.ASIX P8 POM. 45/45 N,2836,57.67,8.01535E+12,6
10Q31229012LH,CIL.ASIX P8 POM. 45/45 KA 333333,2836,39.95,8.01535E+12,20
10Q31229012LHPP,CIL.ASIX P8 POM. 45/45 KA 333333,2836,51.94,8.01535E+12,20
10Q31230012,CIL.ASIX P8 POM. 40/45 N,2836,42.04,8.01535E+12,6
10Q3123001200C5,CIL.ASIX P8 POM. 40/45 N,2836,51.38,8.01535E+12,6
10Q31239012,CIL.ASIX P8 POM. 45/50 N,2836,46.71,8.01535E+12,6
10Q31254012,CIL.ASIX P8 POM. 45/60 N,2836,51.38,8.01535E+12,6
10Q31270012,CIL.ASIX P8 POM. 55/55 N,2836,53.72,8.01535E+12,6
10Q31281012,CIL.ASIX P8 POM. 35/30 N,2836,34.45,8.01535E+12,6
10Q31281012CP,CIL.ASIX P8 POM. 35/30 N,2836,44.77,8.01535E+12,6
10Q31282012,CIL.ASIX P8 POM. 30/40 N,2836,36.2,8.01535E+12,6
10Q3128201200C5,CIL.ASIX P8 POM. 30/40 N,2836,45.56,8.01535E+12,6
10Q31282012SD,CIL.ASIX P8 POM. 30/40 N CA 5+1,2836,39.59,8.01535E+12,6
10Q31283012,CIL.ASIX P8 POM. 40/35 N,2836,37.95,8.01535E+12,6
10Q31283012CP,CIL.ASIX P8 POM. 40/35 N,2836,49.35,8.01535E+12,6
10Q31291012,CIL.ASIX P8 POM. 45/30 N,2836,37.95,8.01535E+12,6
10Q3129101200C5,CIL.ASIX P8 POM. 45/30 N,2836,47.27,8.01535E+12,6
10Q31291012CP,CIL.ASIX P8 POM. 45/30 N,2836,49.35,8.01535E+12,6
10Q31298012,CIL.ASIX P8 POM. 55/40 N,2836,46.71,8.01535E+12,6
10Q3140200000C5,1/2 CIL. ASIX P8 30/10 N,2836,35.04,8.01535E+12,6
10Q31402012,1/2 CIL. ASIX P8 30/10 N,2836,25.71,8.01535E+12,6
10Q3140201200C5,1/2 CIL. ASIX P8 30/10 N,2836,35.04,8.01535E+12,6
10Q3140201291,1/2 CIL. P8 30/10 N SMONTATO,2838,21.24,8.01535E+12,6
10Q31402012CP,1/2 CIL. ASIX P8 30/10 N,2836,33.42,8.01535E+12,6
10Q31402012LH,1/2 CIL. ASIX P8 30/10 KA 333333,2836,21.28,8.01535E+12,30
10Q31402012LHPP,1/2 CIL. ASIX P8 30/10 KA 333333,2836,27.66,8.01535E+12,30
10Q31402012NV,1/2 CIL.ASIX P8 CA 1+2,2833,25.71,8.01535E+12,6
10Q31402012NVKA,1/2 CIL.ASIX P8 CA KA 1+1,2833,21.01,8.01535E+12,6
10Q31402012NVSK,1/2 ASIX P8 CA KA 1+1 48 PZ,2833,21.01,8.01535E+12,48
10Q3140300000C5,1/2 CIL. ASIX P8 40/10 N,2836,37.36,8.01535E+12,6
10Q31403012,1/2 CIL. ASIX P8 40/10 N,2836,28.03,8.01535E+12,6
10Q3140301200C5,1/2 CIL. ASIX P8 40/10 N,2836,37.36,8.01535E+12,6
10Q3140301291,1/2 CIL. P8 40/10 N SMONTATO,2838,23.59,8.01535E+12,6
10Q31403012CP,1/2 CIL. ASIX P8 40/10 N,2836,36.44,8.01535E+12,6
10Q31403012NV,1/2 CIL.ASIX P8 CA 1+2,2833,28.03,8.01535E+12,6
10Q31403012NVKA,1/2 CIL.ASIX P8 CA KA 1+1,2833,25.71,8.01535E+12,6
10Q3140400000C5,1/2 CIL. ASIX P8 50/10 N,2836,40.88,8.01535E+12,6
10Q31404012,1/2 CIL. ASIX P8 50/10 N,2836,31.54,8.01535E+12,6
10Q3140401200C5,1/2 CIL. ASIX P8 50/10 N,2836,40.88,8.01535E+12,6
10Q3140401291,1/2 CIL. P8 50/10 N SMONTATO,2838,27.08,8.01535E+12,6
10Q31404012CP,1/2 CIL. ASIX P8 50/10 N,2836,40.97,8.01535E+12,6
10Q31405012,1/2 CIL. ASIX P8 60/10 N,2836,35.04,8.01535E+12,6
10Q3140501200C5,1/2 CIL. ASIX P8 60/10 N,2836,44.36,8.01535E+12,6
10Q3140501291,1/2 CIL. P8 60/10 N SMONTATO,2838,30.6,8.01535E+12,6
10Q31405012CP,1/2 CIL. ASIX P8 60/10 N,2836,45.55,8.01535E+12,6
10Q31406012,1/2 CIL. ASIX P8 70/10 N,2836,38.54,8.01535E+12,6
10Q3140601200C5,1/2 CIL. ASIX P8 70/10 N,2836,47.88,8.01535E+12,6
10Q3140601291,1/2 CIL. P8 70/10 N SMONTATO,2838,34.07,8.01535E+12,6
10Q31406012CP,1/2 CIL. ASIX P8 70/10 N,2836,50.11,8.01535E+12,6
10Q31407012,1/2 CIL. ASIX P8 35/10 N,2836,26.87,8.01535E+12,6
10Q3140701200C5,1/2 CIL. ASIX P8 35/10 N,2836,36.2,8.01535E+12,6
10Q3140701291,1/2 CIL. P8 35/10 N SMONTATO,2838,22.42,8.01535E+12,6
10Q31407012CP,1/2 CIL. ASIX P8 35/10 N,2836,34.91,8.01535E+12,6
10Q31407012NVKA,1/2 CIL.ASIX P8 CA KA 1+1,2833,23.35,8.01535E+12,6
10Q31408012,1/2 CIL. ASIX P8 45/10 N,2836,29.79,8.01535E+12,6
10Q3140801200C5,1/2 CIL. ASIX P8 45/10 N,2836,39.12,8.01535E+12,6
10Q3140801291,1/2 CIL. P8 45/10 N SMONTATO,2838,25.34,8.01535E+12,6
10Q31408012CP,1/2 CIL. ASIX P8 45/10 N,2836,38.71,8.01535E+12,6
10Q31413012,1/2 CIL. ASIX P8 95/10 N,2836,49.04,8.01535E+12,6
10Q3141301291,1/2 CIL. P8 95/10 N SMONTATO,2838,44.6,8.01535E+12,6
10Q31413012CP,1/2 CIL. ASIX P8 95/10 N,2836,63.75,8.01535E+12,6
10Q31418012,1/2 CIL. ASIX P8 25/10 N,2836,25.71,8.01535E+12,6
10Q3141801200C5,1/2 CIL. ASIX P8 25/10 N,2836,35.04,8.01535E+12,6
10Q3141801291,1/2 CIL. P8 25/10 N SMONTATO,2838,21.24,8.01535E+12,6
10Q31418012CP,1/2 CIL. ASIX P8 25/10 N,2836,33.42,8.01535E+12,6
10Q31418012NV,1/2 CIL.ASIX P8 CA 1+2,2833,25.71,8.01535E+12,6
10Q31418012NVKA,1/2 CIL.ASIX P8 CA KA 1+1,2833,21.01,8.01535E+12,6
10Q31418012NVSK,1/2 ASIX P8 CA KA 1+1 48 PZ,2833,21.01,8.01535E+12,6
10Q31420012,1/2 CIL. ASIX P8 80/10 N,2836,42.04,8.01535E+12,6
10Q3142001200C5,1/2 CIL. ASIX P8 80/10 N,2836,51.38,8.01535E+12,6
10Q3142001291,1/2 CIL. P8 80/10 N SMONTATO,2838,37.61,8.01535E+12,6
10Q31420012CP,1/2 CIL. ASIX P8 80/10 N,2836,54.65,8.01535E+12,6
10Q31421012,1/2 CIL. ASIX P8 65/10 N,2836,36.79,8.01535E+12,6
10Q3142101200C5,1/2 CIL. ASIX P8 65/10 N,2836,46.12,8.01535E+12,6
10Q3142101291,1/2 CIL. P8 65/10 N SMONTATO,2838,32.34,8.01535E+12,6
10Q31421012CP,1/2 CIL. ASIX P8 65/10 N,2836,47.81,8.01535E+12,6
10Q31435012,1/2 CIL. ASIX P8 55/10 N,2836,33.27,8.01535E+12,6
10Q3143501200C5,1/2 CIL. ASIX P8 55/10 N,2836,42.63,8.01535E+12,6
10Q3143501291,1/2 CIL. P8 55/10 N SMONTATO,2838,28.83,8.01535E+12,6
10Q31435012CP,1/2 CIL. ASIX P8 55/10 N,2836,43.27,8.01535E+12,6
10Q3170700000C5,CIL.ASIX P8 RAS. 30/30 N,2836,44.36,8.01535E+12,6
10Q31707000BB,CIL ASIX P8 CA 1+5 X MASTER,2833,38.54,8.01535E+12,1
10Q31707012,CIL.ASIX P8 RAS. 30/30 N,2836,35.04,8.01535E+12,6
10Q3170701200C5,CIL.ASIX P8 RAS. 30/30 N,2836,44.36,8.01535E+12,6
10Q31707012BB,CIL ASIX P8 CA 1+5 X MASTER,2833,38.54,8.01535E+12,1
10Q31707012CFC5,CIL ASIX P8 CA 5+1 CONF.IND.,2833,37.36,8.01535E+12,10
10Q31707012CP,CIL.ASIX P8 RAS. 30/30 N,2836,45.56,8.01535E+12,10
10Q31707012CPC5,CIL.ASIX P8 RAS. 30/30 N,2836,54.91,8.01535E+12,10
10Q31707012PF,CIL GAMBO RAS ASIX P8 60 30/30 5 CH BLISTERATO,2839,42.95,8.01535E+12,1
10Q31707012RH,CIL ASIX P8 CA 3+1,2833,33.74,8.01535E+12,10
10Q31707012RHC5,CIL ASIX P8 CA 5+1 (151211),2833,43.06,8.01535E+12,10
10Q31707012SD,CIL ASIX P8 CA 5+1,2833,38.54,8.01535E+12,6
10Q3171200000C5,CIL.ASIX P8 RAS. 40/30 N,2836,47.88,8.01535E+12,6
10Q31712000BB,CIL ASIX P8 CA 1+5 X MASTER,2833,40.88,8.01535E+12,1
10Q31712012,CIL.ASIX P8 RAS. 40/30 N,2836,38.54,8.01535E+12,6
10Q3171201200C5,CIL.ASIX P8 RAS. 40/30 N,2836,47.88,8.01535E+12,6
10Q31712012BB,CIL ASIX P8 CA 1+5 X MASTER,2833,40.88,8.01535E+12,1
10Q31712012CFC5,CIL ASIX P8 CA 5+1 CONF.IND.,2833,40.88,8.01535E+12,10
10Q31712012CPC5,CIL.ASIX P8 RAS. 40/30 N,2836,59.44,8.01535E+12,10
10Q31712012PF,CIL GAMBO RAS ASIX P8 70 30/40 5 CH BLISTERATO,2839,49.62,8.01535E+12,1
10Q31712012RH,CIL ASIX P8 CA 3+1 (151109),2833,37.26,8.01535E+12,10
10Q31712012RHC5,CIL ASIX P8 CA 5+1 (151112),2833,46.59,8.01535E+12,10
10Q31712012SD,CIL ASIX P8 CA 5+1,2833,42.04,8.01535E+12,6
10Q3178100000C5,CIL.ASIX P8 RAS. 35/30 N,2836,46.12,8.01535E+12,6
10Q31781012,CIL.ASIX P8 RAS. 35/30 N,2836,36.79,8.01535E+12,6
10Q3178101200C5,CIL.ASIX P8 RAS. 35/30 N,2836,46.12,8.01535E+12,6
10Q31781012CFC5,CIL ASIX P8 CA 5+1 CONF.IND.,2833,39.11,8.01535E+12,10
10Q31781012CPC5,CIL.ASIX P8 RAS. 35/30 N,2836,57.17,8.01535E+12,6
10Q31781012GD,CIL.ASIX P8 RAS. 35/30 N METALNOVA,2833,39.11,8.01535E+12,1
10Q31781012PF,CIL GAMBO RAS ASIX P8 65 35/30 5 CH BLISTERATO,2839,47.94,8.01535E+12,1
10Q31781012SD,CIL ASIX P8 CA 5+1,2833,40.28,8.01535E+12,6
10Q3178700000C5,CIL.ASIX P8 RAS. 60/30 N,2836,56.06,8.01535E+12,6
10Q31787000BB,CIL ASIX P8 CA 1+5 X MASTER,2833,46.71,8.01535E+12,1
10Q31787012,CIL.ASIX P8 RAS. 60/30 N,2836,46.71,8.01535E+12,6
10Q3178701200C5,CIL.ASIX P8 RAS. 60/30 N,2836,56.06,8.01535E+12,6
10Q31787012BB,CIL ASIX P8 CA 1+5 X MASTER,2833,46.71,8.01535E+12,1
10Q31787012CFC5,CIL ASIX P8 CA 5+1 CONF.IND.,2833,47.86,8.01535E+12,10
10Q31787012CPC5,CIL.ASIX P8 RAS. 60/30 N,2836,70.08,8.01535E+12,6
10Q31787012SD,CIL ASIX P8 CA 5+1,2833,49.04,8.01535E+12,6
10Q3178800000C5,CIL.ASIX P8 RAS. 70/30 N,2836,60.73,8.01535E+12,6
10Q31788012,CIL.ASIX P8 RAS. 70/30 N,2836,51.38,8.01535E+12,6
10Q3178801200C5,CIL.ASIX P8 RAS. 70/30 N,2836,60.73,8.01535E+12,6
10Q31788012CPC5,CIL.ASIX P8 RAS. 70/30 N,2836,76.14,8.01535E+12,6
10Q31788012SD,CIL ASIX P8 CA 5+1,2833,53.72,8.01535E+12,6
10Q3179000000C5,CIL.ASIX P8 RAS. 50/30 N,2836,51.38,8.01535E+12,6
10Q31790000BB,CIL ASIX P8 CA 1+5 X MASTER,2833,43.23,8.01535E+12,1
10Q31790012,CIL.ASIX P8 RAS. 50/30 N,2836,42.04,8.01535E+12,6
10Q3179001200C5,CIL.ASIX P8 RAS. 50/30 N,2836,51.38,8.01535E+12,6
10Q31790012BB,CIL ASIX P8 CA 1+5 X MASTER,2833,43.23,8.01535E+12,1
10Q31790012CFC5,CIL ASIX P8 CA 5+1 CONF.IND.,2833,44.36,8.01535E+12,10
10Q31790012CPC5,CIL.ASIX P8 RAS. 50/30 N,2836,64,8.01535E+12,6
10Q31790012RHC5,ASIX P8 PRO Cylinder 50/30 N C5 Adjustable Knob for Alias,2830,50.08,8.01535E+12,20
10Q31790012SD,CIL ASIX P8 CA 5+1,2833,45.56,8.01535E+12,6
10Q317910,CIL.ASIX P8 RAS. 45/30,2836,40.28,8.01535E+12,6
10Q31791012,CIL.ASIX P8 RAS. 45/30 N,2836,40.28,8.01535E+12,6
10Q3179101200C5,CIL.ASIX P8 RAS. 45/30 N,2836,49.65,8.01535E+12,6
10Q31791012CFC5,CIL ASIX P8 CA 5+1 CONF.IND.,2833,42.63,8.01535E+12,10
10Q31791012CPC5,CIL.ASIX P8 RAS. 45/30 N,2836,61.72,8.01535E+12,6
10Q31791012GD,CIL.ASIX P8 RAS. 45/30 N METALNOVA,2833,42.63,8.01535E+12,1
10Q31791012PF,CIL GAMBO RAS ASIX P8 75 45/30 5 CH BLISTERATO,2839,51.16,8.01535E+12,1
10Q31791012SD,CIL ASIX P8 CA 5+1,2833,43.8,8.01535E+12,6
10Q31792012,CIL.ASIX P8 RAS. 55/30 N,2836,44.36,8.01535E+12,6
10Q3179201200C5,CIL.ASIX P8 RAS. 55/30 N,2836,53.72,8.01535E+12,6
10Q31792012CPC5,CIL.ASIX P8 RAS. 55/30 N,2836,67.05,8.01535E+12,6
10Q31792012GD,CIL.ASIX P8 RAS. 55/30 N METALNOVA,2833,67.05,8.01535E+12,1
10Q31792012SD,CIL ASIX P8 CA 5+1,2833,47.31,8.01535E+12,6
10Q31793012,CIL.ASIX P8 RAS. 80/30 N,2836,56.06,8.01535E+12,6
10Q3179301200C5,CIL.ASIX P8 RAS. 80/30 N,2836,65.41,8.01535E+12,6
10Q31793012CPC5,CIL.ASIX P8 RAS. 80/30 N,2836,82.2,8.01535E+12,6
10Q31793012SD,CIL ASIX P8 CA 5+1,2833,58.39,8.01535E+12,6
10Q317A3012,CIL.ASIX P8 RAS. 65/30 N,2836,49.04,8.01535E+12,6
10Q317A301200C5,CIL.ASIX P8 RAS. 65/30 N,2836,58.39,8.01535E+12,6
10Q317A301291,CIL.ASIX P8 RAS. 65/30 N,2838,43.2,8.01535E+12,6
10Q317A3012CPC5,CIL.ASIX P8 RAS. 65/30 N,2836,73.1,8.01535E+12,6
10Q317A3012GD,CIL.ASIX P8 RAS. 65/30 N METALNOVA,2833,73.1,8.01535E+12,1
10Q317A3012SD,CIL ASIX P8 CA 5+1,2833,51.38,8.01535E+12,6
10Q317C6012,CIL.ASIX P8 RAS. 90/30 N,2836,60.73,8.01535E+12,6
10Q317C601200C5,CIL.ASIX P8 RAS. 90/30 N,2836,70.08,8.01535E+12,6
10Q317C7012,CIL.ASIX P8 RAS. 100/30 N,2836,67.73,8.01535E+12,6
10Q317C701200C5,CIL.ASIX P8 RAS. 100/30 N,2836,77.07,8.01535E+12,6
10Q41000012,CIL. FILETT.ASIX P8,2837,50.21,8.01535E+12,1
10Q4100001291,CIL. FILETT.ASIX P8 SMONTATO,2838,45.77,8.01535E+12,1
10Q41000012CP,CIL. FILETT.ASIX P8,2837,65.28,8.01535E+12,1
10Q41501012,CIL. MICRO ASIX P8,2837,105.1,8.01535E+12,1
10Q4150101200C5,10Q4150101200C5 : POM. AsixP8 100/30 N | n chiavi 5,2836,114.45,0,1
10Q41501012CP,CIL. MICRO ASIX P8,2837,136.63,8.01535E+12,1
10Q51000012,C500 ASIX P8,2837,40.88,8.01535E+12,1
10Q5100001200C5,C500 ASIX P8,2837,50.21,8.01535E+12,1
10Q5100001291,C500 ASIX P8 SMONTATO,2838,36.43,8.01535E+12,1
10Q51000012CP,C500 ASIX P8,2837,53.15,8.01535E+12,1
10Q610000,CIL.ASIX P8 X LUCCHETTI,2837,35.04,8.01535E+12,1
10Q6100000091,CIL.ASIX P8 X LUCCHETTI SMONTATO,2837,30.59,8.01535E+12,10
10Q61000000CP,CIL.ASIX P8 X LUCCHETTI,2837,45.55,8.01535E+12,1
10Q61010012,CIL.ASIX P8 X COMANDO EST.,2837,35.04,8.01535E+12,1
10Q6101001200C5,CIL.ASIX P8 X COMANDO EST.,2837,44.36,8.01535E+12,1
10Q61010012CP,CIL.ASIX P8 X COMANDO EST.,2837,45.55,8.01535E+12,1
10Q61012012,CIL.ASIX P8 X PREMI-APRI,2837,35.04,8.01535E+12,1
10Q61012012CP,CIL.ASIX P8 X PREMI-APRI,2837,45.55,8.01535E+12,1
10R11600012,COPPIA CIL.RS5 PER 50121,3882,251.47,8.01535E+12,1
10R12000012,COPPIA CIL.RS5 PER 11731,3882,251.47,8.01535E+12,1
10R14900012,COPPIA CIL.RS5 PER 11721,3882,251.47,8.01535E+12,1
10R15000012,COPPIA CIL.RS5 PER 1A631-1A721-1A731,3882,251.47,8.01535E+12,1
10R15600012,COPPIA CIL.RS5 PER 11670,3882,251.47,8.01535E+12,1
10R21055012,CIL.RS5 CON TUBO,3882,210.53,8.01535E+12,1
10R3M100012,COPPIA MODULI RS5,3885,206.08,8.01535E+12,1
10R3M10001200C5,COPPIA MODULI RS5,3885,261.05,8.01535E+12,1
10R3M10001200R3,COPPIA MODULI RS5 CIFRATURA RISERVATA,3885,206.08,8.01535E+12,1
10R3M10001200R5,COPPIA MODULI RS5 CIFRATURA RISERVATA,3885,261.05,8.01535E+12,1
10R3M100012SDR5,COPPIA MODULI RS5 CA 1+5 CIFR.RISERV.,3885,294.98,8.01535E+12,1
10Q311170,CIL.ASIX P8 FRIZ 30/50,2836,38.54,8.01535E+12,6
10R3M100012SMC5,COPPIA MODULI RS5 SMONTABILE C5,3885,261.05,8.01535E+12,1
10R3M100066,COPPIA MODULI RS5,3885,206.08,8.01535E+12,1
10R3M10006600C5,COPPIA MODULI RS5,3885,261.05,0,1
10R3M100012SM,COPPIA MODULI RS5 SMONTABILE,3885,206.08,8.01535E+12,1
10R3M100066SMC5,COPPIA MODULI RS5 SMONTABILE C5,3885,261.05,8.01535E+12,1
10R3M107012,CIL RS5 FRIZ 30/30 N,3880,222.23,8.01535E+12,1
10R3M10701200C5,CIL RS5 FRIZ 30/30 N,3880,277.2,8.01535E+12,1
10R3M10701200R3,CIL RS5 FRIZ 30/30 N CIFRATURA RISERVATA,3880,222.23,8.01535E+12,1
10R3M10701200R5,CIL RS5 30/30 CIFRATURA RISERVATA,3880,277.2,8.01535E+12,1
10R3M107012SD,CIL RS5 30/30 CA 1+5,3880,311.13,8.01535E+12,1
10R3M107012SDR5,CIL RS5 30/30 CA 1+5 CIFR.RISERV.,3880,311.13,8.01535E+12,1
10R3M107066,CIL RS5 FRIZ 30/30 L,3880,222.23,8.01535E+12,1
10R3M10706600C5,CIL RS5 FRIZ 30/30 L,3880,277.2,8.01535E+12,1
10R3M112012,CIL RS5 FRIZ 40/30 N,3880,245.63,8.01535E+12,1
10R3M11201200C5,CIL RS5 FRIZ 40/30 N,3880,300.6,8.01535E+12,1
10R3M11201200R3,CIL RS5 FRIZ 30/40 N CIFRATURA RISERVATA,3880,245.63,8.01535E+12,1
10R3M11201200R5,CIL RS5 40/30 CIFRATURA RISERVATA,3880,300.6,8.01535E+12,1
10R3M112012SD,CIL RS5 40/30 CA 1+5,3880,334.52,8.01535E+12,1
10R3M112012SDR5,CIL RS5 40/30 CA 1+5 CIFR.RISERV.,3880,334.52,8.01535E+12,1
10R3M11206600C5,CIL RS5 FRIZ 40/30 L,3880,300.6,8.01535E+12,1
10R3M113012,CIL RS5 FRIZ 35/35 N,3880,245.63,8.01535E+12,1
10R3M11301200C5,CIL RS5 FRIZ 35/35 N,3880,300.6,8.01535E+12,1
10R3M11301200R3,CIL RS5 FRIZ 35/35 N CIFRATURA RISERVATA,3880,245.63,8.01535E+12,1
10R3M11301200R5,CIL RS5 35/35 CIFRATURA RISERVATA,3880,300.6,8.01535E+12,1
10R3M113012SD,CIL RS5 35/35 CA 1+5,3880,334.52,8.01535E+12,1
10R3M113012SDR5,CIL RS5 35/35 CA 1+5 CIFR.RISERV.,3880,334.52,8.01535E+12,1
10R3M113066,CIL RS5 FRIZ 35/35 L,3880,245.63,8.01535E+12,1
10R3M11306600C5,CIL RS5 FRIZ 35/35 L,3880,300.6,8.01535E+12,1
10R3M117012,CIL RS5 FRIZ 30/50 N,3880,269.03,8.01535E+12,1
10R3M11701200C5,CIL RS5 FRIZ 30/50 N,3880,323.99,8.01535E+12,1
10R3M11701200R3,CIL RS5 FRIZ 30/50 N CIFRATURA RISERVATA,3880,269.03,8.01535E+12,1
10R3M11701200R5,CIL RS5 30/50 CIFRATURA RISERVATA,3880,323.99,8.01535E+12,1
10R3M117012SD,CIL RS5 30/50 CA 1+5,3880,357.91,8.01535E+12,1
10R3M117012SDR5,CIL RS5 30/50 CA 1+5 CIFR.RISERV.,3880,357.91,8.01535E+12,1
10R3M117066,CIL RS5 FRIZ 30/50,3880,269.03,8.01535E+12,1
10R3M11706600C5,CIL RS5 FRIZ 30/50 L,3880,323.99,8.01535E+12,1
10R3M118012,CIL RS5 FRIZ 40/40 N,3880,269.03,8.01535E+12,1
10R3M11801200C5,CIL RS5 FRIZ 40/40 N,3880,323.99,8.01535E+12,1
10R3M11801200R3,CIL RS5 FRIZ 40/40 N CIFRATURA RISERVATA,3880,269.03,8.01535E+12,1
10R3M11801200R5,CIL RS5 40/40 CIFRATURA RISERVATA,3880,323.99,8.01535E+12,1
10R3M118012SD,CIL RS5 40/40 CA 1+5,3880,357.91,8.01535E+12,1
10R3M118012SDR5,CIL RS5 40/40 CA 1+5 CIFR.RISERV.,3880,357.91,8.01535E+12,1
10R3M118066,CIL RS5 FRIZ 40/40 L,3880,269.03,8.01535E+12,1
10R3M11806600C5,CIL RS5 FRIZ 40/40 L,3880,323.99,8.01535E+12,1
10R3M119012,CIL RS5 FRIZ 35/45 N,3880,269.03,8.01535E+12,1
10R3M11901200C5,CIL RS5 FRIZ 35/45 N,3880,323.99,8.01535E+12,1
10R3M11901200R3,CIL RS5 FRIZ 35/45 N CIFRATURA RISERVATA,3880,269.03,8.01535E+12,1
10R3M11901200R5,CIL RS5 35/45 CIFRATURA RISERVATA,3880,323.99,8.01535E+12,1
10R3M119012SD,CIL RS5 35/45 CA 1+5,3880,357.91,8.01535E+12,1
10R3M119012SDR5,CIL RS5 35/45 CA 1+5 CIFR.RISERV.,3880,357.91,8.01535E+12,1
10R3M11906600C5,CIL RS5 FRIZ 35/45 L,3880,323.99,8.01535E+12,1
10R3M120012,CIL RS5 FRIZ 30/60 N,3880,292.42,8.01535E+12,1
10R3M12001200C5,CIL RS5 FRIZ 30/60 N,3880,347.38,8.01535E+12,1
10R3M12001200R3,CIL RS5 FRIZ 30/60 N CIFRATURA RISERVATA,3880,292.42,8.01535E+12,1
10R3M12001200R5,CIL RS5 30/60 CIFRATURA RISERVATA,3880,347.38,8.01535E+12,1
10R3M120012SD,CIL RS5 30/60 CA 1+5,3880,381.31,8.01535E+12,1
10R3M120012SDR5,CIL RS5 30/60 CA 1+5 CIFR.RISERV,3880,381.31,8.01535E+12,1
10R3M12006600C5,CIL RS5 FRIZ 30/60 L,3880,347.38,8.01535E+12,1
10R3M121012,CIL RS5 FRIZ 40/50 N,3880,292.42,8.01535E+12,1
10R3M12101200C5,CIL RS5 FRIZ 40/50 N,3880,347.38,8.01535E+12,1
10R3M12101200R3,CIL RS5 FRIZ 40/50 N CIFRATURA RISERVATA,3880,292.42,8.01535E+12,1
10R3M12101200R5,CIL RS5 40/50 CIFRATURA RISERVATA,3880,347.38,8.01535E+12,1
10R3M121012SD,CIL RS5 40/50 CA 1+5,3880,381.31,8.01535E+12,1
10R3M121012SDR5,CIL RS5 40/50 CA 1+5 CIFR.RISERV.,3880,381.31,8.01535E+12,1
10R3M121066,CIL RS5 FRIZ 40/50 L,3880,292.42,8.01535E+12,1
10R3M12106600C5,CIL RS5 FRIZ 40/50 L,3880,347.38,8.01535E+12,1
10R3M122012,CIL RS5 FRIZ 35/65 N,3880,315.81,8.01535E+12,1
10R3M12201200C5,CIL RS5 FRIZ 35/65 N,3880,370.77,8.01535E+12,1
10R3M12201200R5,CIL RS5 35/65 CIFRATURA RISERVATA,3880,370.77,8.01535E+12,1
10R3M122012SD,CIL RS5 35/65 CA 1+5,3880,404.7,8.01535E+12,1
10R3M122066,CIL RS5 FRIZ 35/65 L,3880,315.81,8.01535E+12,1
10R3M12206600C5,CIL RS5 FRIZ 35/65 L,3880,370.77,8.01535E+12,1
10R3M123012,CIL RS5 FRIZ 50/50 N,3880,315.81,8.01535E+12,1
10R3M12301200C5,CIL RS5 FRIZ 50/50 N,3880,370.77,8.01535E+12,1
10R3M12301200R5,CIL RS5 50/50 CIFRATURA RISERVATA,3880,370.77,8.01535E+12,1
10R3M123012SD,CIL RS5 50/50 CA 1+5,3880,404.7,8.01535E+12,1
10R3M123012SDR5,CIL RS5 50/50 CA 1+5 CIFR.RISERV,3880,404.7,8.01535E+12,1
10R3M123066,CIL RS5 FRIZ 50/50 L,3880,315.81,8.01535E+12,1
10R3M12306600C5,CIL RS5 FRIZ 50/50 L,3880,370.77,8.01535E+12,1
10R3M124012,CIL RS5 FRIZ 30/70 N,3880,315.81,8.01535E+12,1
10R3M12401200C5,CIL RS5 FRIZ 30/70 N,3880,370.77,8.01535E+12,1
10R3M12401200R3,CIL RS5 FRIZ 30/70 N CIFRATURA RISERVATA,3880,315.81,8.01535E+12,1
10R3M12401200R5,CIL RS5 30/70 CIFRATURA RISERVATA,3880,370.77,8.01535E+12,1
10R3M124012SD,CIL RS5 30/70 CA 1+5,3880,404.7,8.01535E+12,1
10R3M124012SDR5,CIL RS5 30/70 CA 1+5 CIFR.RISERV.,3880,404.7,8.01535E+12,1
10R3M12406600C5,CIL RS5 FRIZ 30/70 L,3880,370.77,8.01535E+12,1
10R3M125012,CIL RS5 FRIZ 40/60 N,3880,315.81,8.01535E+12,1
10R3M12501200C5,CIL RS5 FRIZ 40/60 N,3880,370.77,8.01535E+12,1
10R3M12501200R3,CIL RS5 FRIZ 40/60 N CIFRATURA RISERVATA,3880,315.81,8.01535E+12,1
10R3M12501200R5,CIL RS5 40/60 CIFRATURA RISERVATA,3880,370.77,8.01535E+12,1
10R3M125012SD,CIL RS5 40/60 CA 1+5,3880,404.7,8.01535E+12,1
10R3M125012SDR5,CIL RS5 40/60 CA 1+5 CIFR.RISERV.,3880,404.7,8.01535E+12,1
10R3M12506600C5,CIL RS5 FRIZ 40/60 L,3880,370.77,8.01535E+12,1
10R3M126012,CIL RS5 FRIZ 30/35 N,3880,233.93,8.01535E+12,1
10R3M12601200C5,CIL RS5 FRIZ 30/35 N,3880,288.9,8.01535E+12,1
10R3M12601200R3,CIL RS5 FRIZ 30/35 N CIFRATURA RISERVATA,3880,233.93,8.01535E+12,1
10R3M12601200R5,CIL RS5 30/35 CIFRATURA RISERVATA,3880,288.9,8.01535E+12,1
10R3M126012SD,CIL RS5 30/35 CA 1+5,3880,322.82,8.01535E+12,1
10R3M126066,CIL RS5 FRIZ 30/35 L,3880,233.93,8.01535E+12,1
10R3M12606600C5,CIL RS5 FRIZ 30/35 L,3880,288.9,8.01535E+12,1
10R3M127012,CIL RS5 FRIZ 30/45 N,3880,257.32,8.01535E+12,1
10R3M12701200C5,CIL RS5 FRIZ 30/45 N,3880,312.3,8.01535E+12,1
10R3M12701200R3,CIL RS5 FRIZ 30/45 N CIFRATURA RISERVATA,3880,257.32,8.01535E+12,1
10R3M12701200R5,CIL RS5 30/45 CIFRATURA RISERVATA,3880,312.3,8.01535E+12,1
10R3M127012SD,CIL RS5 30/45 CA 1+5,3880,346.21,8.01535E+12,1
10R3M127012SDR5,CIL RS5 30/45 CA 1+5 CIFR.RISERV.,3880,346.21,8.01535E+12,1
10R3M100066SM,COPPIA MODULI RS5 SMONTABILE,3885,206.08,8.01535E+12,1
10R3M12706600C5,CIL RS5 FRIZ 30/45 L,3880,312.3,8.01535E+12,1
10R3M128012,CIL RS5 FRIZ 35/40 N,3880,257.32,8.01535E+12,1
10R3M12801200C5,CIL RS5 FRIZ 35/40 N,3880,312.3,8.01535E+12,1
10R3M12801200R3,CIL RS5 FRIZ 35/40 N CIFRATURA RISERVATA,3880,257.32,8.01535E+12,1
10R3M12801200R5,CIL RS5 35/40 CIFRATURA RISERVATA,3880,312.3,8.01535E+12,1
10R3M128012SD,CIL RS5 35/40 CA 1+5,3880,346.21,8.01535E+12,1
10R3M128012SDR5,CIL RS5 35/40 CA 1+5 CIFR.RISERV.,3880,346.21,8.01535E+12,1
10R3M12806600C5,CIL RS5 FRIZ 35/40 L,3880,312.3,8.01535E+12,1
10R3M129012,CIL RS5 FRIZ 45/45 N,3880,292.42,8.01535E+12,1
10R3M12901200C5,CIL RS5 FRIZ 45/45 N,3880,347.38,8.01535E+12,1
10R3M12901200R3,CIL RS5 FRIZ 45/45 N CIFRATURA RISERVATA,3880,292.42,8.01535E+12,1
10R3M12901200R5,CIL RS5 FRIZ 45/45 N,3880,347.39,8.01535E+12,1
10R3M129012SD,CIL RS5 45/45 CA 1+5,3880,381.31,8.01535E+12,1
10R3M12906600C5,CIL RS5 FRIZ 45/45 L,3880,347.38,8.01535E+12,1
10R3M130012,CIL RS5 FRIZ 40/45 N,3880,280.72,8.01535E+12,1
10R3M13001200C5,CIL RS5 FRIZ 40/45 N,3880,335.69,8.01535E+12,1
10R3M13001200R5,CIL RS5 40/45 CIFRATURA RISERVATA,3880,335.69,8.01535E+12,1
10R3M130012SD,CIL RS5 40/45 CA 1+5,3880,369.61,8.01535E+12,1
10R3M130012SDR5,CIL RS5 40/45 CA 1+5 CIFR.RISERV.,3880,369.61,8.01535E+12,1
10R3M13006600C5,CIL RS5 FRIZ 40/45 L,3880,335.69,8.01535E+12,1
10R3M131012,CIL RS5 FRIZ 35/50 N,3880,280.72,8.01535E+12,1
10R3M13101200C5,CIL RS5 FRIZ 35/50 N,3880,335.69,8.01535E+12,1
10R3M13101200R3,CIL RS5 FRIZ 35/50 N CIFRATURA RISERVATA,3880,280.72,8.01535E+12,1
10R3M13101200R5,CIL RS5 35/50 CIFRATURA RISERVATA,3880,335.69,8.01535E+12,1
10R3M131012SD,CIL RS5 35/50 CA 1+5,3880,369.61,8.01535E+12,1
10R3M131012SDR5,CIL RS5 35/50 CA 1+5 CIFR.RISERV.,3880,369.61,8.01535E+12,1
10R3M13106600C5,CIL RS5 FRIZ 35/50 L,3880,335.69,8.01535E+12,1
10R3M132012,CIL RS5 FRIZ 35/55 N,3880,292.42,8.01535E+12,1
10R3M13201200C5,CIL RS5 FRIZ 35/55 N,3880,347.38,8.01535E+12,1
10R3M13201200R5,CIL RS5 35/55 CIFRATURA RISERVATA,3880,347.38,8.01535E+12,1
10R3M132012SD,CIL RS5 35/55 CA 1+5,3880,381.31,8.01535E+12,1
10R3M132066,CIL RS5 FRIZ 35/55 L,3880,292.42,8.01535E+12,1
10R3M13206600C5,CIL RS5 FRIZ 35/55 L,3880,347.38,8.01535E+12,1
10R3M133012,CIL RS5 FRIZ 30/55 N,3880,280.72,8.01535E+12,1
10R3M13301200C5,CIL RS5 FRIZ 30/55 N,3880,335.69,8.01535E+12,1
10R3M13301200R5,CIL RS5 FRIZ 30/55 N CIFRATURA RISERVATA,3880,335.69,8.01535E+12,1
10R3M133012SD,CIL RS5 30/55 CA 1+5,3880,369.61,8.01535E+12,1
10R3M135012,CIL RS5 FRIZ 40/70 N,3880,339.2,8.01535E+12,1
10R3M13501200C5,CIL RS5 FRIZ 40/70 N,3880,394.17,8.01535E+12,1
10R3M13501200R3,CIL RS5 FRIZ 40/70 N CIFRATURA RISERVATA,3880,339.2,8.01535E+12,1
10R3M13501200R5,CIL RS5 40/70 CIFRATURA RISERVATA,3880,394.17,8.01535E+12,1
10R3M135012SD,CIL RS5 40/70 CA 1+5,3880,428.1,8.01535E+12,1
10R3M135012SDR5,CIL RS5 40/70 CA 1+5 CIFR.RISERV.,3880,428.1,8.01535E+12,1
10R3M13506600C5,CIL RS5 FRIZ 40/70 L,3880,394.17,8.01535E+12,1
10R3M136012,CIL RS5 FRIZ 50/60 N,3880,339.2,8.01535E+12,1
10R3M13601200C5,CIL RS5 FRIZ 50/60 N,3880,394.17,8.01535E+12,1
10R3M13601200R3,CIL RS5 FRIZ 50/60 N CIFRATURA RISERVATA,3880,339.2,8.01535E+12,1
10R3M13601200R5,CIL RS5 50/60 CIFRATURA RISERVATA,3880,394.17,8.01535E+12,1
10R3M136012SD,CIL RS5 50/60 CA 1+5,3880,428.1,8.01535E+12,1
10R3M136012SDR5,CIL RS5 50/60 CA 1+5 CIFR.RISERV.,3880,428.1,8.01535E+12,1
10R3M13606600C5,CIL RS5 FRIZ 50/60 L,3880,394.17,8.01535E+12,1
10R3M137012,CIL RS5 FRIZ 30/80 N,3880,339.2,8.01535E+12,1
10R3M13701200C5,CIL RS5 FRIZ 30/80 N,3880,394.17,8.01535E+12,1
10R3M13701200R3,CIL RS5 FRIZ 30/80 N CIFRATURA RISERVATA,3880,339.2,8.01535E+12,1
10R3M13701200R5,CIL RS5 30/80 CIFRATURA RISERVATA,3880,394.17,8.01535E+12,1
10R3M137012SD,CIL RS5 30/80 CA 1+5,3880,428.1,8.01535E+12,1
10R3M13706600C5,CIL RS5 FRIZ 30/80 L,3880,394.17,8.01535E+12,1
10R3M138012,CIL RS5 FRIZ 35/60 N,3880,304.11,8.01535E+12,1
10R3M13801200C5,CIL RS5 FRIZ 35/60 N,3880,359.08,8.01535E+12,1
10R3M13801200R5,CIL RS5 FRIZ 35/60 N,3880,359.09,8.01535E+12,1
10R3M138012SD,CIL RS5 35/60 CA 1+5,3880,393,8.01535E+12,1
10R3M13806600C5,CIL RS5 FRIZ 35/60 L,3880,359.08,8.01535E+12,1
10R3M139012,CIL RS5 FRIZ 45/50 N,3880,304.11,8.01535E+12,1
10R3M13901200C5,CIL RS5 FRIZ 45/50 N,3880,359.07,8.01535E+12,1
10R3M139012SD,CIL RS5 45/50 CA 1+5,3880,393,8.01535E+12,1
10R3M140012,CIL RS5 FRIZ 60/60 N,3880,362.59,8.01535E+12,1
10R3M14001200C5,CIL RS5 FRIZ 60/60 N,3880,417.57,8.01535E+12,1
10R3M14001200R3,CIL RS5 FRIZ 60/60 N CIFRATURA RISERVATA,3880,362.59,8.01535E+12,1
10R3M14001200R5,CIL RS5 FRIZ 60/60 N,3880,417.57,8.01535E+12,1
10R3M141012,CIL RS5 FRIZ 30/65 N,3880,304.11,8.01535E+12,1
10R3M141012SD,CIL RS5 30/65 CA 1+5,3880,393,8.01535E+12,1
10R3M142012,CIL RS5 FRIZ 40/55 N,3880,304.11,8.01535E+12,1
10R3M14201200C5,CIL RS5 FRIZ 40/55 N,3880,359.08,8.01535E+12,1
10R3M14201200R5,CIL RS5 40/55 CIFRATURA RISERVATA,3880,359.08,8.01535E+12,1
10R3M142012SD,CIL RS5 40/55 CA 1+5,3880,393,8.01535E+12,1
10R3M14206600C5,CIL RS5 FRIZ 40/55 L,3880,359.08,8.01535E+12,1
10R3M143012,CIL RS5 FRIZ 45/55 N,3880,315.81,8.01535E+12,1
10R3M14301200C5,CIL RS5 FRIZ 45/55 N,3880,370.77,8.01535E+12,1
10R3M143012SD,CIL RS5 45/55 CA 1+5,3880,404.7,8.01535E+12,1
10R3M14306600C5,CIL RS5 FRIZ 45/55 L,3880,370.77,8.01535E+12,1
10R3M144012,CIL RS5 FRIZ 40/65 N,3880,327.5,8.01535E+12,1
10R3M14406600C5,CIL RS5 FRIZ 40/65 L,3880,382.48,8.01535E+12,1
10R3M145012,CIL RS5 FRIZ 45/65 N,3880,339.2,8.01535E+12,1
10R3M145012SD,CIL RS5 45/65 CA 1+5,3880,428.1,8.01535E+12,1
10R3M149012,CIL RS5 FRIZ 35/70 N,3880,327.5,8.01535E+12,1
10R3M14901200C5,CIL RS5 FRIZ 35/70 N,3880,382.49,8.01535E+12,1
10R3M150012,CIL RS5 FRIZ 70/70 N,3880,409.38,8.01535E+12,1
10R3M152012,CIL RS5 FRIZ 30/90 N,3880,362.59,8.01535E+12,1
10R3M15201200C5,CIL RS5 FRIZ 30/90 N,3880,417.56,8.01535E+12,1
10R3M15201200R3,CIL RS5 FRIZ 30/90 N CIFRATURA RISERVATA,3880,362.59,8.01535E+12,1
10R3M153012,CIL RS5 FRIZ 30/100 N,3880,385.98,8.01535E+12,1
10R3M15301200C5,CIL RS5 FRIZ 30/100 N,3880,440.95,8.01535E+12,1
10R3M15301200R3,CIL RS5 FRIZ 30/100 CIFRATURA RISERVATA,3880,385.98,8.01535E+12,1
10R3M154012,CIL RS5 FRIZ 45/60 N,3880,327.5,8.01535E+12,1
10R3M154012SD,10R3M154012SD : CIL RS5 FRIZ 45/60 CA 1+5,3880,416.39,0,1
10R3M155012,CIL RS5 FRIZ 50/80 N,3880,385.98,8.01535E+12,1
10R3M15501200C5,CIL RS5 FRIZ 50/80 N,3880,440.95,8.01535E+12,1
10R3M15501200R3,CIL RS5 FRIZ 50/80 N CIFRATURA RISERVATA,3880,385.98,8.01535E+12,1
10R3M15506600C5,CIL RS5 FRIZ 50/80 L,3880,440.95,8.01535E+12,1
10R3M156012,CIL RS5 FRIZ 30/75 N,3880,327.5,8.01535E+12,1
10R3M157012,CIL RS5 FRIZ 35/75 N                              ,3880,339.2,0,1
10R3M159012,CIL RS5 FRIZ 40/75 N,3880,350.89,8.01535E+12,1
10R3M160012,CIL RS5 FRIZ 40/80 N,3880,362.59,8.01535E+12,1
10R3M16001200C5,CIL RS5 FRIZ 40/80 N,3880,417.56,8.01535E+12,1
10R3M16001200R3,CIL RS5 FRIZ 40/80 N CIFRATURA RISERVATA,3880,362.59,8.01535E+12,1
10R3M16001200R5,CIL RS5 FRIZ 40/80 N,3880,417.57,8.01535E+12,1
10R3M160012SD,CIL RS5 40/80 CA 1+5,3880,451.49,8.01535E+12,1
10R3M16006600C5,CIL RS5 FRIZ 40/80 L,3880,417.56,8.01535E+12,1
10R3M161012,CIL RS5 FRIZ 45/70 N,3880,350.89,8.01535E+12,1
10R3M164012,CIL RS5 FRIZ 55/50 N,3880,327.5,8.01535E+12,1
10R3M165012,CIL RS5 FRIZ 50/65 N,3880,350.89,8.01535E+12,1
10R3M16501200C5,CIL RS5 FRIZ 50/65 N,3880,405.87,8.01535E+12,1
10R3M165012SD,CIL RS5 50/65 CA 1+5,3880,439.79,8.01535E+12,1
10R3M166012,CIL RS5 FRIZ 50/70 N,3880,362.59,8.01535E+12,1
10R3M16601200C5,CIL RS5 FRIZ 50/70 N,3880,417.56,8.01535E+12,1
10R3M16601200R3,CIL RS5 FRIZ 50/70 N CIFRATURA RISERVATA,3880,362.59,8.01535E+12,1
10R3M166012SD,CIL RS5 FRIZ 50/70 CA 1+5,3880,451.49,8.01535E+12,1
10R3M167012 ,CIL RS5 FRIZ 60/70 N,3880,385.98,8.01535E+12,1
10R3M168012,CIL RS5 FRIZ 35/85 N,3880,362.59,8.01535E+12,1
10R3M170012,CIL RS5 FRIZ 55/55 N,3880,339.2,8.01535E+12,1
10R3M17001200C5,CIL RS5 FRIZ 55/55 N,3880,394.17,8.01535E+12,1
10R3M17006600C5,CIL RS5 FRIZ 55/55 L,3880,394.17,8.01535E+12,1
10R3M171012,CIL RS5 FRIZ 55/60 N,3880,350.89,8.01535E+12,1
10R3M173012,CIL RS5 FRIZ 55/70 N,3880,374.28,8.01535E+12,1
10R3M174012,CIL RS5 FRIZ 60/65 N,3880,374.29,8.01535E+12,1
10R3M177012,CIL RS5 FRIZ 30/85 N,3880,350.89,8.01535E+12,1
10R3M17706600C5,CIL RS5 FRIZ 30/85 L,3880,405.87,8.01535E+12,1
10R3M1E2012,CIL RS5 FRIZ 40/90 N,3880,385.98,8.01535E+12,1
10R3M1G3012,CIL RS5 FRIZ 40/100 N,3880,409.38,8.01535E+12,1
10R3M1G5012,CIL RS5 FRIZ 50/90 N,3880,409.38,8.01535E+12,1
10R3M1G7012,CIL RS5 FRIZ 60/80 N,3880,409.38,8.01535E+12,1
10R3M1M5012,CIL RS5 FRIZ 50/100 N,3880,432.78,8.01535E+12,1
10R3M1M7012,CIL RS5 FRIZ 60/90 N,3880,432.78,8.01535E+12,1
10R3M1Q5012,CIL RS5 FRIZ 60/100 N,3880,456.17,8.01535E+12,1
10R3M1Q7012,CIL RS5 FRIZ 70/90 N,3880,456.17,8.01535E+12,1
10R3M1Q9012,CIL RS5 FRIZ 80/80 N,3880,456.17,8.01535E+12,1
10R3M1U5012,CIL RS5 FRIZ 80/100 N,3880,502.95,8.01535E+12,1
10R3M207012,CIL RS5 POM 30/30 N,3880,210.53,8.01535E+12,1
10R3M20701200C5,CIL RS5 POM 30/30 N,3880,265.51,8.01535E+12,1
10R3M207066,CIL RS5 POM 30/30 L,3880,210.53,8.01535E+12,1
10R3M20706600C5,CIL RS5 POM 30/30 L,3880,265.51,8.01535E+12,1
10R3M212012,CIL RS5 POM 40/30 N,3880,233.93,8.01535E+12,1
10R3M21201200C5,CIL RS5 POM 40/30 N,3880,288.9,8.01535E+12,1
10R3M21206600C5,CIL RS5 POM 40/30 L,3880,288.9,8.01535E+12,1
10R3M213012,CIL RS5 POM 35/35 N,3880,233.93,8.01535E+12,1
10R3M21301200C5,CIL RS5 POM 35/35 N,3880,288.9,8.01535E+12,1
10R3M217012,CIL RS5 POM 30/50 N,3880,257.32,8.01535E+12,1
10R3M21701200C5,CIL RS5 POM 30/50 N,3880,312.3,8.01535E+12,1
10R3M21706600C5,CIL RS5 POM 30/50 L,3880,312.3,8.01535E+12,1
10R3M218012,CIL RS5 POM 40/40 N,3880,257.32,8.01535E+12,1
10R3M21801200C5,CIL RS5 POM 40/40 N,3880,312.3,8.01535E+12,1
10R3M219012,CIL RS5 POM 35/45 N,3880,257.32,8.01535E+12,1
10R3M21901200C5,CIL RS5 POM 35/45 N,3880,312.3,8.01535E+12,1
10R3M21906600C5,CIL RS5 POM 35/45 L,3880,312.3,8.01535E+12,1
10R3M220012,CIL RS5 POM 30/60 N,3880,280.72,8.01535E+12,1
10R3M22001200C5,CIL RS5 POM 30/60 N,3880,335.69,8.01535E+12,1
10R3M22006600C5,CIL RS5 POM 30/60 L,3880,335.69,8.01535E+12,1
10R3M221012,CIL RS5 POM 40/50 N,3880,280.72,8.01535E+12,1
10R3M223012,CIL RS5 POM 50/50 N,3880,304.11,8.01535E+12,1
10R3M22301200C5,CIL RS5 POM 50 50 N,3880,359.09,0,1
10R3M225012,CIL RS5 POM 40/60 N,3880,304.11,8.01535E+12,1
10R3M22506600C5,CIL RS5 POM 40/60 L,3880,359.08,8.01535E+12,1
10R3M226012,CIL RS5 POM 30/35 N,3880,222.23,8.01535E+12,1
10R3M22601200C5,CIL RS5 POM 30/35 N,3880,277.2,8.01535E+12,1
10R3M22606600C5,CIL RS5 POM 30/35 L,3880,277.2,8.01535E+12,1
10R3M227012,CIL RS5 POM 30/45 N,3880,245.63,8.01535E+12,1
10R3M22706600C5,CIL RS5 POM 30/45 L,3880,300.6,8.01535E+12,1
10R3M228012,CIL RS5 POM 35/40 N                               ,3880,245.63,0,1
10R3M229012,CIL RS5 POM 45/45 N,3880,280.72,8.01535E+12,1
10R3M22901200C5,CIL RS5 POM 45/45 N,3880,335.69,8.01535E+12,1
10R3M230012,CIL RS5 POM 40/45 N,3880,269.03,8.01535E+12,1
10R3M23006600C5,CIL RS5 POM 40/45 L,3880,323.99,8.01535E+12,1
10R3M239012,CIL RS5 POM 45/50 N,3880,292.42,8.01535E+12,1
10R3M23901200C5,CIL RS5 POM 45/50 N,3880,347.38,8.01535E+12,1
10R3M23906600C5,CIL RS5 POM 45/50 L,3880,347.38,8.01535E+12,1
10R3M243012,CIL RS5 POM 45/55 N,3880,304.11,8.01535E+12,1
10R3M281012,CIL RS5 POM 35/30 N                               ,3880,222.23,0,1
10R3M281012 ,CIL RS5 POM 35/30 N,3880,222.23,8.01535E+12,1
10R3M282012,CIL RS5 POM 30/40 N,3880,233.93,8.01535E+12,1
10R3M28206600C5,CIL RS5 POM 30/40 L,3880,288.9,8.01535E+12,1
10R3M283012,CIL RS5 POM 40/35 N                               ,3880,245.63,0,1
10R3M291012,CIL RS5 POM 45/30 N                               ,3880,245.63,0,1
10R3M2D1012,CIL RS5 POM 85/30 N,3880,339.2,8.01535E+12,1
10R3M400012,MODULO SINGOLO RS5,3885,155.95,8.01535E+12,1
10R3M40001200C5,MODULO SINGOLO RS5,3885,210.92,8.01535E+12,1
10R3M40001200R3,MODULO SINGOLO RS5 CIFRATURA RISERVATA,3885,155.95,8.01535E+12,1
10R3M40001200R5,MODULO SINGOLO RS5 CIFRATURA RISERVATA,3885,210.92,8.01535E+12,1
10R3M127066,CIL RS5 FRIZ 30/45 L,3880,257.32,8.01535E+12,1
10R3M400012SMC5,MODULO SINGOLO RS5 SMONTABILE C5,3885,210.92,8.01535E+12,1
10R3M400012SM,MODULO SINGOLO RS5 SMONTABILE,3885,155.95,8.01535E+12,1
10R3M400066SMC5,MODULO SINGOLO RS5 SMONTABILE C5,3885,210.92,8.01535E+12,1
10R3M402012,CIL RS5 MEZZO 30/10 N,3880,175.45,8.01535E+12,1
10R3M40201200C5,CIL RS5 MEZZO 30/10 N,3880,230.42,8.01535E+12,1
10R3M40201200R3,CIL RS5 MEZZO 30/10 N CIFRATURA RISERVATA,3880,175.45,8.01535E+12,1
10R3M402066,CIL RS5 MEZZO 30/10 L,3880,175.45,8.01535E+12,1
10R3M40206600C5,CIL RS5 MEZZO 30/10 L,3880,230.42,8.01535E+12,1
10R3M403012,CIL RS5 MEZZO 40/10 N,3880,198.84,8.01535E+12,1
10R3M40301200C5,CIL RS5 MEZZO 40/10 N,3880,253.81,8.01535E+12,1
10R3M40301200R3,CIL RS5 MEZZO 40/10 N CIFRATURA RISERVATA,3880,198.84,8.01535E+12,1
10R3M40306600C5,CIL RS5 MEZZO 40/10 L,3880,253.81,8.01535E+12,1
10R3M404012,CIL RS5 MEZZO 50/10 N,3880,222.23,8.01535E+12,1
10R3M40401200C5,CIL RS5 MEZZO 50/10 N,3880,277.2,8.01535E+12,1
10R3M40401200R3,CIL RS5 MEZZO 50/10 N CIFRATURA RISERVATA,3880,222.23,8.01535E+12,1
10R3M40406600C5,CIL RS5 MEZZO 50/10 L,3880,277.2,8.01535E+12,1
10R3M405012,CIL RS5 MEZZO 60/10 N                             ,3880,245.63,0,1
10R3M406012,CIL RS5 MEZZO 70/10 N                             ,3880,269.03,0,1
10R3M407012,CIL RS5 MEZZO 35/10 N,3880,187.14,8.01535E+12,1
10R3M408012,CIL RS5 MEZZO 45/10 N,3880,210.53,8.01535E+12,1
10R3M420012,CIL RS5 MEZZO 80/10 N                             ,3880,292.42,0,1
10R3M421012,CIL RS5 MEZZO 65/10 N                             ,3880,257.32,0,1
10R3M435012,CIL RS5 MEZZO 55/10 N                             ,3880,233.93,0,1
10R3M707012,CIL RS5 RAS 30/30 N,3880,216.38,8.01535E+12,1
10R3M70701200C5,CIL RS5 RAS 30/30 N,3880,271.35,8.01535E+12,1
10R3M70701200R3,CIL RS5 RAS 30/30 N CIFRATURA RISERVATA,3880,216.38,8.01535E+12,1
10R3M70701200R5,CIL RS5 RAS 30/30 CIFRATURA RISERVATA,3880,271.35,8.01535E+12,1
10R3M707012SD,CIL RS5 30/30 CA 1+5,3880,300.6,8.01535E+12,1
10R3M707012SDR5,CIL RS5 30/30 CA 1+5 CIFR.RISERV.,3880,300.6,8.01535E+12,1
10R3M400066SM,MODULO SINGOLO RS5 SMONTABILE,3885,155.95,8.01535E+12,1
10R3M70706600C5,CIL RS5 RAS 30/30 N,3880,271.35,8.01535E+12,1
10R3M712012,CIL RS5 RAS 40/30 N,3880,239.77,8.01535E+12,1
10R3M71201200C5,CIL RS5 RAS 40/30 N,3880,294.74,8.01535E+12,1
10R3M71201200R3,CIL RS5 RAS 40/30 N CIFRATURA RISERVATA,3880,239.77,8.01535E+12,1
10R3M71201200R5,CIL RS5 40/30 CIFRATURA RISERVATA,3880,294.74,8.01535E+12,1
10R3M712012SD,CIL RS5 40/30 CA 1+5,3880,323.99,8.01535E+12,1
10R3M712012SDR5,CIL RS5 40/30 CA 1+5 CIFR.RISERV.,3880,323.99,8.01535E+12,1
10R3M712066,CIL RS5 RAS 40/30 L,3880,239.77,8.01535E+12,1
10R3M71206600C5,CIL RS5 RAS 40/30 L,3880,294.74,8.01535E+12,1
10R3M781012,CIL RS5 RAS 35/30 N,3880,228.08,8.01535E+12,1
10R3M78101200C5,CIL RS5 RAS 35/30 N,3880,283.05,8.01535E+12,1
10R3M78101200R3,CIL RS5 RAS 35/30 N CIFRATURA RISERVATA,3880,228.08,8.01535E+12,1
10R3M78101200R5,CIL RS5 RAS 35/30 CIFRATURA RISERVATA,3880,283.05,8.01535E+12,1
10R3M781012SD,CIL RS5 35/30 CA 1+5,3880,312.3,8.01535E+12,1
10R3M781012SDR5,CIL RS5 35/30 CA 1+5 CIFR.RISERV.,3880,312.3,8.01535E+12,1
10R3M781066,CIL RS5 RAS 35/30,3880,228.08,8.01535E+12,1
10R3M78106600C5,CIL RS5 RAS 35/30 L,3880,283.05,8.01535E+12,1
10R3M787012,CIL RS5 RAS 60/30 N,3880,286.56,8.01535E+12,1
10R3M78701200C5,CIL RS5 RAS 60/30 N,3880,341.54,8.01535E+12,1
10R3M78701200R3,CIL RS5 RAS 60/30 N CIFRATURA RISERVATA,3880,286.56,8.01535E+12,1
10R3M78701200R5,CIL RS5 RAS 60/30 CIFRATURA RISERVATA,3880,341.54,8.01535E+12,1
10R3M787012SD,CIL RS5 60/30 CA 1+5,3880,370.77,8.01535E+12,1
10R3M787012SDR5,CIL RS5 60/30 CA 1+5 CIFR.RISERV.,3880,370.77,8.01535E+12,1
10R3M78706600C5,CIL RS5 RAS 60/30 L,3880,341.54,8.01535E+12,1
10R3M788012,CIL RS5 RAS 70/30 N,3880,309.95,8.01535E+12,1
10R3M78801200C5,CIL RS5 RAS 70/30 N,3880,364.93,8.01535E+12,1
10R3M78801200R3,CIL RS5 RAS 70/30 N CIFRATURA RISERVATA,3880,309.95,8.01535E+12,1
10R3M78801200R5,CIL RS5 RAS 70/30 CIFRATURA RISERVATA,3880,364.93,8.01535E+12,1
10R3M788012SD,CIL RS5 70/30 CA 1+5,3880,394.17,8.01535E+12,1
10R3M788012SDR5,CIL RS5 70/30 CA 1+5 CIFR.RISERV.,3880,394.17,8.01535E+12,1
10R3M790012,CIL RS5 RAS 50/30 N,3880,263.17,8.01535E+12,1
10R3M79001200C5,CIL RS5 RAS 50/30 N,3880,318.15,8.01535E+12,1
10R3M79001200R3,CIL RS5 RAS 50/30 N CIFRATURA RISERVATA,3880,263.17,8.01535E+12,1
10R3M79001200R5,CIL RS5 RAS 50/30 CIFRATURA RISERVATA,3880,318.15,8.01535E+12,1
10R3M790012SD,CIL RS5 50/30 CA 1+5,3880,347.38,8.01535E+12,1
10R3M790012SDR5,CIL RS5 50/30 CA 1+5 CIFR.RISERV.,3880,347.38,8.01535E+12,1
10R3M790066,CIL RS5 RAS 50/30 L,3880,263.17,8.01535E+12,1
10R3M79006600C5,CIL RS5 RAS 50/30 L,3880,318.15,8.01535E+12,1
10R3M791012,CIL RS5 RAS 45/30 N,3880,251.47,8.01535E+12,1
10R3M79101200C5,CIL RS5 RAS 45/30 N,3880,306.46,8.01535E+12,1
10R3M79101200R3,CIL RS5 RAS 45/30 N CIFRATURA RISERVATA,3880,251.47,8.01535E+12,1
10R3M79101200R5,CIL RS5 45/30 CIFRATURA RISERVATA,3880,306.46,8.01535E+12,1
10R3M791012SD,CIL RS5 45/30 CA 1+5,3880,335.69,8.01535E+12,1
10R3M791012SDR5,CIL RS5 45/30 CA 1+5 CIFR.RISERV.,3880,335.69,8.01535E+12,1
10R3M79106600C5,CIL RS5 RAS 45/30 L,3880,306.46,8.01535E+12,1
10R3M792012,CIL RS5 RAS 55/30 N,3880,274.87,8.01535E+12,1
10R3M79201200C5,CIL RS5 RAS 55/30 N,3880,329.85,8.01535E+12,1
10R3M792012SD,CIL RS5 55/30 CA 1+5,3880,359.08,8.01535E+12,1
10R3M793012,CIL RS5 RAS 80/30 N,3880,333.35,8.01535E+12,1
10R3M79301200C5,CIL RS5 RAS 80/30 N,3880,388.33,8.01535E+12,1
10R3M79301200R5,CIL RS5 RAS 80/30 N,3880,388.33,8.01535E+12,1
10R3M7A3012,CIL RS5 RAS 65/30 N,3880,298.26,8.01535E+12,1
10R3M7A301200C5,CIL RS5 RAS 65/30 N,3880,353.24,8.01535E+12,1
10R3M7A301200R3,CIL RS5 RAS 65/30 N CIFRATURA RISERVATA,3880,298.26,8.01535E+12,1
10R3M7A3012SD,CIL RS5 65/30 CA 1+5,3880,382.48,8.01535E+12,1
10R3M7C6012,CIL RS5 RAS 90/30 N                               ,3880,356.74,0,1
10R3M7C7012,CIL RS5 RAS 100/30 N                              ,3880,380.13,0,1
10R3M7D1012,CIL RS5 RAS 85/30 N,3880,345.04,8.01535E+12,1
10R3M7D101200C5,CIL RS5 RAS 85/30 N,3880,400.01,8.01535E+12,1
10R41000012,CIL. FILETTATO RS5,3882,210.53,8.01535E+12,1
10R4100001200C5,CIL  FILETTATO RS5,3882,265.51,0,
10R41501012,CIL. FILETTATO RS5 MICROSWICH,3882,280.72,8.01535E+12,1
10R4150101200C5,10R4150101200C5 : CYL_CONTACTEUR RS5 N | n chiavi 5,3882,335.7,0,1
10R51000012,CIL.C500 RS5,3882,210.53,8.01535E+12,1
10R610000,CLL RS5 X LUCCH.CORAZZATI,3882,192.99,8.01535E+12,1
10T11200012,COPPIA CIL. TEKNO INOVATE N,3711,87.95,8.01535E+12,1
10T11400012,COPPIA CIL. TEKNO INOVATE N,3711,87.95,8.01535E+12,1
10T11600012,COPPIA CIL. EST. TUBO TEKNO INOVATE N,3711,87.95,8.01535E+12,1
10T12000012,COPPIA CIL. EST. TUBO TEKNO INOVATE N,3711,87.95,8.01535E+12,1
10T14900012,COPPIA CIL. EST. TUBO TEKNO INOVATE N,3711,87.95,8.01535E+12,1
10T15000012,COPPIA CIL. EST. TUBO TEKNO INOVATE N,3711,87.95,8.01535E+12,1
10T15500012,COPPIA CIL. EST. TUBO TEKNO INOVATE N,3711,87.95,8.01535E+12,1
10T15600012,COPPIA CIL. EST. TUBO TEKNO INOVATE N,3711,87.95,8.01535E+12,1
10T21055012,CIL. A TUBO TEKNO INOVATE N,3711,66.32,8.01535E+12,1
10T31106012,CIL TEKNO INOVATE FRIZ 28/34 N,3710,74.95,8.01535E+12,1
10T3110601200C5,CIL TEKNO INOVATE FRIZ 28/34 N 5 CHIAVI,3710,95.55,0,1
10T31107012,CIL TEKNO INOVATE FRIZ 30/30 N,3710,71.08,8.01535E+12,1
10T3110701200C5,CIL TEKNO INOVATE FRIZ 30/30 N 5 CHIAVI,3710,91.68,8.01535E+12,1
10T3110706600C5,CIL TEKNO INOVATE FRIZ 30/30 L 5 CHIAVI,3710,91.68,8.01535E+12,1
10T31109012,CIL TEKNO INOVATE FRIZ 28/36 N,3710,74.95,8.01535E+12,1
10T3110901200C5,CIL TEKNO INOVATE FRIZ 28/36 N 5 CHIAVI,3710,95.55,0,1
10T31110012,CIL TEKNO INOVATE FRIZ 33/33 N,3710,74.95,8.01535E+12,1
10T3111001200C5,CIL TEKNO INOVATE FRIZ 33/33 N 5 CHIAVI,3710,95.55,0,1
10T31111012,CIL TEKNO INOVATE FRIZ 28/43 N,3710,82.74,8.01535E+12,1
10T3111101200C5,CIL TEKNO INOVATE FRIZ 28/43 N 5 CHIAVI,3710,103.34,0,1
10T31112012,CIL TEKNO INOVATE FRIZ 40/30 N,3710,78.85,8.01535E+12,1
10T3111201200C5,CIL TEKNO INOVATE FRIZ 30/40 N 5 CHIAVI,3710,99.45,8.01535E+12,1
10T31113012,CIL TEKNO INOVATE FRIZ 35/35 N,3710,78.85,8.01535E+12,1
10T3111301200C5,CIL TEKNO INOVATE FRIZ 35/35 N 5 CHIAVI,3710,99.45,8.01535E+12,1
10T31117012,CIL TEKNO INOVATE FRIZ 30/50 N,3710,86.59,8.01535E+12,1
10T3111701200C5,CIL TEKNO INOVATE FRIZ 30/50 N 5 CHIAVI,3710,107.19,8.01535E+12,1
10T31117066,CIL TEKNO INOVATE FRIZ 30/50 L,3710,86.59,8.01535E+12,1
10T3111706600C5,CIL TEKNO INOVATE FRIZ 30/50 L 5 CHIAVI,3710,107.19,8.01535E+12,1
10T31118012,CIL TEKNO INOVATE FRIZ 40/40 N,3710,86.59,8.01535E+12,1
10T3111801200C5,CIL TEKNO INOVATE FRIZ 40/40 N 5 CHIAVI,3710,107.19,8.01535E+12,1
10T31119012,CIL TEKNO INOVATE FRIZ 35/45 N,3710,86.59,8.01535E+12,1
10T3111901200C5,CIL TEKNO INOVATE FRIZ 35/45 N 5 CHIAVI,3710,107.19,0,1
10T31120012,CIL TEKNO INOVATE FRIZ 30/60 N,3710,94.36,8.01535E+12,1
10T3112001200C5,CIL TEKNO INOVATE FRIZ 30/60 N 5 CHIAVI,3710,114.96,8.01535E+12,1
10T31121012,CIL TEKNO INOVATE FRIZ 40/50 N,3710,94.36,8.01535E+12,1
10T3112101200C5,CIL TEKNO INOVATE FRIZ 40/50 N 5 CHIAVI,3710,114.96,8.01535E+12,1
10T31122012,CIL TEKNO INOVATE FRIZ 35/65 N,3710,104.7,8.01535E+12,1
10T3112201200C5,CIL TEKNO INOVATE FRIZ 35/65 N 5 CHIAVI,3710,125.3,0,1
10T31123012,CIL TEKNO INOVATE FRIZ 50/50 N,3710,104.7,8.01535E+12,1
10T3112301200C5,CIL TEKNO INOVATE FRIZ 50/50 N 5 CHIAVI,3710,125.3,8.01535E+12,1
10T31124012,CIL TEKNO INOVATE FRIZ 30/70 N,3710,104.7,8.01535E+12,1
10T3112401200C5,CIL TEKNO INOVATE FRIZ 30/70 N 5 CHIAVI,3710,125.3,8.01535E+12,1
10T31125012,CIL TEKNO INOVATE FRIZ 40/60 N,3710,104.7,8.01535E+12,1
10T3112501200C5,CIL TEKNO INOVATE FRIZ 40/60 N 5 CHIAVI,3710,125.3,0,1
10T31126012,CIL TEKNO INOVATE FRIZ 30/35 N,3710,74.95,8.01535E+12,1
10T3112601200C5,CIL TEKNO INOVATE FRIZ 30/35 N 5 CHIAVI,3710,95.55,8.01535E+12,1
10T31127012,CIL TEKNO INOVATE FRIZ 30/45 N,3710,82.74,8.01535E+12,1
10T3112701200C5,CIL TEKNO INOVATE FRIZ 30/45 N 5 CHIAVI,3710,103.34,0,1
10T31128012,CIL TEKNO INOVATE FRIZ 35/40 N,3710,82.74,8.01535E+12,1
10T3112801200C5,CIL TEKNO INOVATE FRIZ 35/40 N 5 CHIAVI,3710,103.34,0,1
10T31129012,CIL TEKNO INOVATE FRIZ 45/45 N,3710,94.36,8.01535E+12,1
10T3112901200C5,CIL TEKNO INOVATE FRIZ 45/45 N 5 CHIAVI,3710,114.96,8.01535E+12,1
10T31130012,CIL TEKNO INOVATE FRIZ 40/45 N,3710,90.48,8.01535E+12,1
10T3113001200C5,CIL TEKNO INOVATE FRIZ 40/45 N 5 CHIAVI,3710,111.08,0,1
10T31131012,CIL TEKNO INOVATE FRIZ 35/50 N,3710,90.48,8.01535E+12,1
10T3113101200C5,CIL TEKNO INOVATE FRIZ 35/50 N 5 CHIAVI,3710,111.08,0,1
10T31132012,CIL TEKNO INOVATE FRIZ 35/55 N,3710,94.36,8.01535E+12,1
10T3113201200C5,CIL TEKNO INOVATE FRIZ 35/55 N 5 CHIAVI,3710,114.96,8.01535E+12,1
10T31133012,CIL TEKNO INOVATE FRIZ 30/55 N,3710,90.48,8.01535E+12,1
10T3113301200C5,CIL TEKNO INOVATE FRIZ 30/55 N 5 CHIAVI,3710,111.08,0,1
10T31135012,CIL TEKNO INOVATE FRIZ 40/70 N,3710,115.03,8.01535E+12,1
10T3113501200C5,CIL TEKNO INOVATE FRIZ 40/70 N 5 CHIAVI,3710,135.63,0,1
10T31136012,CIL TEKNO INOVATE FRIZ 50/60 N,3710,115.03,8.01535E+12,1
10T3113601200C5,CIL TEKNO INOVATE FRIZ 50/60 N 5 CHIAVI,3710,135.63,0,1
10T31137012,20L TEKNO INOVATE FRIZ 30/80 N,3710,115.03,8.01535E+12,1
10T3113701200C5,CIL TEKNO INOVATE FRIZ 30/80 N 5 CHIAVI,3710,135.63,0,1
10T31138012,CIL TEKNO INOVATE FRIZ 35/60 N,3710,99.52,8.01535E+12,1
10T3113801200C5,CIL TEKNO INOVATE FRIZ 35/60 N 5 CHIAVI,3710,120.12,0,1
10T31139012,CIL TEKNO INOVATE FRIZ 45/50 N,3710,99.52,8.01535E+12,1
10T3113901200C5,CIL TEKNO INOVATE FRIZ 45/60 N 5 CHIAVI,3710,120.12,0,1
10T31140012,CIL TEKNO INOVATE FRIZ 60/60 N,3710,126.68,8.01535E+12,1
10T3114001200C5,CIL TEKNO INOVATE FRIZ 60/60 N 5 CHIAVI,3710,147.28,0,1
10T31141012,CIL TEKNO INOVATE FRIZ 30/65 N,3710,99.52,8.01535E+12,1
10T3114101200C5,CIL TEKNO INOVATE FRIZ 30/65 N 5 CHIAVI,3710,120.12,0,1
10T3114106600C5,CIL TEKNO INOVATE FRIZ 30/65 L 5 CHIAVI,3710,120.12,0,1
10T31142012,CIL TEKNO INOVATE FRIZ 40/55 N,3710,99.52,8.01535E+12,1
10T3114201200C5,CIL TEKNO INOVATE FRIZ 40/55 N 5 CHIAVI,3710,120.12,0,1
10T31143012,CIL TEKNO INOVATE FRIZ 45/55 N,3710,104.7,8.01535E+12,1
10T3114301200C5,CIL TEKNO INOVATE FRIZ 45/55 N 5 CHIAVI,3710,125.3,0,1
10T31144012,CIL TEKNO INOVATE FRIZ 40/65 N,3710,109.87,8.01535E+12,1
10T3114401200C5,CIL TEKNO INOVATE FRIZ 40/65 N 5 CHIAVI,3710,130.47,0,1
10T31145012,CIL TEKNO INOVATE FRIZ 45/65 N,3710,115.03,8.01535E+12,1
10T3114501200C5,CIL TEKNO INOVATE FRIZ 45/65 N 5 CHIAVI,3710,135.63,0,1
10T31149012,CIL TEKNO INOVATE FRIZ 35/70 N,3710,109.87,8.01535E+12,1
10T3114901200C5,CIL TEKNO INOVATE FRIZ 35/70 N 5 CHIAVI,3710,130.47,0,1
10T31152012,CIL TEKNO INOVATE FRIZ 30/90 N,3710,126.68,8.01535E+12,1
10T3115201200C5,CIL TEKNO INOVATE FRIZ 30/90 N 5 CHIAVI,3710,147.28,0,1
10T31154012,CIL TEKNO INOVATE FRIZ 45/60 N,3710,109.87,8.01535E+12,1
10T3115401200C5,CIL TEKNO INOVATE FRIZ 45/60 N 5 CHIAVI,3710,130.47,0,1
10T31156012,CIL TEKNO INOVATE FRIZ 30/75 N,3710,109.87,8.01535E+12,1
10T3115601200C5,CIL TEKNO INOVATE FRIZ 30/75 N 5 CHIAVI,3710,130.47,0,1
10T31157012,CIL TEKNO INOVATE FRIZ 35/75 N,3710,115.03,8.01535E+12,1
10T3115701200C5,CIL TEKNO INOVATE FRIZ 35/75 N 5 CHIAVI,3710,135.63,0,1
10T31158012,CIL TEKNO INOVATE FRIZ 35/80 N,3710,120.85,8.01535E+12,1
10T3115801200C5,CIL TEKNO INOVATE FRIZ 35/80 N 5 CHIAVI,3710,141.45,0,1
10T31159012,CIL TEKNO INOVATE FRIZ 40/75 N,3710,120.85,8.01535E+12,1
10T3115901200C5,CIL TEKNO INOVATE FRIZ 40/75 N 5 CHIAVI,3710,141.45,0,1
10T31160012,CIL TEKNO INOVATE FRIZ 40/80 N,3710,126.68,8.01535E+12,1
10T3116001200C5,CIL TEKNO INOVATE FRIZ 40/80 N 5 CHIAVI,3710,147.28,0,1
10T31161012,CIL TEKNO INOVATE FRIZ 45/70 N,3710,120.85,8.01535E+12,1
10T3116101200C5,CIL TEKNO INOVATE FRIZ 45/70 N 5 CHIAVI,3710,141.45,0,1
10T31162012,CIL TEKNO INOVATE FRIZ 45/75 N,3710,126.68,8.01535E+12,1
10T3116201200C5,CIL TEKNO INOVATE FRIZ 45/75 N 5 CHIAVI,3710,147.28,0,1
10T31164012,CIL TEKNO INOVATE FRIZ 50/55 N,3710,109.87,8.01535E+12,1
10T3116401200C5,CIL TEKNO INOVATE FRIZ 50/55 N 5 CHIAVI,3710,130.47,0,1
10T31165012,CIL TEKNO INOVATE FRIZ 50/65 N,3710,120.85,8.01535E+12,1
10T3116501200C5,CIL TEKNO INOVATE FRIZ 50/65 N 5 CHIAVI,3710,141.45,0,1
10T31166012,CIL TEKNO INOVATE FRIZ 50/70 N,3710,126.68,8.01535E+12,1
10T3116601200C5,CIL TEKNO INOVATE FRIZ 50/70 N 5 CHIAVI,3710,147.28,0,1
10T31168012,CIL TEKNO INOVATE FRIZ 35/85 N,3710,126.68,8.01535E+12,1
10T3116801200C5,CIL TEKNO INOVATE FRIZ 35/85 N 5 CHIAVI,3710,147.28,0,1
10T31170012,CIL TEKNO INOVATE FRIZ 55/55 N,3710,115.03,8.01535E+12,1
10T3117001200C5,CIL TEKNO INOVATE FRIZ 55/55 N 5 CHIAVI,3710,135.63,0,1
10T31171012,CIL TEKNO INOVATE FRIZ 55/60 N,3710,120.85,8.01535E+12,1
10T3117101200C5,CIL TEKNO INOVATE FRIZ 55/60 N 5 CHIAVI,3710,141.45,0,1
10T31172012,CIL TEKNO INOVATE FRIZ 55/65 N,3710,126.68,8.01535E+12,1
10T3117201200C5,CIL TEKNO INOVATE FRIZ 55/65 N 5 CHIAVI,3710,147.28,0,1
10T31177012,CIL TEKNO INOVATE FRIZ 30/85 N,3710,120.85,8.01535E+12,1
10T3117701200C5,CIL TEKNO INOVATE FRIZ 30/85 N 5 CHIAVI,3710,141.45,0,1
10T31207012,CIL TEKNO INOVATE POM 30/30 N,3710,72.4,8.01535E+12,1
10T3120701200C5,CIL TEKNO INOVATE POM 30/30 N 5 CHIAVI,3710,93,0,1
10T31212012,CIL TEKNO INOVATE POM 40/30 N,3710,80.11,8.01535E+12,1
10T3121201200C5,CIL TEKNO INOVATE POM 40/30 N 5 CHIAVI,3710,100.71,0,1
10T31213012,CIL TEKNO INOVATE POM 35/35 N,3710,80.11,8.01535E+12,1
10T3121301200C5,CIL TEKNO INOVATE POM 35/35 N 5 CHIAVI,3710,100.71,0,1
10T31217012,CIL TEKNO INOVATE POM 30/50 N,3710,87.91,8.01535E+12,1
10T3121701200C5,CIL TEKNO INOVATE POM 30/50 N 5 CHIAVI,3710,108.51,8.01535E+12,1
10T31218012,CIL TEKNO INOVATE POM 40/40 N,3710,87.91,8.01535E+12,1
10T3121801200C5,CIL TEKNO INOVATE POM 40/40 N 5 CHIAVI,3710,108.51,0,1
10T31219012,CIL TEKNO INOVATE POM 35/45 N,3710,87.91,8.01535E+12,1
10T3121901200C5,CIL TEKNO INOVATE POM 35/45 N 5 CHIAVI,3710,108.51,0,1
10T31220012,CIL TEKNO INOVATE POM 30/60 N,3710,95.64,8.01535E+12,1
10T3122001200C5,CIL TEKNO INOVATE POM 30/60 N 5 CHIAVI,3710,116.24,0,1
10T31221012,CIL TEKNO INOVATE POM 40/50 N,3710,95.64,8.01535E+12,1
10T3122101200C5,CIL TEKNO INOVATE POM 40/50 N 5 CHIAVI,3710,116.24,0,1
10T31223012,CIL TEKNO INOVATE POM 50/50 N,3710,106.01,8.01535E+12,1
10T3122301200C5,CIL TEKNO INOVATE POM 50/50 N 5 CHIAVI,3710,126.61,0,1
10T31225012,CIL TEKNO INOVATE POM 40/60 N,3710,106.01,8.01535E+12,1
10T3122501200C5,CIL TEKNO INOVATE POM 40/60 N 5 CHIAVI,3710,126.61,0,1
10T31226012,CIL TEKNO INOVATE POM 30/35 N,3710,76.26,8.01535E+12,1
10T3122601200C5,CIL TEKNO INOVATE POM 30/35 N 5 CHIAVI,3710,96.86,0,1
10T31227012,CIL TEKNO INOVATE POM 30/45 N,3710,84.02,8.01535E+12,1
10T3122701200C5,CIL TEKNO INOVATE POM 30/45 N 5 CHIAVI,3710,104.62,0,1
10T31228012,CIL TEKNO INOVATE POM 35/40 N,3710,84.02,8.01535E+12,1
10T3122801200C5,CIL TEKNO INOVATE POM 35/40 N 5 CHIAVI,3710,104.62,0,1
10T31229012,CIL TEKNO INOVATE POM 45/45 N,3710,95.64,8.01535E+12,1
10T3122901200C5,CIL TEKNO INOVATE POM 45/45 N 5 CHIAVI,3710,116.24,0,1
10T31230012,CIL TEKNO INOVATE POM 40/45 N,3710,91.77,8.01535E+12,1
10T3123001200C5,CIL TEKNO INOVATE POM 40/45 N 5 CHIAVI,3710,112.37,0,1
10T31239012,CIL TEKNO INOVATE POM 45/50 N,3710,100.82,8.01535E+12,1
10T3123901200C5,CIL TEKNO INOVATE POM 45/50 N 5 CHIAVI,3710,121.42,0,1
10T31281012,CIL TEKNO INOVATE POM 35/30 N,3710,76.26,8.01535E+12,1
10T3128101200C5,CIL TEKNO INOVATE POM 35/30 N 5 CHIAVI,3710,96.86,0,1
10T31282012,CIL TEKNO INOVATE POM 30/40 N,3710,80.11,8.01535E+12,1
10T3128201200C5,CIL TEKNO INOVATE POM 30/40 N 5 CHIAVI,3710,100.71,0,1
10T31283012,CIL TEKNO INOVATE POM 40/35 N,3710,84.02,8.01535E+12,1
10T3128301200C5,CIL TEKNO INOVATE POM 40/35 N 5 CHIAVI,3710,104.62,0,1
10T31291012,CIL TEKNO INOVATE POM 45/30 N,3710,84.02,8.01535E+12,1
10T3129101200C5,CIL TEKNO INOVATE POM 45/30 N 5 CHIAVI,3710,104.62,0,1
10T31402012,CIL TEKNO INOVATE MEZZO 30/10 N,3710,56.89,8.01535E+12,1
10T3140201200C5,CIL TEKNO INOVATE MEZZO 30/10 N 5 CHIAVI,3710,77.49,0,1
10T31403012,CIL TEKNO INOVATE MEZZO 40/10 N,3710,63.33,8.01535E+12,1
10T3140301200C5,CIL TEKNO INOVATE MEZZO 40/10 N 5 CHIAVI,3710,83.93,0,1
10T31404012,CIL TEKNO INOVATE MEZZO 50/10 N,3710,69.77,8.01535E+12,1
10T3140401200C5,CIL TEKNO INOVATE MEZZO 50/10 N 5 CHIAVI,3710,90.37,0,1
10T31405012,CIL TEKNO INOVATE MEZZO 60/10 N,3710,76.26,8.01535E+12,1
10T3140501200C5,CIL TEKNO INOVATE MEZZO 60/10 N 5 CHIAVI,3710,96.86,0,1
10T31406012,CIL TEKNO INOVATE MEZZO 70/10 N,3710,82.74,8.01535E+12,1
10T3140601200C5,CIL TEKNO INOVATE MEZZO 70/10 N 5 CHIAVI,3710,103.34,0,1
10T31407012,CIL TEKNO INOVATE MEZZO 35/10 N,3710,60.1,8.01535E+12,1
10T3140701200C5,CIL TEKNO INOVATE MEZZO 35/10 N 5 CHIAVI,3710,80.7,0,1
10T31408012,CIL TEKNO INOVATE MEZZO 45/10 N,3710,66.57,8.01535E+12,1
10T3140801200C5,CIL TEKNO INOVATE MEZZO 45/10 N 5 CHIAVI,3710,87.17,0,1
10T31413012,CIL TEKNO INOVATE MEZZO 95/10 N,3710,99.52,8.01535E+12,1
10T3141301200C5,CIL TEKNO INOVATE MEZZO 95/10 N 5 CHIAVI,3710,120.12,0,1
10T31420012,CIL TEKNO INOVATE MEZZO 80/10 N,3710,89.19,8.01535E+12,1
10T3142001200C5,CIL TEKNO INOVATE MEZZO 80/10 N 5 CHIAVI,3710,109.79,0,1
10T31421012,CIL TEKNO INOVATE MEZZO 65/10 N,3710,79.49,8.01535E+12,1
10T3142101200C5,CIL TEKNO INOVATE MEZZO 65/10 N 5 CHIAVI,3710,100.09,0,1
10T31435012,CIL TEKNO INOVATE MEZZO 55/10 N,3710,73.03,8.01535E+12,1
10T3143501200C5,CIL TEKNO INOVATE MEZZO 55/10 N 5 CHIAVI,3710,93.63,0,1
10T31707012,CIL TEKNO INOVATE RAS 30/30 N,3710,82.74,8.01535E+12,1
10T3170701200C5,CIL TEKNO INOVATE RAS 30/30 N 5 CHIAVI,3710,103.34,8.01535E+12,1
10T31707066,CIL TEKNO INOVATE RAS 30/30 L,3710,82.74,8.01535E+12,1
10T3170706600C5,CIL TEKNO INOVATE RAS 30/30 L 5 CHIAVI,3710,103.34,8.01535E+12,1
10T31712012,CIL TEKNO INOVATE RAS 40/30 N,3710,90.48,8.01535E+12,1
10T3171201200C5,CIL TEKNO INOVATE RAS 40/30 N 5 CHIAVI,3710,111.08,8.01535E+12,1
10T31756012,CIL TEKNO INOVATE RAS 75/30 N,3710,121.52,8.01535E+12,1
10T3175601200C5,CIL TEKNO INOVATE RAS 75/30 N 5 CHIAVI,3710,142.12,0,1
10T31781012,CIL TEKNO INOVATE RAS 35/30 N,3710,86.59,8.01535E+12,1
10T3178101200C5,CIL TEKNO INOVATE RAS 35/30 N 5 CHIAVI,3710,107.19,8.01535E+12,1
10T31787012,CIL TEKNO INOVATE RAS 60/30 N,3710,106.01,8.01535E+12,1
10T3178701200C5,CIL TEKNO INOVATE RAS 60/30 N 5 CHIAVI,3710,126.61,0,1
10T31788012,CIL TEKNO INOVATE RAS 70/30 N,3710,116.35,8.01535E+12,1
10T3178801200C5,CIL TEKNO INOVATE RAS 70/30 N 5 CHIAVI,3710,136.95,0,1
10T31790012,CIL TEKNO INOVATE RAS 50/30 N,3710,98.22,8.01535E+12,1
10T3179001200C5,CIL TEKNO INOVATE RAS 50/30 N 5 CHIAVI,3710,118.82,8.01535E+12,1
10T31791012,CIL TEKNO INOVATE RAS 45/30 N,3710,94.36,8.01535E+12,1
10T3179101200C5,CIL TEKNO INOVATE RAS 45/30 N 5 CHIAVI,3710,114.96,0,1
10T31792012,CIL TEKNO INOVATE RAS 55/30 N,3710,102.11,8.01535E+12,1
10T3179201200C5,CIL TEKNO INOVATE RAS 55/30 N 5 CHIAVI,3710,122.71,0,1
10T31793012,CIL TEKNO INOVATE RAS 80/30 N,3710,126.68,8.01535E+12,1
10T3179301200C5,CIL TEKNO INOVATE RAS 80/30 N 5 CHIAVI,3710,147.28,0,1
10T317A3012,CIL TEKNO INOVATE RAS 65/30 N,3710,111.16,8.01535E+12,1
10T317A301200C5,CIL TEKNO INOVATE RAS 65/30 N 5 CHIAVI,3710,131.76,0,1
10T317C6012,CIL TEKNO INOVATE RAS 90/30 N,3710,138.31,8.01535E+12,1
10T317C601200C5,CIL TEKNO INOVATE RAS 90/30 N 5 CHIAVI,3710,158.91,0,1
10T317D1012,CIL TEKNO INOVATE RAS 85/30 N,3710,132.5,8.01535E+12,1
10T317D101200C5,CIL TEKNO INOVATE RAS 85/30 N 5 CHIAVI,3710,153.1,0,1
10T3C107012SD,CIL TEKNO INOVATE FRIZ 30/30 N 5+1,3714,96.83,8.01535E+12,1
10T3C112012SD,CIL TEKNO INOVATE FRIZ 40/30 N 5+1,3714,104.6,8.01535E+12,1
10T3C113012SD,CIL TEKNO INOVATE FRIZ 35/35 N 5+1,3714,104.6,8.01535E+12,1
10T3C117012SD,CIL TEKNO INOVATE FRIZ 30/50 N 5+1,3714,112.34,8.01535E+12,1
10T3C118012SD,CIL TEKNO INOVATE FRIZ 40/40 N 5+1,3714,112.34,8.01535E+12,1
10T3C119012SD,CIL TEKNO INOVATE FRIZ 35/45 N 5+1,3714,112.34,8.01535E+12,1
10T3C120012SD,CIL TEKNO INOVATE FRIZ 30/60 N 5+1,3714,120.11,8.01535E+12,1
10T3C121012SD,CIL TEKNO INOVATE FRIZ 40/50 N 5+1,3714,120.11,8.01535E+12,1
10T3C126012SD,CIL TEKNO INOVATE FRIZ 30/35 N 5+1,3714,100.7,8.01535E+12,1
10T3C127012SD,CIL TEKNO INOVATE FRIZ 30/45 N 5+1,3714,108.49,8.01535E+12,1
10T3C131012SD,CIL TEKNO INOVATE FRIZ 35/50 N 5+1,3714,116.23,8.01535E+12,1
10T3C707012SD,CIL TEKNO INOVATE RAS 30/30 N 5+1,3714,108.49,8.01535E+12,1
10T3C712012SD,CIL TEKNO INOVATE RAS 40/30 N 5+1,3714,116.23,8.01535E+12,1
10T3C781012SD,CIL TEKNO INOVATE RAS 35/30 N 5+1,3714,112.34,8.01535E+12,1
10T3C787012SD,CIL TEKNO INOVATE RAS 60/30 N 5+1,3714,131.76,8.01535E+12,1
10T3C790012SD,CIL TEKNO INOVATE RAS 50/30 N 5+1,3714,123.97,8.01535E+12,1
10T3C791012SD,CIL TEKNO INOVATE RAS 45/30 N 5+1,3714,120.11,8.01535E+12,1
10T3C792012SD,CIL TEKNO INOVATE RAS 55/30 N 5+1,3714,127.86,8.01535E+12,1
10T3M100012,COPPIA MODULI TEKNO INOVATE N,3713,56.65,8.01535E+12,1
10T3M10001200C5,COPPIA MODULI TEKNO INOVATE N 5 CHIAVI,3713,77.25,8.01535E+12,1
10T3M100066,COPPIA MODULI TEKNO INOVATE L,3713,56.65,0,1
10T3M10006600C5,COPPIA MODULI TEKNO INOVATE L 5 CHIAVI,3713,77.25,0,1
10T3M400012,MODULO SINGOLO TEKNO INOVATE N,3713,36.05,8.01535E+12,1
10T3M40001200C5,MODULO SINGOLO TEKNO INOVATE N 5 CHIAVI,3713,56.65,8.01535E+12,1
10T3M400066,MODULO SINGOLO TEKNO INOVATE L,3713,36.05,0,1
10T3M40006600C5,MODULO SINGOLO TEKNO INOVATE L 5 CHIAVI,3713,56.65,0,1
10T41000012,CIL. FILETT. TEKNO INOVATE N,3711,74.53,8.01535E+12,1
10T41501012,CIL. FILETT. MICRO TEKNO INOVATE N,3711,129.21,8.01535E+12,1
10T41503012,CIL. FILETT. MICRO TEKNO INOVATE N,3711,106.42,8.01535E+12,1
10T51000012,CIL. C500 TEKNO INOVATE N,3711,66.32,8.01535E+12,1
10T51010012,CIL. CON CORAZZA TEKNO INOVATE N,3711,104.32,8.01535E+12,1
10T610000,CIL. LUCCHETTO  TEKNO INOVATE N,3711,62.61,8.01535E+12,1
10T61010012,CIL. COM. EST. TEKNO INOVATE N,3711,62.61,8.01535E+12,1
10X11600012,COPPIA CIL.RX PER 50121,3882,251.47,8.01535E+12,1
10X1160001200R3,COP.CIL.RX X 50121 CIFR.RISERV.,3882,251.47,8.01535E+12,1
10X12000012,COPPIA CIL.RX PER 11731,3882,251.47,8.01535E+12,1
10X1200001200R3,COP.CIL.RX PER 11731 CIFR.RISERV.,3882,251.47,8.01535E+12,1
10X14900012,COPPIA CIL.RX PER 11721,3882,251.47,8.01535E+12,1
10X1490001200R3,COP.CIL.RX PER 11721 CIFR. RISERV.,3882,251.47,8.01535E+12,1
10X15000012,COPPIA CIL.RX PER 1A631-1A721-1A731,3882,251.47,8.01535E+12,1
10X1500001200R3,COP.CIL.RX PER 1A631-1A721-1A731 CIFR.RISERV.,3882,251.47,8.01535E+12,1
10X15600012,COPPIA CIL.RX PER 11670,3882,251.47,8.01535E+12,1
10X1560001200R3,COP.CIL.RX PER 11670 CIFR.RISER.,3882,251.47,8.01535E+12,1
10X21055012,CIL.RX CON TUBO,3882,210.53,8.01535E+12,1
10X2105501200R3,CIL.RX CON TUBO CIFRATURA RISERVATA,3882,210.53,8.01535E+12,1
10X3M100012,COPPIA MODULI RX,3885,206.08,8.01535E+12,1
10X3M10001200C5,10X3M10001200C5 : COPPIA MODULI RX | n chiavi 5,3885,261.05,0,1
10X3M10001200R3,COPPIA MODULI RX CIFRAT.RISERVATA,3885,206.08,8.01535E+12,1
10R3M707066,CIL RS5 RAS 30/30 L,3880,216.38,0,1
10X3M100012SMC5,COPPIA MODULI RX SMONTABILE C5,3885,261.05,8.01535E+12,1
10X3M100012SMR3,COPPIA MODULI RX SMONTABILE CIFRATURA RISERVATA,3885,206.08,8.01535E+12,1
10X3M100066,COPPIA MODULI RX,3885,206.08,8.01535E+12,1
10X3M100066SM,COPPIA MODULI RX SMONTABILE,3885,206.08,8.01535E+12,1
10X3M100066SMC5,COPPIA MODULI RX SMONTABILE C5,3885,261.05,8.01535E+12,1
10X3M107012,CIL RX FRIZ 30/30 N,3881,222.23,8.01535E+12,1
10X3M10701200R3,CIL RX 30/30 CIFRATURA RISERVATA,3881,222.23,8.01535E+12,1
10X3M10701200R5,CIL RX 30/30 N CIFRATURA RISERVATA,3881,277.2,8.01535E+12,1
10X3M107066,CIL RX FRIZ 30/30,3881,222.23,8.01535E+12,1
10X3M10706600C5,10X3M10706600C5 : CH.-CH. RX 30/30 L | n chiavi 5,3881,277.2,0,1
10X3M112012,CIL RX FRIZ 40/30 N,3881,245.63,8.01535E+12,1
10X3M11201200C5,10X3M11201200C5 : CH.-CH. RX 30/40 N | n chiavi 5,3881,300.62,0,1
10X3M11201200R3,CIL RX 40/30 CIFRATURA RISERVATA,3881,245.63,8.01535E+12,1
10X3M112066,CIL RX FRIZ 40/30,3881,245.63,8.01535E+12,1
10X3M11206600C5,10X3M11206600C5 : CH.-CH. RX 30/40 L | n chiavi 5,3881,300.62,0,1
10X3M113012,CIL RX FRIZ 35/35 N,3881,245.63,8.01535E+12,1
10X3M11301200C5,10X3M11301200C5 : CIL RX FRIZ 35 35 N | n chiavi 5,3881,300.62,0,1
10X3M11301200R3,CIL RX 35/35 CIFRATURA RISERVATA,3881,245.63,8.01535E+12,1
10X3M113066,CIL RX FRIZ 35/35,3881,245.63,8.01535E+12,1
10X3M117012,CIL RX FRIZ 30/50 N,3881,269.03,8.01535E+12,1
10X3M11701200R3,CIL RX 30/50 CIFRATURA RISERVATA,3881,269.03,8.01535E+12,1
10X3M11701200R5,CIL RX FRIZ 30/50 N,3881,323.99,8.01535E+12,1
10X3M117066,CIL RX FRIZ 30/50,3881,269.03,8.01535E+12,1
10X3M118012,CIL RX FRIZ 40/40 N,3881,269.03,8.01535E+12,1
10X3M11801200R3,CIL RX 40/40 CIFRATURA RISERVATA,3881,269.03,8.01535E+12,1
10X3M118066,CIL RX FRIZ 40/40,3881,269.03,8.01535E+12,1
10X3M119012,CIL RX FRIZ 35/45 N,3881,269.03,8.01535E+12,1
10X3M11901200R3,CIL RX 35/45 CIFRATURA RISERVATA,3881,269.03,8.01535E+12,1
10X3M119066,CIL RX FRIZ 35/45,3881,269.03,8.01535E+12,1
10X3M120012,CIL RX FRIZ 30/60 N,3881,292.42,8.01535E+12,1
10X3M12001200R3,CIL RX 30/60 CIFRATURA RISERVATA,3881,292.42,8.01535E+12,1
10X3M12001200R5,CIL RX FRIZ 30/60 N,3881,347.38,8.01535E+12,1
10X3M120066,CIL RX FRIZ 30/60,3881,292.42,8.01535E+12,1
10X3M121012,CIL RX FRIZ 40/50 N,3881,292.42,8.01535E+12,1
10X3M12101200R3,CIL RX 40/50 CIFRATURA RISERVATA,3881,292.42,8.01535E+12,1
10X3M12101200R5,CIL RX FRIZ 40/50 N,3881,347.38,8.01535E+12,1
10X3M121066,CIL RX FRIZ 40/50,3881,292.42,8.01535E+12,1
10X3M122012,CIL RX FRIZ 35/65 N,3881,315.81,8.01535E+12,1
10X3M12201200R3,CIL RX 35/65 CIFRATURA RISERVATA,3881,315.81,8.01535E+12,1
10X3M122066,CIL RX FRIZ 35/65,3881,315.81,8.01535E+12,1
10X3M123012,CIL RX FRIZ 50/50 N,3881,315.81,8.01535E+12,1
10X3M12301200R3,CIL RX 50/50 CIFRATURA RISERVATA,3881,315.81,8.01535E+12,1
10X3M123066,CIL RX FRIZ 50/50,3881,315.81,8.01535E+12,1
10X3M124012,CIL RX FRIZ 30/70 N,3881,315.81,8.01535E+12,1
10X3M12401200R3,CIL RX 30/70 CIFRATURA RISERVATA,3881,315.81,8.01535E+12,1
10X3M12401200R5,CIL RX FRIZ 30/70 N,3881,370.77,8.01535E+12,1
10X3M124066,CIL RX FRIZ 30/70,3881,315.81,8.01535E+12,1
10X3M125012,CIL RX FRIZ 40/60 N,3881,315.81,8.01535E+12,1
10X3M12501200R3,CIL RX 40/60 CIFRATURA RISERVATA,3881,315.81,8.01535E+12,1
10X3M125066,CIL RX FRIZ 40/60,3881,315.81,8.01535E+12,1
10X3M126012,CIL RX FRIZ 30/35 N,3881,233.93,8.01535E+12,1
10X3M12601200C5,10X3M12601200C5 : CH.-CH. RX 30/35 N | n chiavi 5,3881,288.92,0,1
10X3M12601200R3,CIL RX 30/35 CIFRATURA RISERVATA,3881,233.93,8.01535E+12,1
10X3M126066,CIL RX FRIZ 30/35,3881,233.93,8.01535E+12,1
10X3M12606600C5,10X3M12606600C5 : CH.-CH. RX 30/35 L | n chiavi 5,3881,288.92,0,1
10X3M127012,CIL RX FRIZ 30/45 N,3881,257.32,8.01535E+12,1
10X3M12701200R3,CIL RX 30/45 CIFRATURA RISERVATA,3881,257.32,8.01535E+12,1
10X3M12701200R5,CIL RX FRIZ 30/45 N,3881,312.3,8.01535E+12,1
10X3M127066,CIL RX FRIZ 30/45,3881,257.32,8.01535E+12,1
10X3M128012,CIL RX FRIZ 35/40 N,3881,257.32,8.01535E+12,1
10X3M12801200R3,CIL RX 35/40 CIFRATURA RISERVATA,3881,257.32,8.01535E+12,1
10X3M128066,CIL RX FRIZ 35/40,3881,257.32,8.01535E+12,1
10X3M129012,CIL RX FRIZ 45/45 N,3881,292.42,8.01535E+12,1
10X3M12901200R3,CIL RX 45/45 CIFRATURA RISERVATA,3881,292.42,8.01535E+12,1
10X3M129066,CIL RX FRIZ 45/45,3881,292.42,8.01535E+12,1
10X3M130012,CIL RX FRIZ 40/45 N,3881,280.72,8.01535E+12,1
10X3M13001200R3,CIL RX 40/45 CIFRATURA RISERVATA,3881,280.72,8.01535E+12,1
10X3M130066,CIL RX FRIZ 40/45,3881,280.72,8.01535E+12,1
10X3M131012,CIL RX FRIZ 35/50 N,3881,280.72,8.01535E+12,1
10X3M13101200R3,CIL RX 35/50 CIFRATURA RISERVATA,3881,280.72,8.01535E+12,1
10X3M13101200R5,CIL RX FRIZ 35/50 N,3881,335.69,8.01535E+12,1
10X3M131066,CIL RX FRIZ 35/50,3881,280.72,8.01535E+12,1
10X3M132012,CIL RX FRIZ 35/55 N,3881,292.42,8.01535E+12,1
10X3M13201200C5,10X3M13201200C5 : CIL RX FRIZ 35 55 N | n chiavi 5,3881,347.4,0,1
10X3M13201200R3,CIL RX 35/55 CIFRATURA RISERVATA,3881,292.42,8.01535E+12,1
10X3M132066,CIL RX FRIZ 35/55,3881,292.42,8.01535E+12,1
10X3M133012,CIL RX FRIZ 30/55 N,3881,280.72,8.01535E+12,1
10X3M13301200R3,CIL RX 30/55 CIFRATURA RISERVATA,3881,280.72,8.01535E+12,1
10X3M135012,CIL RX FRIZ 40/70 N,3881,339.2,8.01535E+12,1
10X3M135066,CIL RX FRIZ 40/70,3881,339.2,8.01535E+12,1
10X3M136012,CIL RX FRIZ 50/60 N,3881,339.2,8.01535E+12,1
10X3M13601200R3,CIL RX FRIZ 50/60 CIFRATURA RISERVATA,3881,339.2,8.01535E+12,1
10X3M136066,CIL RX FRIZ 50/60,3881,339.2,8.01535E+12,1
10X3M137012,CIL RX FRIZ 30/80 N,3881,339.2,8.01535E+12,1
10X3M13701200R3,CIL RX FRIZ 30/80 CIFRATURA RISERVATA,3881,339.2,8.01535E+12,1
10X3M137066,CIL RX FRIZ 30/80,3881,339.2,8.01535E+12,1
10X3M138012,CIL RX FRIZ 35/60 N,3881,304.11,8.01535E+12,1
10X3M13801200R3,CIL RX 35/60 CIFRATURA RISERVATA,3881,304.11,8.01535E+12,1
10X3M138066,CIL RX FRIZ 35/60,3881,304.11,8.01535E+12,1
10X3M139012,CIL RX FRIZ 45/50 N,3881,304.11,8.01535E+12,1
10X3M13901200R3,CIL RX 45/50 CIFRATURA RISERVATA,3881,304.11,8.01535E+12,1
10X3M140012,CIL RX FRIZ 60/60 N,3881,362.59,8.01535E+12,1
10X3M141012,CIL RX FRIZ 30/65 N,3881,304.11,8.01535E+12,1
10X3M14101200R3,CIL RX FRIZ 30/65 CIFRATURA RISERVATA,3881,304.11,8.01535E+12,1
10X3M142012,CIL RX FRIZ 40/55 N,3881,304.11,8.01535E+12,1
10X3M14201200R3,CIL RX 40/55 CIFRATURA RISERVATA,3881,304.11,8.01535E+12,1
10X3M142066,CIL RX FRIZ 40/55,3881,304.11,8.01535E+12,1
10X3M143012,CIL RX FRIZ 45/55 N,3881,315.81,8.01535E+12,1
10X3M14301200R3,CIL RX 45/55 CIFRATURA RISERVATA,3881,315.81,8.01535E+12,1
10X3M143066,CIL RX FRIZ 45/55,3881,315.81,8.01535E+12,1
10X3M144012,CIL RX FRIZ 40/65 N,3881,327.5,8.01535E+12,1
10X3M144066,CIL RX FRIZ 40/65,3881,327.5,8.01535E+12,1
10X3M145012,CIL RX FRIZ 45/65 N,3881,339.2,8.01535E+12,1
10X3M149012,CIL RX FRIZ 35/70 N,3881,327.5,8.01535E+12,1
10X3M152012,CIL RX FRIZ 30/90 N,3881,362.59,8.01535E+12,1
10X3M153012,CIL RX FRIZ 30/100 N,3881,385.98,8.01535E+12,1
10X3M154012,CIL RX FRIZ 45/60 N,3881,327.5,8.01535E+12,1
10X3M15401200R3,CIL RX 45/60 CIFRATURA RISERVATA,3881,327.5,8.01535E+12,1
10X3M155012,CIL RX FRIZ 50/80 N,3881,385.98,8.01535E+12,1
10X3M155066,CIL RX FRIZ 50/80,3881,385.98,8.01535E+12,1
10X3M156012,CIL RX FRIZ 30/75 N,3881,327.5,8.01535E+12,1
10X3M157012,CIL RX FRIZ 35/75 N,3881,339.2,8.01535E+12,1
10X3M159012,CIL RX FRIZ 40/75 N,3881,350.89,8.01535E+12,1
10X3M160012,CIL RX FRIZ 40/80 N,3881,362.59,8.01535E+12,1
10X3M160066,CIL RX FRIZ 40/80,3881,362.59,8.01535E+12,1
10X3M161012,CIL RX FRIZ 45/70 N,3881,350.89,8.01535E+12,1
10X3M164012,CIL RX FRIZ 55/50 N,3881,327.5,8.01535E+12,1
10X3M165012,CIL RX FRIZ 50/65 N,3881,350.89,8.01535E+12,1
10X3M166012,CIL RX FRIZ 50/70 N,3881,362.59,8.01535E+12,1
10X3M170012,CIL RX FRIZ 55/55 N,3881,339.2,8.01535E+12,1
10X3M170066,CIL RX FRIZ 55/55,3881,339.2,8.01535E+12,1
10X3M171012,CIL RX FRIZ 55/60 N,3881,350.89,8.01535E+12,1
10X3M177012,CIL RX FRIZ 30/85 N,3881,350.89,8.01535E+12,1
10X3M177066,CIL RX FRIZ 30/85,3881,350.89,8.01535E+12,1
10X3M207012,CIL RX POM 30/30 N,3881,210.53,8.01535E+12,1
10X3M20701200C5,10X3M20701200C5 : CIL RX POM 30/30 N | n chiavi 5,3881,265.51,0,
10X3M207066,CIL RX POM 30/30,3881,210.53,8.01535E+12,1
10X3M212012,CIL RX POM 40/30 N,3881,233.93,8.01535E+12,1
10X3M212066,CIL RX POM 40/30,3881,233.93,8.01535E+12,1
10X3M213012,CIL RX POM 35/35 N                                ,3881,233.93,0,1
10X3M217012,CIL RX POM 30/50 N,3881,257.32,8.01535E+12,1
10X3M21701200R3,CIL RX POM 30/50 CIFRATURA RISERVAT,3881,257.32,8.01535E+12,1
10X3M217066,CIL RX POM 30/50,3881,257.32,8.01535E+12,1
10X3M218012,CIL RX POM 40/40 N                                ,3881,257.32,0,1
10X3M219012,CIL RX POM 35/45 N                                ,3881,257.32,0,1
10X3M220012,CIL RX POM 30/60 N,3881,280.72,8.01535E+12,1
10X3M22001200R3,CIL RX POM 30/60 CIFRATURA RISERVAT,3881,280.72,8.01535E+12,1
10X3M220066,CIL RX POM 30/60,3881,280.72,8.01535E+12,1
10X3M221012,CIL RX POM 40/50 N,3881,280.72,8.01535E+12,1
10X3M22101200R3,CIL RX POM 40/50 CIFRATURA RISERVAT,3881,280.72,8.01535E+12,1
10X3M223012,CIL RX POM 50/50 N,3881,304.11,8.01535E+12,1
10X3M22301200R3,CIL RX POM 50/50 CIFRATURA RISERVAT,3881,304.11,8.01535E+12,1
10X3M223066,CIL RX POM 50/50,3881,304.11,8.01535E+12,1
10X3M225012,CIL RX POM 40/60 N,3881,304.11,8.01535E+12,1
10X3M225066,CIL RX POM 40/60,3881,304.11,8.01535E+12,1
10X3M226012,CIL RX POM 30/35 N,3881,222.23,8.01535E+12,1
10X3M226066,CIL RX POM 30/35,3881,222.23,8.01535E+12,1
10X3M227012,CIL RX POM 30/45 N,3881,245.63,8.01535E+12,1
10X3M227066,CIL RX POM 30/45,3881,245.63,8.01535E+12,1
10X3M228012,CIL RX POM 35/40 N                                ,3881,245.63,0,1
10X3M229012,CIL RX POM 45/45 N                                ,3881,280.72,0,1
10X3M230012,CIL RX POM 40/45 N,3881,269.03,8.01535E+12,1
10X3M230066,CIL RX POM 40/45,3881,269.03,8.01535E+12,1
10X3M239012,CIL RX POM 45/50 N,3881,292.42,8.01535E+12,1
10X3M239066,CIL RX POM 45/50,3881,292.42,8.01535E+12,1
10X3M281012,CIL RX POM 35/30 N                                ,3881,222.23,0,1
10X3M282012,CIL RX POM 30/40 N                                ,3881,233.93,0,1
10X3M283012,CIL RX POM 40/35 N                                ,3881,245.63,0,1
10X3M287012,CIL RX POM 60/30 N,3881,280.72,8.01535E+12,1
10X3M291012,CIL RX POM 45/30 N,3881,245.63,8.01535E+12,1
10X3M400012,MODULO SINGOLO RX,3885,155.95,8.01535E+12,1
10X3M40001200C5,10X3M40001200C5 : 1/2 RX 30/30 N | n chiavi 5,3885,210.93,0,1
10X3M40001200R3,MODULO SINGOLO RX CIFRATURA RISERVATA,3885,155.95,8.01535E+12,1
10X3M100012SM,COPPIA MODULI RX SMONTABILE,3885,206.08,8.01535E+12,1
10X3M400012SMC5,MODULO SINGOLO RX SMONTABILE C5,3885,210.92,8.01535E+12,1
10X3M400012SMR3,MODULO SINGOLO RX SMONTABILE CIFRATURA RISERVATA,3885,155.95,8.01535E+12,1
10X3M400066,MODULO SINGOLO RX,3885,155.95,8.01535E+12,1
10X3M40006600C5,10X3M40006600C5 : 1/2 RX 30/30 L | n chiavi 5,3885,210.93,0,1
10X3M400066SM,MODULO SINGOLO RX SMONTABILE,3885,155.95,8.01535E+12,1
10X3M400066SMC5,MODULO SINGOLO RX SMONTABILE C5,3885,210.92,8.01535E+12,1
10X3M402012,CIL RX MEZZO 30/10 N,3881,175.45,8.01535E+12,1
10X3M40201200R3,CIL RX 30/10 CIFRATURA RISERVATA,3881,175.45,8.01535E+12,1
10X3M402066,CIL RX MEZZO 30/10,3881,175.45,8.01535E+12,1
10X3M403012,CIL RX MEZZO 40/10 N,3881,198.84,8.01535E+12,1
10X3M40301200R3,CIL RX 40/10 CIFRATURA RISERVATA,3881,198.84,8.01535E+12,1
10X3M403066,CIL RX MEZZO 40/10,3881,198.84,8.01535E+12,1
10X3M404012,CIL RX MEZZO 50/10 N,3881,222.23,8.01535E+12,1
10X3M404066,CIL RX MEZZO 50/10,3881,222.23,8.01535E+12,1
10X3M405012,CIL RX MEZZO 60/10 N                              ,3881,245.63,0,1
10X3M406012,CIL RX MEZZO 70/10 N                              ,3881,269.03,0,1
10X3M407012,CIL RX MEZZO 35/10 N,3881,187.14,8.01535E+12,1
10X3M40701200R3,CIL RX 35/10 CIFRATURA RISERVATA,3881,187.14,8.01535E+12,1
10X3M408012,CIL RX MEZZO 45/10 N                              ,3881,210.53,0,1
10X3M420012,CIL RX MEZZO 80/10 N                              ,3881,292.42,0,1
10X3M421012,CIL RX MEZZO 65/10 N                              ,3881,257.32,0,1
10X3M435012,CIL RX MEZZO 55/10 N                              ,3881,233.93,0,1
10X3M707012,CIL RX RAS 30/30 N,3881,216.38,8.01535E+12,1
10X3M70701200C5,CIL RX RAS 30/30 N,3881,271.35,8.01535E+12,1
10X3M70701200R3,CIL RX 30/30 CIFRATURA RISERVATA,3881,216.38,8.01535E+12,1
10X3M70701200R5,CIL RX 30/30 CIFRATURA RISERVATA,3881,271.35,8.01535E+12,1
10X3M712012,CIL RX RAS 40/30 N,3881,239.77,8.01535E+12,1
10X3M71201200C5,CIL RX RAS 40/30 N,3881,294.74,8.01535E+12,1
10X3M71201200R3,CIL RX 40/30 CIFRATURA RISERVATA,3881,239.77,8.01535E+12,1
10X3M71201200R5,CIL RX 40/30 CIFRATURA RISERVATA,3881,294.74,8.01535E+12,1
10X3M756012,CIL RX RAS 75/30 N,3881,321.65,8.01535E+12,1
10X3M781012,CIL RX RAS 35/30 N,3881,228.08,8.01535E+12,1
10X3M78101200C5,CIL RX RAS 35/30 N,3881,283.05,8.01535E+12,1
10X3M78101200R3,CIL RX 35/30 CIFRATURA RISERVATA,3881,228.08,8.01535E+12,1
10X3M787012,CIL RX RAS 60/30 N,3881,286.56,8.01535E+12,1
10X3M78701200R3,CIL RX 60/30 CIFRATURA RISERVATA,3881,286.56,8.01535E+12,1
10X3M788012,CIL RX RAS 70/30 N,3881,309.95,8.01535E+12,1
10X3M78801200R3,CIL RX 70/30 CIFRATURA RISERVATA,3881,309.95,8.01535E+12,1
10X3M790012,CIL RX RAS 50/30 N,3881,263.17,8.01535E+12,1
10X3M79001200R3,CIL RX 50/30 CIFRATURA RISERVATA,3881,263.17,8.01535E+12,1
10X3M79001200R5,CIL RX 50/30 CIFRATURA RISERVATA,3881,318.15,8.01535E+12,1
10X3M791012,CIL RX RAS 45/30 N,3881,251.47,8.01535E+12,1
10X3M79101200R3,CIL RX 45/30 CIFRATURA RISERVATA,3881,251.47,8.01535E+12,1
10X3M792012,CIL RX RAS 55/30 N,3881,274.87,8.01535E+12,1
10X3M79201200R3,CIL RX 55/30 CIFRATURA RISERVATA,3881,274.87,8.01535E+12,1
10X3M793012,CIL RX RAS 80/30 N,3881,333.35,8.01535E+12,1
10X3M79301200R3,CIL RX 80/30 CIFRATURA RISERVATA,3881,333.35,8.01535E+12,1
10X3M7A3012,CIL RX RAS 65/30 N,3881,298.26,8.01535E+12,1
10X3M7A301200R3,CIL RX 65/30 CIFRATURA RISERVATA,3881,298.26,8.01535E+12,1
10X3M7C6012,CIL RX RAS 90/30 N,3881,356.74,8.01535E+12,1
10X3M7C601200R3,CIL RX 90/30 CIFRATURA RISERVATA,3881,356.74,8.01535E+12,1
10X3M7C7012,CIL RX RAS 100/30 N,3881,380.13,8.01535E+12,1
10X3M7C701200R3,CIL RX 100/30 CIFRATURA RISERVATA,3881,380.13,8.01535E+12,1
10X41000012,CIL. FILETTATO RX,3882,210.53,8.01535E+12,1
10X41501012,CIL. FILETTATO RX MICROSWICH,3882,280.72,8.01535E+12,1
10X51000012,CIL.C500 RX,3882,210.53,8.01535E+12,1
10X5100001200R3,CIL.C500 RX CIFRATURA RISERVATA,3882,210.53,8.01535E+12,1
10X610000,CLL RX X LUCCH.CORAZZATI,3882,192.99,8.01535E+12,1
10X6100000000R3,CLL RX X CORAZZATI CIFR.RISERV.,3882,192.99,8.01535E+12,1
111610501,ELETTROSERR.APPLICARE,1018,89.35,8.01535E+12,5
111610501N7,ELETTROSERR.APPLICARE,1018,71.48,8.01535E+12,5
111610502N7,ELETTROSERR.APPLICARE,1018,71.48,8.01535E+12,5
111610601,ELETTROSERR.APPLICARE,1018,89.35,8.01535E+12,5
111610601N7,ELETTROSERR.APPLICARE,1018,71.48,8.01535E+12,5
111610602N7,ELETTROSERR.APPLICARE,1018,71.48,8.01535E+12,5
111610603,ELETTROSERR.APPLICARE,1018,103.09,8.01535E+12,5
1116106030000C5,ELETTROSERR.APPLICARE,1018,110.78,8.01535E+12,5
1116106040000C5,ELETTROSERR.APPLICARE,1018,103.09,8.01535E+12,5
111610701N7,ELETTROSERR.APPLICARE,1018,71.48,8.01535E+12,5
111610702,ELETTROSERR.APPLICARE,1018,89.35,8.01535E+12,5
111610702N7,ELETTROSERR.APPLICARE,1018,71.48,8.01535E+12,5
111610801,ELETTROSERR.APPLICARE,1018,89.35,8.01535E+12,5
111610801N7,ELETTROSERR.APPLICARE,1018,71.48,8.01535E+12,5
111610802,ELETTROSERR.APPLICARE,1018,89.35,8.01535E+12,5
111610802N7,ELETTROSERR.APPLICARE,1018,71.48,8.01535E+12,5
111611501,ELETTROSERR.APPLICARE,1018,91.07,8.01535E+12,5
111611501N7,ELETTROSERR.APPLICARE,1018,72.85,8.01535E+12,5
111611502,ELETTROSERR.APPLICARE,1018,91.07,8.01535E+12,5
111611502N7,ELETTROSERR.APPLICARE,1018,72.85,8.01535E+12,5
111611601,ELETTROSERR.APPLICARE,1018,91.07,8.01535E+12,5
111611601N7,ELETTROSERR.APPLICARE,1018,72.85,8.01535E+12,5
111611602N7,ELETTROSERR.APPLICARE,1018,72.85,8.01535E+12,5
111611701N7,ELETTROSERR.APPLICARE,1018,72.85,8.01535E+12,5
111611702,ELETTROSERR.APPLICARE,1018,91.07,8.01535E+12,5
111611702N7,ELETTROSERR.APPLICARE,1018,72.85,8.01535E+12,5
111611801N7,ELETTROSERR.APPLICARE,1018,72.85,8.01535E+12,5
111611802N7,ELETTROSERR.APPLICARE,1018,72.85,8.01535E+12,5
111630501,ELETTROSERR.APPLICARE,1018,98.21,8.01535E+12,5
111630501N7,ELETTROSERR.APPLICARE,1018,78.57,8.01535E+12,5
111630502N7,ELETTROSERR.APPLICARE,1018,78.57,8.01535E+12,5
111630503,ELETTROSERR.APPLICARE,1018,113.49,8.01535E+12,1
111630503N7,ELETTROSERR.APPLICARE,1018,90.79,8.01535E+12,5
111630504,ELETTROSERR.APPLICARE,1018,113.49,8.01535E+12,1
111630504N7,ELETTROSERR.APPLICARE,1018,90.79,8.01535E+12,5
111630601N7,ELETTROSERR.APPLICARE,1018,78.57,8.01535E+12,5
111630602,ELETTROSERR.APPLICARE,1018,98.21,8.01535E+12,5
111630602N7,ELETTROSERR.APPLICARE,1018,78.57,8.01535E+12,5
111630603,ELETTROSERR.APPLICARE,1018,113.49,8.01535E+12,5
111630603N7,ELETTROSERR.APPLICARE,1018,90.79,8.01535E+12,5
111630604,ELETTROSERR.APPLICARE,1018,113.49,8.01535E+12,5
1116306040000C5,ELETTROSERR.APPLICARE,1018,121.19,8.01535E+12,5
111630604N7,ELETTROSERR.APPLICARE,1018,90.79,8.01535E+12,5
111630701N7,ELETTROSERR.APPLICARE,1018,78.57,8.01535E+12,5
111630702,ELETTROSERR.APPLICARE,1018,98.21,8.01535E+12,5
111630702N7,ELETTROSERR.APPLICARE,1018,78.57,8.01535E+12,5
111630703N7,ELETTROSERR.APPLICARE,1018,90.79,8.01535E+12,5
111630704N7,ELETTROSERR.APPLICARE,1018,90.79,8.01535E+12,5
111630801N7,ELETTROSERR.APPLICARE,1018,78.57,8.01535E+12,5
111630802N7,ELETTROSERR.APPLICARE,1018,78.57,8.01535E+12,5
111630803N7,ELETTROSERR.APPLICARE,1018,90.79,8.01535E+12,5
111630804N7,ELETTROSERR.APPLICARE,1018,90.79,8.01535E+12,5
111631501,ELETTROSERR.APPLICARE,1018,100.07,8.01535E+12,1
111631501N7,ELETTROSERR.APPLICARE,1018,80.05,8.01535E+12,5
111631502N7,ELETTROSERR.APPLICARE,1018,80.05,8.01535E+12,5
111631601,ELETTROSERR.APPLICARE,1018,100.07,8.01535E+12,5
111631601N7,ELETTROSERR.APPLICARE,1018,80.05,8.01535E+12,5
111631602N7,ELETTROSERR.APPLICARE,1018,80.05,8.01535E+12,5
111631701N7,ELETTROSERR.APPLICARE,1018,80.05,8.01535E+12,5
111631702N7,ELETTROSERR.APPLICARE,1018,80.05,8.01535E+12,5
111670501N7,ELETTROSERR.APPLICARE,1019,122.46,8.01535E+12,5
111670502,ELETTROSERR.APPLICARE,1019,153.07,8.01535E+12,5
111670502N7,ELETTROSERR.APPLICARE,1019,122.46,8.01535E+12,5
111670601,ELETTROSERR.APPLICARE,1019,153.07,8.01535E+12,5
111670601N7,ELETTROSERR.APPLICARE,1019,122.46,8.01535E+12,5
111670602,ELETTROSERR.APPLICARE,1019,153.07,8.01535E+12,5
111670602N7,ELETTROSERR.APPLICARE,1019,122.46,8.01535E+12,5
111670701N7,ELETTROSERR.APPLICARE,1019,122.46,8.01535E+12,5
111670702N7,ELETTROSERR.APPLICARE,1019,122.46,8.01535E+12,5
111670801,ELETTROSERR.APPLICARE,1019,153.07,8.01535E+12,5
111670802,ELETTROSERR.APPLICARE,1019,153.07,8.01535E+12,5
111671701N7,ELETTROSERR.APPLICARE,1019,124.19,8.01535E+12,5
111671702,ELETTROSERR.APPLICARE,1019,155.24,8.01535E+12,5
111671702N7,ELETTROSERR.APPLICARE,1019,124.19,8.01535E+12,5
111671801,ELETTROSERR.APPLICARE,1019,155.24,8.01535E+12,5
111721501,ELETTROSERR.APPLICARE,1015,95.47,8.01535E+12,5
111721501N7,ELETTROSERR.APPLICARE VERNICIATA,1015,76.37,8.01535E+12,5
111721502,ELETTROSERR.APPLICARE,1015,95.47,8.01535E+12,5
111721502N7,ELETTROSERR.APPLICARE VERNCIATA,1015,76.37,8.01535E+12,5
111721601,ELETTROSERR.APPLICARE,1015,95.47,8.01535E+12,5
111721601N7,ELETTROSERR.APPLICARE VERNICIATA,1015,76.37,8.01535E+12,5
111721602,ELETTROSERR.APPLICARE,1015,95.47,8.01535E+12,5
111721602N7,ELETTROSERR.APPLICARE VERNICIATA,1015,76.37,8.01535E+12,5
111721701,ELETTROSERR.APPLICARE,1015,95.47,8.01535E+12,5
111721701N7,ELETTROSERR.APPLICARE VERNICIATA,1015,76.37,8.01535E+12,5
111721702,ELETTROSERR.APPLICARE,1015,95.47,8.01535E+12,5
111721702N7,ELETTROSERR.APPLICARE VERNICIATA,1015,76.37,8.01535E+12,5
111721801,ELETTROSERR.APPLICARE,1015,95.47,8.01535E+12,5
111721801N7,ELETTROSERR.APPLICARE VERNICIATA,1015,76.37,8.01535E+12,5
111721802,ELETTROSERR.APPLICARE,1015,95.47,8.01535E+12,5
111721802N7,ELETTROSERR.APPLICARE VERNICIATA,1015,76.37,8.01535E+12,5
111731501,ELETTROSERR.APPLICARE,1015,97.54,8.01535E+12,5
111731501N7,ELETTROSERR.APPLICARE VERNICIATA,1015,78.03,8.01535E+12,5
111731502,ELETTROSERR.APPLICARE,1015,97.54,8.01535E+12,5
111731502N7,ELETTROSERR.APPLICARE VERNICIATA,1015,78.03,8.01535E+12,5
111731601,ELETTROSERR.APPLICARE,1015,97.54,8.01535E+12,5
111731601N7,ELETTROSERR.APPLICARE VERNICIATA,1015,78.03,8.01535E+12,5
111731602N7,ELETTROSERR.APPLICARE VERNICIATA,1015,78.03,8.01535E+12,5
111731701,ELETTROSERR.APPLICARE,1015,97.54,8.01535E+12,5
111731701N7,ELETTROSERR.APPLICARE VERNICIATA,1015,78.03,8.01535E+12,5
111731702,ELETTROSERR.APPLICARE,1015,97.54,8.01535E+12,5
111731702N7,ELETTROSERR.APPLICARE VERNICIATA,1015,78.03,8.01535E+12,5
111731801N7,ELETTROSERR.APPLICARE VERNICIATA,1015,78.03,8.01535E+12,5
111731802,ELETTROSERR.APPLICARE,1015,97.54,8.01535E+12,5
111731802N7,ELETTROSERR.APPLICARE VERNICIATA,1015,78.03,8.01535E+12,5
111761501N7,ELETTROSERR.APPLICARE VERNICIATA,1016,111.37,8.01535E+12,5
111761502N7,ELETTROSERR.APPLICARE VERNICIATA,1016,111.37,8.01535E+12,5
111761601,ELETTROSERR.APPLICARE,1016,139.23,8.01535E+12,5
111761601N7,ELETTROSERR.APPLICARE VERNICIATA,1016,111.37,8.01535E+12,5
111761602N7,ELETTROSERR.APPLICARE VERNICIATA,1016,111.37,8.01535E+12,5
111761701,ELETTROSERR.APPLICARE,1016,139.23,8.01535E+12,5
111761701N7,ELETTROSERR.APPLICARE VERNICIATA,1016,111.37,8.01535E+12,5
111761702N7,ELETTROSERR.APPLICARE VERNICIATA,1016,111.37,8.01535E+12,5
111771501,ELETTROSERR.APPLICARE,1016,141.88,8.01535E+12,5
111771501N7,ELETTROSERR.APPLICARE VERNICIATA,1016,113.52,8.01535E+12,5
111771502N7,ELETTROSERR.APPLICARE VERNICIATA,1016,113.52,8.01535E+12,5
111771601N7,ELETTROSERR.APPLICARE VERNICIATA,1016,113.52,8.01535E+12,5
111771602N7,ELETTROSERR.APPLICARE VERNICIATA,1016,113.52,8.01535E+12,5
111771701,ELETTROSERR.APPLICARE,1016,141.88,8.01535E+12,5
111771701N7,ELETTROSERR.APPLICARE VERNICIATA,1016,113.52,8.01535E+12,5
111771702N7,ELETTROSERR.APPLICARE VERNICIATA,1016,113.52,8.01535E+12,5
111823801N7,ELETTROSERR.VERTICALE APP.VERNICIATA,1015,82.31,8.01535E+12,1
111823802,ELETTROSERR.VERTICALE APP,1015,102.89,8.01535E+12,5
111823802N7,ELETTROSERR.VERTICALE APP.VERNICIATA,1015,82.31,8.01535E+12,1
111921501,ELETTROSERR.APPLICARE,1015,87.58,8.01535E+12,5
111921503N7,ELETTROSERR.APPLICARE VERNICIATA,1015,81.22,8.01535E+12,5
111921504N7,ELETTROSERR.APPLICARE VERNICIATA,1015,81.22,8.01535E+12,5
111921603N7,ELETTROSERR.APPLICARE VERNICIATA,1015,81.22,8.01535E+12,5
111921604N7,ELETTROSERR.APPLICARE VERNICIATA,1015,81.22,8.01535E+12,5
111921703N7,ELETTROSERR.APPLICARE VERNICIATA,1015,81.22,8.01535E+12,5
111921704N7,ELETTROSERR.APPLICARE VERNICIATA,1015,81.22,8.01535E+12,5
111921803N7,ELETTROSERR.APPLICARE VERNICIATA,1015,81.22,8.01535E+12,5
111921804N7,ELETTROSERR.APPLICARE VERNICIATA,1015,81.22,8.01535E+12,5
111931503N7,ELETTROSERR.APPLICARE VERNICIATA,1015,88.48,8.01535E+12,5
111931504N7,ELETTROSERR.APPLICARE VERNICIATA,1015,88.48,8.01535E+12,5
111931603N7,ELETTROSERR.APPLICARE VERNICIATA,1015,88.48,8.01535E+12,5
111931604N7,ELETTROSERR.APPLICARE VERNICIATA,1015,88.48,8.01535E+12,5
111931703N7,ELETTROSERR.APPLICARE VERNICIATA,1015,88.48,8.01535E+12,5
111931704N7,ELETTROSERR.APPLICARE VERNICIATA,1015,88.48,8.01535E+12,5
111931803N7,ELETTROSERR.APPLICARE VERNICIATA,1015,88.48,8.01535E+12,5
111931804N7,ELETTROSERR.APPLICARE VERNICIATA,1015,88.48,8.01535E+12,5
112010400,ELETTROSERR. INFILARE,2021,164.32,8.01535E+12,12
11201040012,ELETTROSERR.INF.NICHEL.,2021,175.49,8.01535E+12,1
112010500,ELETTROSERR. INFILARE,2021,164.32,8.01535E+12,12
11201050012,ELETTROSERR.INF.NICHEL.,2021,175.49,8.01535E+12,1
112010600,ELETTROSERR. INFILARE,2021,164.32,8.01535E+12,12
11201060012,ELETTROSERR.INF.NICHEL.,2021,175.49,8.01535E+12,1
112010700,ELETTROSERR. INFILARE,2021,164.32,8.01535E+12,12
10X3M400012SM,MODULO SINGOLO RX SMONTABILE,3885,155.95,8.01535E+12,1
112011400,ELETTROSERR. INFILARE,2021,164.32,8.01535E+12,12
11201140012,ELETTROSERR.INF.NICHEL.,2021,175.49,8.01535E+12,1
112011500,ELETTROSERR. INFILARE,2021,164.32,8.01535E+12,12
11201150012,ELETTROSERR.INF.NICHEL.,2021,175.49,8.01535E+12,1
112011600,ELETTROSERR. INFILARE,2021,164.32,8.01535E+12,12
11201160012,ELETTROSERR.INF.NICHEL.,2021,175.49,8.01535E+12,1
112011700,ELETTROSERR. INFILARE,2021,164.32,8.01535E+12,12
11201170012,ELETTROSERR.INF.NICHEL.,2021,175.49,8.01535E+12,1
112015400,ELETTROSERR.INFILARE,2021,167.99,8.01535E+12,12
11201540012,ELETTROSERR.INFILARE,2021,179.19,8.01535E+12,1
112015500,ELETTROSERR.INFILARE,2021,167.99,8.01535E+12,12
11201550012,ELETTROSERR.INFILARE,2021,179.19,8.01535E+12,1
112015600,ELETTROSERR.INFILARE,2021,167.99,8.01535E+12,12
11201560012,ELETTROSERR.INFILARE,2021,179.19,8.01535E+12,1
112015700,ELETTROSERR.INFILARE,2021,167.99,8.01535E+12,12
112016400,ELETTROSERR.INFILARE,2021,167.99,8.01535E+12,12
11201640012,ELETTROSERR.INFILARE -NK-,2021,179.19,8.01535E+12,1
112016500,ELETTROSERR.INFILARE,2021,167.99,8.01535E+12,12
11201650012,ELETTROSERR.INFILARE,2021,179.19,8.01535E+12,1
112016600,ELETTROSERR.INFILARE,2021,167.99,8.01535E+12,12
11201660012,ELETTROSERR.INFILARE,2021,179.19,8.01535E+12,1
112016700,ELETTROSERR.INFILARE,2021,167.99,8.01535E+12,12
11201670012,ELETTROSERR.INFILARE NICHELATA (FIN.12),2021,179.19,8.01535E+12,1
113010101,ELETTROSERR.APPLICARE,1012,1526.7,8.01535E+12,1
113010102,ELETTROSERR.APPLICARE,1012,1526.7,8.01535E+12,1
113010111,ELETTROSERR.APPLICARE,1012,1654.63,8.01535E+12,1
113010112,ELETTROSERR.APPLICARE,1012,1654.63,8.01535E+12,1
113010121,ELETTROSERR.APPLICARE,1012,1654.63,8.01535E+12,1
113010122,ELETTROSERR.APPLICARE,1012,1654.63,8.01535E+12,1
113010601,ELETTROSERR.APPLICARE,1012,1526.7,8.01535E+12,1
113010602,ELETTROSERR.APPLICARE,1012,1526.7,8.01535E+12,1
113010701,ELETTROSERR.APPLICARE,1012,1526.7,8.01535E+12,1
113010702,ELETTROSERR.APPLICARE,1012,1526.7,8.01535E+12,1
113010801,ELETTROSERR.APPLICARE,1012,1526.7,8.01535E+12,1
113010802,ELETTROSERR.APPLICARE,1012,1526.7,8.01535E+12,1
113010901,ELETTROSERR.APPLICARE,1012,1526.7,8.01535E+12,1
113010902,ELETTROSERR.APPLICARE,1012,1526.7,8.01535E+12,1
113100650,SERR.SCROC.TAGLIAFUOCO FUNZIONE ELETTRICA,2146,214.31,8.01535E+12,1
11310065000LM,SERR.SCROC.TAGLIAFUOCO FUNZIONE ELETTRICA (DIERRE),2146,220.64,8.01535E+12,1
11310065020,SERR.SCROC.TAGLIAFUOCO FUNZIONE ELETTRICA SS,2146,221.64,8.01535E+12,1
113105650,SERR.MITO SENSOR FAIL SEC STD,2146,230.59,8.01535E+12,1
113110650,SERR.SCROC.ANTIP.TAGLIAF. FUNZIONE ELETTRICA,2146,214.31,8.01535E+12,1
11311065000LM,SERR.SCROC.ANTIP.TAGLIAF. FUNZ. ELET.(DIERRE),2146,220.64,8.01535E+12,1
11311065020,SERR.SCROC.ANTIP.TAGLIAF. FUNZIONE ELETTRICA SS,2146,221.64,8.01535E+12,1
11311065020LM,SERR.SCROC.ANTIP.TAGLIAF. FUNZ. ELET.(DIERRE),2146,227.73,8.01535E+12,1
113115650,SERR.MITO SENSOR FAIL SEC ANTIP,2146,230.59,8.01535E+12,1
113160651,SERR.SCROC.TAGLIAFUOCO FUNZIONE ELETTRICA,2146,195.24,8.01535E+12,1
11316065100LM,SERR.SCROC.TAGLIAFUOCO FUNZIONE ELETTRICA (DIERRE),2146,223.98,8.01535E+12,1
11316065120,SERR.SCROC.TAGLIAFUOCO FUNZIONE ELETTRICA INOX,2146,202.87,8.01535E+12,1
113160652,SERR.SCROC.TAGLIAFUOCO FUNZIONE ELETTRICA,2146,195.24,8.01535E+12,1
11316065200LM,SERR.SCROC.TAGLIAFUOCO FUNZIONE ELETTRICA (DIERRE),2146,223.98,8.01535E+12,1
11316065220,SERR.SCROC.TAGLIAFUOCO FUNZIONE ELETTRICA INOX,2146,202.87,8.01535E+12,1
113200650,SERR.SCROC.TAGLIAFUOCO ELETTRICA FAIL SAFE,2146,229.23,8.01535E+12,1
11320065000LM,SERR.SCROC.TAGLIAFUOCO ELETTRICA FAIL SAFE DIERRE,2146,235.55,8.01535E+12,1
11320065020,SERR.SCROC.TAGLIAFUOCO ELETTRICA FAIL SAFE SS,2146,236.5,8.01535E+12,1
113205650,SERR.MITO SENSOR FAIL SAFE STD,2146,247.88,8.01535E+12,1
113210650,SERR.SCROC.ANTIP.TAGLIAF.ELETTRICA FAIL SAFE,2146,229.23,8.01535E+12,1
11321065000LM,SERR.SCROC.ANTIP.TAGLIAF.ELETTRICA FAIL SAFE DR,2146,235.55,8.01535E+12,1
11321065020,SERR.SCROC.ANTIP.TAGLIAF.ELETTRICA FAIL SAFE SS,2146,236.5,8.01535E+12,1
113215650,SERR.MITO SENSOR FAIL SAFE ANTIP.,2146,247.88,8.01535E+12,1
113260651,SERR.SCROC.TAGLIAFUOCO ELETTRICA FAIL SAFE,2146,195.24,8.01535E+12,1
11326065100LM,SERR.SCROC.TAGLIAFUOCO ELETTRICA FAIL SAFE DIERRE,2146,201.55,8.01535E+12,1
113260652,SERR.SCROC.TAGLIAFUOCO ELETTRICA FAIL SAFE,2146,195.24,8.01535E+12,1
11326065200LM,SERR.SCROC.TAGLIAFUOCO ELETTRICA FAIL SAFE DIERRE,2146,201.55,8.01535E+12,1
114010601,ELETT. X FASCIA,1031,123.22,8.01535E+12,12
1.14011E+12,ELETT.X FASCIA SPORG.RID.,1031,135.93,8.01535E+12,12
114010602,ELETT. X FASCIA,1031,123.22,8.01535E+12,12
1.14011E+12,ELETT.X FASCIA SPORG.RID.,1031,135.93,8.01535E+12,12
114011601,ELETT. PER FASCIA,1031,123.22,8.01535E+12,12
114011602,ELETT.X FASCIA,1031,123.22,8.01535E+12,12
114012601,ELETT.X FASCIA,1031,132.03,8.01535E+12,12
114012602,ELETT.X FASCIA,1031,132.03,8.01535E+12,12
114017601,ELETT.X FASCIA,1031,138.67,8.01535E+12,12
114017602,ELETT.X FASCIA,1031,138.67,8.01535E+12,12
114020151,ELETTROSERR.INF.PROF.,1041,115,8.01535E+12,12
114020152,ELETTROSERR.INF.PROF.,1041,115,8.01535E+12,12
114020181,ELETTROSERR.INF.PROF.,1041,116.15,8.01535E+12,12
114020182,ELETTROSERR.INF.PROF.,1041,116.15,8.01535E+12,12
114021151,ELETTROSERR.INF.PROF.,1041,115,8.01535E+12,12
114021152,ELETTROSERR.INF.PROF.,1041,115,8.01535E+12,12
114021181,ELETTROSERR.INF.PROF.,1041,116.15,8.01535E+12,12
1.14021E+12,ELETTROSERR.INF.PROF.,1041,116.15,8.01535E+12,1
114021182,ELETTROSERR.INF.PROF.,1041,116.15,8.01535E+12,12
1.14021E+12,ELETTROSERR.INF.PROF.,1041,116.15,8.01535E+12,1
114350700,SERR.EL.FASCIA CIL.SAG.,1032,73.37,8.01535E+12,12
114350800,SERR.EL.FASCIA CIL.SAG.,1032,73.37,8.01535E+12,12
114350900,SERR.EL.FASCIA CIL.SAG.,1032,78.83,8.01535E+12,12
114351700,SERR.EL.FASCIA CIL.SAG.,1032,73.37,8.01535E+12,12
114351800,SERR.EL.FASCIA CIL.SAG.,1032,73.37,8.01535E+12,12
114351900,SERR.EL.FASCIA CIL.SAG.,1032,78.83,8.01535E+12,12
114352700,SERR.EL.FASCIA CIL.SAG.,1032,79.71,8.01535E+12,12
114352800,SERR.EL.FASCIA CIL.SAG.,1032,79.71,8.01535E+12,12
114450700,SERR.EL.FASCIA CIL.OVALE,1032,73.37,8.01535E+12,12
114450800,SERR.EL.FASCIA CIL.OVALE,1032,73.37,8.01535E+12,12
114450900,SERR.EL.FASCIA CIL.OVALE,1032,78.83,8.01535E+12,12
114451700,SERR.EL.FASCIA CIL.OVALE,1032,73.37,8.01535E+12,12
114451800,SERR.EL.FASCIA CIL.OVALE,1032,73.37,8.01535E+12,12
114451900,SERR.EL.FASCIA CIL.OVALE,1032,78.83,8.01535E+12,12
114452700,SERR.EL.FASCIA CIL.OVALE,1032,82.07,8.01535E+12,12
114452800,SERR.EL.FASCIA CIL.OVALE,1032,82.07,8.01535E+12,12
114452900,SERR.EL.FASCIA CIL.OVALE,1032,87.78,8.01535E+12,12
114460700,SERR.EL.FASCIA CIL.OVALE,1032,83.23,8.01535E+12,12
114460800,SERR.EL.FASCIA CIL.OVALE,1032,83.23,8.01535E+12,12
114460900,SERR.EL.FASCIA CIL.OVALE,1032,88.52,8.01535E+12,12
114461700,SERR.EL.FASCIA CIL.OVALE,1032,83.23,8.01535E+12,12
114461800,SERR.EL.FASCIA CIL.OVALE,1032,83.23,8.01535E+12,12
114461900,SERR.EL.FASCIA CIL.OVALE,1032,88.52,8.01535E+12,12
114462700,SERR.EL.FASCIA CIL.OVALE,1032,92.44,8.01535E+12,12
114462800,FERR.EL.FASCIA CIL.OVALE,1032,92.44,8.01535E+12,12
114462900,SERR.EL.FASCIA CIL.OVALE,1032,98.15,8.01535E+12,12
114510700,SERR.EL.X FASCIA BASSA,1032,73.37,8.01535E+12,12
114510800,SERR.EL.X FASCIA BASSA,1032,73.37,8.01535E+12,12
114510900,SERR.EL.X FASCIA BASSA,1032,78.83,8.01535E+12,12
114511700,SERR.EL.X FASCIA BASSA,1032,73.37,8.01535E+12,12
114511800,SERR.EL.X FASCIA BASSA,1032,73.37,8.01535E+12,12
114511900,SERR.EL.X FASCIA BASSA,1032,78.83,8.01535E+12,12
114512700,SERR.EL.X FASCIA BASSA,1032,82.07,8.01535E+12,12
114512800,SERR.EL.X FASCIA BASSA,1032,82.07,8.01535E+12,12
114512900,SERR.EL.X FASCIA BASSA,1032,87.78,8.01535E+12,12
11500100006,INCONTRO ELETTRICO TESTATA PIANA,1050,56.01,8.01535E+12,12
11500100006VF,INCONTRO ELETTRICO TESTATA PIANA,1050,56.01,8.01535E+12,12
11500100007,INCONTRO ELETTRICO TESTATA PIANA,1050,56.01,8.01535E+12,12
11500100007VF,INCONTRO ELETTRICO TESTATA PIANA,1050,56.01,8.01535E+12,12
11500500006,INCONTRO ELETTRICO TESTATA PIANA CORTA,1050,53.95,8.01535E+12,12
11500500007,INCONTRO ELETTRICO TESTATA PIANA CORTA,1050,53.95,8.01535E+12,12
115100000,CORPO ELETT. 12V AC ANTIRIP.+FG,1052,49.85,8.01535E+12,12
115101000,CORPO ELETT. 12V AC ANTIRIP.,1052,46.95,8.01535E+12,12
115102000,CORPO ELETT. 12V AC S/ANTIRIP. C/FG,1052,46.95,8.01535E+12,12
115110000,CORPO ELETT. 12V AC/DC S/ANTIRIP.E S/FG,1052,46.95,8.01535E+12,12
115120000,CORPO ELETT. 24V AC ANTIRIP.+FG,1052,66.1,8.01535E+12,12
115121000,CORPO ELETT. 24V AC ANTIRIP.,1052,63.13,8.01535E+12,12
115122000,CORPO ELETT. 24V AC S/ANTIRIP. C/FG,1052,63.13,8.01535E+12,12
115130000,CORPO ELETT. 24V AC/DC S/ANTIRIP.E S/FG,1052,63.13,8.01535E+12,12
115140000,CORPO ELETT. SOTTOTENS. 12V DC S/ANTIRIP.E S/FG,1052,80.3,8.01535E+12,12
115150000,CORPO ELETT. SOTTOTENS. 24V DC S/ANTIRIP.E S/FG,1052,96.53,8.01535E+12,12
115160000,CORPO ELETT. 12V AC ANTIRIP.INTERNO+FG,1052,48.36,8.01535E+12,12
115170000,"CORPO INCONTRO ELETT.0,25A",1052,51.63,8.01535E+12,12
115200000,CORPO INCONTRO ELETT.1 MICRO S/ANTIR. E S/F.G.,1052,202,8.01535E+12,12
115300001,CORPO ELETT.PB 12V CA-ANTIRIP CON LEVA+FG,1052,110.82,8.01535E+12,12
115300002,CORPO ELETT.PB 12V CA-ANTIRIP CON LEVA+FG,1052,110.82,8.01535E+12,12
11551527000BZ,SERR.ELET.CIL.APPL. X PB,2201,280.3,8.01535E+12,1
115515280,SERR.ELET.CIL.APPL. X PB,2201,300.47,8.01535E+12,1
11551528B,SERR.ELET.CIL.APPL. X PB BLOCCO,2B01,315.64,8.01535E+12,1
115515380,SERR.ELET/CIL.APPL. X PB,2201,300.47,8.01535E+12,1
11551538B,SERR.ELET.CIL.APPL. X PB BLOCCO,2B01,315.64,8.01535E+12,1
11551545000CD,SER.ELET.CIL.APPL. X PB,2201,292.23,8.01535E+12,5
115515480,SERR.ELET.CIL.APPL. X PB,2201,292.23,8.01535E+12,5
11551548000CE,SERR.ELET.CIL.APPL. X PB X VIGHI,2201,292.23,8.01535E+12,5
11551548000DH,SERR.ELET.CIL.APPL. X PB +10MM,2201,292.23,8.01535E+12,5
11551548000EC,"SERR.ELET.CIL.APPL. X PB +29,5MM",2201,292.23,8.01535E+12,5
11551548000NU,SERR.ELET.CIL.APPL. X PB,2201,292.23,8.01535E+12,5
11551548000ST,SERR.ELET.CIL.APPL. X PB SCROCCO IN ACCIAIO + 2 MM,2201,292.23,8.01535E+12,5
11551548000SZ,"SERR.ELET.CIL.APPL. X PB +34,5",2201,292.23,8.01535E+12,5
11551548B,SERR.ELET.CIL.APPL. X PB BLOCCO,2B01,307.35,8.01535E+12,5
115515580,SERR.ELET.CIL.APPL. X PB,2201,292.23,8.01535E+12,5
11551558000CA,SERR.ELET.CIL.APPL. X PB,2201,292.23,8.01535E+12,5
11551558000DH,SERR.ELET.CIL.APPL. X PB,2201,292.23,8.01535E+12,5
11551558000NF,SERR.ELET.CIL.APPL. X PB SPORG/CATENACCI=10MM,2201,292.23,8.01535E+12,5
11551558000PG,"SERR.ELET.CIL.APPL. X PB (CAT+18MM,ALIAS)",2201,292.23,8.01535E+12,5
11551558000ST,SERR.ELET.CIL.APPL. X PB SCROCCO IN ACCIAIO + 2 MM,2201,292.23,8.01535E+12,5
115515580M8PG,"SERR.ELET.CIL.APPL. X PB (CAT+18MM,ALIAS,M8)",2201,292.23,8.01535E+12,1
11551558B00NF,SERR.ELET.CIL.APPL. X PB SPORG/CATENACCI=10MM,2B01,312.62,8.01535E+12,5
115535280,SERR.ELET.CIL.INFIL. X PB(22624),2201,318.13,8.01535E+12,1
11553528B,SERR.ELET.CIL.INFIL. X PB BLOCCO,2B01,333.49,8.01535E+12,1
115535480,SERR.ELET.CIL.INFIL. X PB,2201,309.91,8.01535E+12,5
11553548B,SERR.ELET.CIL.INFIL. X PB BLOCCO,2B01,325.11,8.01535E+12,5
116205250,SERR.EL.X MONT.SOLO SCR.,3042,105.71,8.01535E+12,12
116205300,SERR.EL.X MONT.SOLO SCR.,3042,105.71,8.01535E+12,12
1162053000000BB,SERR.EL.X MONT.SOLO SCR.,3042,112.68,8.01535E+12,1
116205350,SERR.EL.X MONT.SOLO SCR.,3042,105.71,8.01535E+12,12
1162053500000BB,SERR.EL.X MONT.SOLO SCR.,3042,112.68,8.01535E+12,1
116215250,SER.EL. DI SIC. X MONT.,3042,111.67,8.01535E+12,12
116215300,SER.EL. DI SIC. X MONT.,3042,111.67,8.01535E+12,12
116215350,SER.EL. DI SIC. X MONT.,3042,111.67,8.01535E+12,12
116225250,SER.EL.DI SIC.X MONT.,3042,115.03,8.01535E+12,12
116225300,SER.EL.DI SIC.X MONT.,3042,115.03,8.01535E+12,12
116225350,SER.EL.DI SIC.X MONT.,3042,115.03,8.01535E+12,12
116227250,SERR.EL X MONT.SIC.SPILLO,3043,148.54,8.01535E+12,12
116227300,SERR.EL.X MONT.SIC.SPILLO,3043,148.54,8.01535E+12,12
116227350,SERR.EL.X MONT.SIC.SPILLO,3043,148.54,8.01535E+12,12
116325250,SER.EL.SIC.X MONT.FERRO,3046,105.73,8.01535E+12,12
116325300,SER.EL.SIC.X MONT.FERRO,3046,105.73,8.01535E+12,12
116325350,SER.EL.SIC.X MONT.FERRO,3046,105.73,8.01535E+12,12
116425250,"M.TO EL. MON.2 DEV.TES.""C",3044,183.41,8.01535E+12,12
116425300,"M.TO EL.MON.2 DEV.TEST""C""",3044,183.41,8.01535E+12,12
116425350,"M.TO EL.MON.2 DEV.TEST""C""",3044,183.41,8.01535E+12,12
116525250,M.TO.EL.MON.2 DEV PIATTA,3044,179.43,8.01535E+12,12
116525300,M.TO EL.MON.2 DEV.PIATTA,3044,179.43,8.01535E+12,12
116525350,M.TO EL.MON.2 DEV.PIATTA,3044,179.43,8.01535E+12,12
116605250,SERR.EL.SOLO SCR.ACCIAIO-MAR.CE-CERTIF.ANTIPANICO,3042,105.71,8.01535E+12,12
116605300,SERR.EL.SOLO SCR.ACCIAIO-MAR.CE-CERTIF.ANTIP-TAGL.,3042,105.71,8.01535E+12,12
116605350,SERR.EL.SOLO SCR.ACCIAIO-MAR.CE-CERTIF.ANTIP-TAGL.,3042,105.71,8.01535E+12,12
116625250,"MUL.TO EL.2 DEV.""C""INOX",3044,208.53,8.01535E+12,12
116625300,"MUL.TO EL.2 DEV.""C""INOX",3044,208.53,8.01535E+12,12
116625350,"MUL.TO EL.2 DEV.""C""INOX",3044,208.53,8.01535E+12,12
116725250,MUL.TO EL.2 DEV.PIATTA INOX,3044,204.27,8.01535E+12,12
116725300,MUL.TO EL.2 DEV.PIATTA INOX,3044,204.27,8.01535E+12,12
116725350,MUL.TO EL.2 DEV.PIATTA INOX,3044,204.27,8.01535E+12,12
116766280,DOPPIA TOPPA CIL.+CREM.+CIL./ELETTRICA,2194,350.81,8.01535E+12,12
11676628B,DOPPIA TOPPA CIL.+CREM.+CIL./ELETTRICA BLOCCO,2B94,352.21,8.01535E+12,12
116766480,DOPPIA TOPPA CIL.+CREM.+CIL./ELETTRICA,2194,342.72,8.01535E+12,5
11676648000UM,DOPPIA TOPPA CIL.+CREM.+CIL./ELETTRICA,2194,332.98,8.01535E+12,5
11676648B,DOPPIA TOPPA CIL.+CREM.+CIL./ELETTRICA BLOCCO,2B94,352.21,8.01535E+12,5
117352100,DMI FASCIA ELET. S/ACCES.,1220,162.9,8.01535E+12,12
11735210A,DMI FASCIA ELET  S ACCES,1220,162.9,8.01535E+12,12
117352900,DMI FASCIA ELET. S/ACCES.,1220,162.9,8.01535E+12,12
11735290A,DMI FASCIA ELET  S ACCES,1220,162.9,8.01535E+12,12
117353900,DMIF ELET.VERSIONE FERRO,1224,138.76,8.01535E+12,12
11735390A,DMIF ELET VERSIONE FERRO,1224,138.76,8.01535E+12,12
117357100,DMI FASCIA ELET. S/ACCES.,1220,168.92,8.01535E+12,12
11735710A,DMI FASCIA ELET  S ACCES,1220,168.92,8.01535E+12,12
117357110,DMI FASCIA ELETTRICA CHIAVE 102,1220,177.25,8.01535E+12,12
117357900,DMI FASCIA ELET. S/ACCES.,1220,168.92,8.01535E+12,12
11735790A,DMI FASCIA ELET  S ACCES,1220,168.92,8.01535E+12,12
117357910,DMI FASCIA ELETTRICA CHIAVE 102,1220,177.25,8.01535E+12,12
117358900,DMIF ELET. VERSIONE FERRO,1224,148.06,8.01535E+12,12
11735890A,DMIF ELET  VERSIONE FERRO,1224,148.06,8.01535E+12,12
117515280,SERR.ELET.DM.APPL. XPB,2208,335.67,8.01535E+12,1
117515380,SERR.ELET.DM.APPL X PB,2208,335.67,8.01535E+12,1
117515480,SERR.ELET.DM.APPL. X PB,2208,327.27,8.01535E+12,5
1175154800000C5,SERR.ELET.DM.APPL. X PB,2208,366.84,8.01535E+12,5
117515580,SERR.ELET.DM.APPL. X PB,2208,327.27,8.01535E+12,5
11751558000CA,SERR.ELET.DM.APPL. X PB,2208,320.9,8.01535E+12,5
11751568000CK,SERR.ELETTR.DM.APPL.X PB CH.CANT. Z110,2208,332.89,8.01535E+12,5
11751568000LK,SERR.ELET.DM.APPL. CH.CANT. Z110,2208,332.89,8.01535E+12,5
117535280,SERR.ELET.DM.INF. X PB,2208,353.56,8.01535E+12,1
1175352800000C5,SERR.ELET.DM.INF. X PB,2208,391.93,8.01535E+12,1
117535480,SERR.ELET.DM.INF. X PB,2208,345.18,8.01535E+12,5
1175354800000C5,SERR.ELET.DM.INF. X PB CON 5 CHIAVI,2208,382.73,8.01535E+12,5
11766528A,DM.ELET.RICIF.APPL.C/CANT.,2213,392.92,8.01535E+12,1
11766528A00TH,DM.ELET.RICIF.APPL.C/CANT.ITALIA,2213,392.92,8.01535E+12,1
11766528A00ZC,DM.ELET.RICIF.APPL.C/CANT.  3 CHIAVI,2213,392.92,8.01535E+12,1
11766538A,DM.ELET.RICIF.APPL.C/CANT.,2213,392.92,8.01535E+12,1
11766545A00CD,DM.ELET.RICIF.APPL.C/CANT. CONFEZ.INDUSTRIALE,2213,384.74,8.01535E+12,5
11766547A00BZ,SERR.ELET.DM.RICIF.X FBS,2213,384.74,8.01535E+12,5
11766548A,DM.ELET.RICIF.APPL.C/CANT. CONFEZ.INDUSTRIALE,2213,384.74,8.01535E+12,5
11766548A0000C5,DM.ELET.RICIF.APPL.C/CANT. CONFEZ.INDUSTRIALE,2213,324.4,8.01535E+12,5
11766548A00ZC,DM.ELET.RICIF.APPL.C/CANT.CONF/IND.CHIAVI CORTE,2213,384.74,8.01535E+12,5
11766558A,DM.ELET.RICIF.APPL.C/CANT. CONFEZ.INDUSTRIALE,2213,384.74,8.01535E+12,5
11766558A00CA,DM.ELET.RICIF.APPL.C/CANT. CONFEZ.IND. X BLINFORT,2213,361.34,8.01535E+12,5
11766558A00ZC,DM.ELET.RICIF.APPL.C/CANT. CONFEZ.INDUSTRIALE,2213,384.74,8.01535E+12,5
11768528A,DM.ELET.RICIFRABILE INFILARE C/CANT.,2213,411.01,8.01535E+12,1
11768528A0000C5,DM.ELET.RICIFRABILE INFILARE C/CANT.,2213,433.94,8.01535E+12,1
11768548A,DM.ELET.RICIFRABILE INFILARE C/CANT.,2213,402.63,8.01535E+12,5
11768548A0000C5,DM.ELET.RICIFRABILE INFILARE C/CANT.CON 5 CHIVI,2213,423.6,8.01535E+12,5
117766280,DOPPIA TOPPA DM+CIL.APPLICARE ELETTRICA,2191,389.72,8.01535E+12,1
11796628A,DOPPIA TOPPA DM.RIC.+CIL SERVIZ.+ CANTIERE/ELETTR.,2193,443.88,8.01535E+12,1
118229350,"MONTANTE TEST.""PIATTA"" A CREMAGL.""MODULARE""",3053,134.52,8.01535E+12,
118426350,"MULTIPUNTO A CREMAGLIERA TEST.""C""-NEW",3054,200.77,8.01535E+12,
118526250,"MULTIPUNTO A CREMAGLIERA TEST.""PIATTA-NEW",3054,196.51,8.01535E+12,
119205250,"MULTITOP PRO EL.TESTATA CORTA SOLO SCR. - 15,5 MM",3062,127.81,8.01535E+12,12
119205300,MULTITOP PRO EL.TESTATA CORTA SOLO SCR.-15.5 MM,3062,127.81,8.01535E+12,12
119205350,"MULTITOP PRO EL.TESTATA CORTA SOLO SCR.- 15,5 MM",3062,127.81,8.01535E+12,12
119205400,"MULTITOP PRO EL.TESTATA CORTA SOLO SCR. - 15,5 MM",3062,127.81,8.01535E+12,12
119225250,MULTITOP PRO EL.TESTATA CORTA - 15.5 MM,3062,134.52,8.01535E+12,12
119225300,MULTITOP PRO EL.TESTATA CORTA -15.5 MM,3062,134.52,8.01535E+12,12
119225350,"MULTITOP PRO EL.TESTATA CORTA - 15,5 MM",3062,134.52,8.01535E+12,12
1.19225E+12,MULTITOP PRO EL.- COD.PONZIO PA30009/35-15.5 MM,3062,134.52,8.01535E+12,12
119225400,"MULTITOP PRO EL.TESTATA CORTA - 15,5 MM",3062,134.52,8.01535E+12,12
119426250,"MULTITOP PRO EL.TESTATA ""C"" NERA - 15,5 MM",3064,214.47,8.01535E+12,1
119426300,"MULTITOP PRO EL.TESTATA ""C"" NERA - 15,5 MM",3064,214.47,8.01535E+12,1
119426350,"MULTITOP PRO EL.TESTATA ""C"" NERA - 15,5 MM",3064,214.47,8.01535E+12,1
119426400,"MULTITOP PRO E. TESTATA ""C"" NERA - 15,5 MM",3064,214.47,8.01535E+12,1
119436250,"MULTITOP PRO EL.TESTATA ""C"" NERA - 15,5 MM",3064,214.47,8.01535E+12,1
119436300,"MULTITOP PRO EL.TESTATA ""C"" NERA - 15,5 MM",3064,214.47,8.01535E+12,1
119436350,"MULTITOP PRO EL.TESTATA ""C"" NERA - 15,5 MM",3064,214.47,8.01535E+12,1
119436400,"MULTITOP PRO EL.TESTATA ""C"" NERA - 15,5 MM",3064,214.47,8.01535E+12,1
119526250,"MULTITOP PRO EL. TEST.""PIATTA"" NERA-15,5 MM",3064,210.23,8.01535E+12,1
119526300,"MULTITOP PRO EL.TEST.""PIATTA"" NERA-15,5 MM",3064,210.23,8.01535E+12,1
119526350,"MULTITOP PRO EL.TEST.""PIATTA""NERA-15,5 MM",3064,210.23,8.01535E+12,1
119526400,"MULTITOP PRO EL.TEST.""PIATTA""NERA-15,5 MM",3064,210.23,8.01535E+12,1
119626250,"MULTITOP PRO EL.TESTATA ""C"" INOX - 15,5 MM",3064,228.55,8.01535E+12,1
119626300,"MULTITOP PRO EL.TESTATA ""C"" INOX - 15,5 MM",3064,228.55,8.01535E+12,1
1.19626E+12,"MULTITOP PRO EL.-COD.PONZIO PA30030/30-15,5 MM",3064,228.55,8.01535E+12,1
119626350,"MULTITOP PRO EL.TESTATA ""C"" INOX - 15,5 MM",3064,228.55,8.01535E+12,1
119626400,"MULTITOP PRO EL.TESTATA ""C"" INOX - 15,5 MM",3064,228.55,8.01535E+12,1
119636250,"MULTITOP PRO EL.TESTATA ""C"" INOX - 15,5 MM",3064,228.55,8.01535E+12,1
119636300,"MULTITOP PRO EL.TESTATA ""C"" INOX - 15,5 MM",3064,228.55,8.01535E+12,1
119636350,"MULTITOP PRO EL.TESTATA ""C"" INOX - 15,5 MM",3064,228.55,8.01535E+12,1
119636400,"MULTITOP PRO EL.TESTATA ""C"" INOX - 15,5 MM",3064,228.55,8.01535E+12,1
119638250,"MULTITOP PRO EL.TESTATA ""C"" INOX - 15,5 MM - I=92",3064,239.93,8.01535E+12,1
119638300,"MULTITOP PRO EL.TESTATA ""C"" INOX - 15,5 MM - I=92",3064,239.93,8.01535E+12,1
119638350,"MULTITOP PRO EL.TESTATA ""C"" INOX - 15,5 MM-I 92",3064,239.93,8.01535E+12,1
119638400,"MULTITOP PRO TESTATA ""C"" INOX - 15,5 MM-I 92",3064,239.93,8.01535E+12,1
119656250,"MULTITOP MAX EL.TEST.""U""24X5 INOX 4 GANCI",3065,260.01,8.01535E+12,1
119656300,"MULTITOP MAX EL.TEST.""U""24X5 INOX 4 GANCI",3065,260.01,8.01535E+12,1
119656350,"MULTITOP MAX EL.TEST.""U""24X5 INOX 4 GANCI",3065,260.01,8.01535E+12,1
119656400,"MULTITOP MAX EL.TEST.""U""24X5 INOX 4 GANCI",3065,260.01,8.01535E+12,1
119726250,"MULTITOP PRO EL. TEST.""PIATTA"" INOX-15,5 MM",3064,224.33,8.01535E+12,1
119726300,"MULTITOP PRO EL.TEST.""PIATTA""INOX-15,5 MM",3064,224.33,8.01535E+12,1
119726350,"MULTITOP PRO EL. TEST.""PIATTA"" INOX 15,5 MM",3064,224.33,8.01535E+12,1
1.19726E+12,"MULTITOP PRO EL.-COD.PONZIO PA30031/35-15,5 MM",3064,224.33,8.01535E+12,1
119726400,"MULTITOP PRO EL.TEST.""PIATTA""INOX-15,5 MM",3064,224.33,8.01535E+12,1
119728250,"MULTITOP PRO EL.TEST.""PIATTA""INOX 15,5 MM I=92",3064,235.69,8.01535E+12,1
119728300,"MULTITOP PRO EL.TEST.""PIATTA""INOX 15,5 MM-I 92",3064,235.69,8.01535E+12,1
119728350,"MULTITOP PRO EL.TEST.""PIATTA""INOX-15,5 MM-I 92",3064,235.69,8.01535E+12,1
119728400,"MULTITOP PRO EL.TEST.""PIATTA""INOX-15,5 MM-I 92",3064,235.69,8.01535E+12,1
119746250,"MULTITOP MAX EL.TEST.""PIATTA""24X3 INOX 4 GANCI",3065,255.8,8.01535E+12,1
119746300,"MULTITOP MAX EL.TEST.""PIATTA""24X3 INOX 4 GANCI",3065,255.8,8.01535E+12,1
119746350,"MULTITOP MAX EL.TEST.""PIATTA""24X3 INOX 4 GANCI",3065,255.8,8.01535E+12,1
119746400,"MULTITOP MAX EL.TEST.""PIATTA""24X3 INOX 4 GANCI",3065,255.8,8.01535E+12,1
11A300350,"MULTITOP MATIC 1PUNTO TEST""PIATTA"" I=85 CON MOTORE",3158,370.07,8.01535E+12,1
11A300400,"MULTITOP MATIC 1PUNTO TEST""PIATTA"" I=85 CON MOTORE",3158,370.07,8.01535E+12,1
11A400350,"MULTITOP MATIC 1PUNTO TEST""U""24X5 I=85 CON MOTORE",3158,374.72,8.01535E+12,1
11A400400,"MULTITOP MATIC 1PUNTO TEST""U""24X5 I=85 CON MOTORE",3158,374.72,8.01535E+12,1
11A610000,NUOVA ELETTRICA DA  APPLICARE,1028,92.44,8.01535E+12,6
11A61000000PC,NUOVA ELETTRICA DA  APPLICARE CON BOOSTER PLUS,1028,287.64,8.01535E+12,6
11A611000,NUOVA ELETTRICA DA  APPLICARE,1028,94.22,8.01535E+12,6
11A61100000DF,ELETTRIKA CON DOTAZIONE FERRO,1025,98.3,8.01535E+12,6
11A61100000PC,NUOVA ELETTRICA DA  APPLICARE CON BOOSTER PLUS,1028,289.61,8.01535E+12,6
11A630000,NUOVA ELETTRICA DA  APPLICARE,1028,101.61,8.01535E+12,6
11A631000,NUOVA ELETTRICA DA  APPLICARE,1028,103.57,8.01535E+12,6
11A721000,NUOVA ELETTRICA DA  APPLICARE,1025,98.3,8.01535E+12,6
11A72100000PA,NUOVA ELETTRICA DA  APPLICARE+07025-10,1025,107.79,8.01535E+12,6
11A72100000PB,NUOVA ELETTRICA DA  APPLICARE  CON BOOSTER,1025,179.01,8.01535E+12,6
11A72100000PC,NUOVA ELETTRICA DA  APPLICARE  CON BOOSTER PLUS,1025,294.1,8.01535E+12,6
11A72100000UNKC,NUOVA ELETTRICA DA  APPLICARE PER TESMAPRI,1025,191.25,8.01535E+12,6
11A72100079,NUOVA ELETTRICA DA  APPLICARE-ZINCATA,1025,98.3,8.01535E+12,6
11A731000,NUOVA ELETTRICA DA  APPLICARE,1025,100.44,8.01535E+12,6
11A73100000PA,NUOVA ELETTRICA DA  APPLICARE+07025-10,1025,110.08,8.01535E+12,6
11A73100000PB,NUOVA ELETTRICA DA  APPLICARE  CON BOOSTER,1025,181.21,8.01535E+12,6
11A73100000PC,NUOVA ELETTRICA DA  APPLICARE  CON BOOSTER PLUS,1025,296.43,8.01535E+12,6
11A73100000ZA,ELETTRIKA - CYL ASIX 5 KEYS,1025,147.19,8.01535E+12,6
11A73100000ZB,ELETTRIKA - CYL ASIX 10 KEYS,1025,161.81,8.01535E+12,6
11A73100079,NUOVA ELETTRICA DA  APPLICARE-ZINCATA,1025,100.44,8.01535E+12,6
11P310350,MULTITOP EXIT ANTIP.1P.MOTORIZ. F.A I=92MM PIATTA,3159,433.01,8.01535E+12,1
11P310400,MULTITOP EXIT ANTIP.1P.MOTORIZ. F.A I=92MM PIATTAA,3159,433.01,8.01535E+12,1
11P310450,MULTITOP EXIT ANTIP.1P.MOTORIZ. F.A I=92MM PIATTAA,3159,433.01,8.01535E+12,1
11P330350,MULTITOP EXIT ANTIP.1P.MOTORIZ. F.B I=92MM PIATTA,3159,440.39,8.01535E+12,1
11P330400,MULTITOP EXIT ANTIP.1P.MOTORIZ. F.B I=92MM PIATTA,3159,440.39,8.01535E+12,1
11P410350,MULTITOP EXIT ANTIP.1P.MOTORIZ. F.A I=92MM U-24X5,3159,438.17,8.01535E+12,1
11P410400,MULTITOP EXIT ANTIP.1P.MOTORIZ. F.A I=92MM U-24X5,3159,438.17,8.01535E+12,1
11P430350,MULTITOP EXIT ANTIP.1P.MOTORIZ. F.B I=92MM U-24X5,3159,445.57,8.01535E+12,1
11P430400,MULTITOP EXIT ANTIP.1P.MOTORIZ. F.B I=92MM U-24X5,3159,445.57,8.01535E+12,1
120010200,LUCCH. OTT. LOCKING-LINE POP 20MM,4560,3.2,8.01535E+12,12
1200102000000KA,LUCCH. OTT. LOCKING-LINE POP 20MM - KA,4560,4.54,8.01535E+12,12
120010250,LUCCH. OTT. LOCKING-LINE POP 25MM,4560,3.46,8.01535E+12,12
1200102500000KA,LUCCH. OTT. LOCKING-LINE POP 25MM - KA,4560,4.8,8.01535E+12,12
120010300,LUCCH. OTT. LOCKING-LINE POP 30MM,4560,4.36,8.01535E+12,12
1200103000000KA,LUCCH. OTT. LOCKING-LINE POP 30MM - KA,4560,5.7,8.01535E+12,12
120010400,LUCCH. OTT. LOCKING-LINE POP 40MM,4560,5.92,8.01535E+12,12
1200104000000KA,LUCCH. OTT. LOCKING-LINE POP 40MM - KA,4560,7.26,8.01535E+12,12
120010500,LUCCH. OTT. LOCKING-LINE POP 50MM,4560,10.23,8.01535E+12,6
1200105000000KA,LUCCH. OTT. LOCKING-LINE POP 50MM - KA,4560,11.57,8.01535E+12,6
120010600,LUCCH. OTT. LOCKING-LINE POP 60MM,4560,14.33,8.01535E+12,6
1200106000000KA,LUCCH. OTT. LOCKING-LINE POP 60MM - KA,4560,15.67,8.01535E+12,6
120010700,LUCCH. OTT. LOCKING-LINE POP 70MM,4560,20.51,8.01535E+12,6
1200107000000KA,LUCCH. OTT. LOCKING-LINE POP 70MM - KA,4560,21.85,8.01535E+12,6
120011300,LUCCH. OTT. LOCKING-LINE POP 30MM ARCO LUNGO,4560,5.58,8.01535E+12,12
1200113000000KA,LUCCH. OTT. LOCKING-LINE POP 30MM ARCO LUNGO - KA,4560,6.92,8.01535E+12,12
120011400,LUCCH. OTT. LOCKING-LINE POP 40MM ARCO LUNGO,4560,7.69,8.01535E+12,12
1200114000000KA,LUCCH. OTT. LOCKING-LINE POP 40MM ARCO LUNGO - KA,4560,9.03,8.01535E+12,12
120011500,LUCCH. OTT. LOCKING-LINE POP 50MM ARCO LUNGO,4560,12.81,8.01535E+12,6
1200115000000KA,LUCCH. OTT. LOCKING-LINE POP 50MM ARCO LUNGO - KA,4560,14.15,8.01535E+12,12
121010200,LUCCHETTO OTTONE LOCKING-LINE,4531,5.6,8.01535E+12,12
1210102000000KA,LUCCHETTO OTTONE LOCKING LINE   KA,4531,6.94,8.01535E+12,12
121010250,LUCCHETTO OTTONE LOCKING-LINE,4532,5.6,8.01535E+12,12
1210102500000KA,LUCCHETTO OTTONE LOCKING LINE   KA,4532,6.94,8.01535E+12,12
121010300,LUCCHETTO OTTONE LOCKING-LINE,4523,6.67,8.01535E+12,12
1210103000000KA,LUCCHETTO OTTONE LOCKING LINE   KA,4523,8.01,8.01535E+12,
121010400,LUCCHETTO LOCKING LINE,4524,7.71,8.01535E+12,12
1210104000000KA,LUCCHETTO OTTONE LOCKING LINE   KA,4524,9.05,8.01535E+12,
121010500,LUCCHETTO LOCKING LINE,4525,10.64,8.01535E+12,6
1210105000000KA,LUCCHETTO OTTONE LOCKING LINE   KA,4525,11.98,8.01535E+12,
121010600,LUCCHETTO OTTONE LOCKING-LINE,4526,14.89,8.01535E+12,6
1210106000000KA,LUCCHETTO OTTONE LOCKING LINE   KA,4526,16.23,8.01535E+12,
121010700,LUCCHETTO OTTONE CISA LOCKING-LINE,4527,21.24,8.01535E+12,6
1210107000000KA,LUCCHETTO OTTONE LOCKING LINE   KA,4527,22.58,8.01535E+12,6
121011300,LUCCH.ARCO LUNGO LOCKING-LINE,4523,7.75,8.01535E+12,12
1210113000000KA,LUCCH ARCO LUNGO LOCKING LINE   KA,4523,9.08,8.01535E+12,12
121011400,LUCCHETTO LOCKING-LINE ARCO T.2,4524,9.09,8.01535E+12,12
1210114000000KA,LUCCHETTO LOCKING LINE ARCO T 2   KA,4524,10.43,8.01535E+12,
121011500,LUCCH.ARCO LUNGO LOCKING-LINE,4525,14.16,8.01535E+12,6
1210115000000KA,LUCCH ARCO LUNGO LOCKING LINE   KA,4525,15.5,8.01535E+12,
121090250,LUCCH. OTT.LOCKING LINE L25 SKIN PACK,4519,7.33,8.01535E+12,6
121090300,LUCCHETTO OTTONE LOCKING-LINE L30 SKIN PACK,4519,8.77,8.01535E+12,6
121090400,LUCCH.OTT.LOCKING-LINE L40 SKIN PACK,4519,10.06,8.01535E+12,6
121090500,LUCCHETTO OTTONE LOCKING-LINE L50 SKIN PACK,4519,13.92,8.01535E+12,6
121090600,LUCCH.OTT.LOCKING LINE L60 SKIN PACK,4519,19.49,8.01535E+12,6
121091300,LUCCH.ARCO LUNGO LOCKING-LINE L30 SKIN PACK,4519,10.15,8.01535E+12,6
121091400,LUCCH.LOCKING-LINE ARCO LUNGO L40 SKIN PACK,4519,11.91,8.01535E+12,6
121091500,LUCCH.ARCO LUNGO LOCKING-LINE L50 SKIN PACK,4519,18.54,8.01535E+12,6
121190200,LUCC.OTTONE LOCKING-LINE 20 MM. COMBINAZ. VARIAB.,4520,13.52,8.01535E+12,6
121190300,LUCC.OTTONE LOCKING-LINE 30 MM. COMBINAZ. VARIAB.,4520,16.72,8.01535E+12,6
121190400,LUCC.OTTONE LOCKING-LINE 40 MM. COMBINAZ.VARIAB.,4520,26.51,8.01535E+12,6
1213106000000KA,LUCCHETTO FLAG BY CISA,4556,15.03,8.01535E+12,
121610500,RETTANGOLARE LOCKING-LINE,4515,17.93,8.01535E+12,6
1216105000000KA,RETTANGOLARE LOCKING LINE,4515,19.27,8.01535E+12,6
121610630,RETTANGOLARE LOCKING-LINE,4515,27.48,8.01535E+12,6
1216106300000KA,RETTANGOLARE LOCKING LINE,4515,28.82,8.01535E+12,6
121610700,RETTANGOLARE LOCKING-LINE,4515,30.64,8.01535E+12,6
1216107000000KA,RETTANGOLARE LOCKING LINE,4515,31.98,8.01535E+12,6
121610900,RETTANGOLARE LOCKING-LINE,4515,41.49,8.01535E+12,6
1216109000000KA,RETTANGOLARE LOCKING LINE,4515,42.83,8.01535E+12,6
121690700,RETTANGOLARE LOCKING-LINE SKIN PACK,4519,33.4,8.01535E+12,6
121710300,LUCCHETTO MARINO LOCKING-LINE,4517,15.68,8.01535E+12,12
1217103000000KA,LUCCHETTO MARINO LOCKING LINE,4517,17.02,8.01535E+12,12
121710400,LUCCHETTO MARINO LOCKING-LINE,4517,20.18,8.01535E+12,12
1217104000000KA,LUCCHETTO MARINO LOCKING LINE,4517,21.52,8.01535E+12,12
121710500,LUCCHETTO MARINO LOCKING-LINE,4517,29.25,8.01535E+12,6
1217105000000KA,LUCCHETTO MARINO LOCKING LINE,4517,30.59,8.01535E+12,6
121710600,LUCCHETTO MARINO LOCKING-LINE,4517,33.79,8.01535E+12,6
1217106000000KA,LUCCHETTO MARINO LOCKING LINE,4517,35.13,8.01535E+12,6
121711400,LUCC.MARINO LOCKING-LINE ARCO T2,4517,20.41,8.01535E+12,12
1217114000000KA,LUCC MARINO LOCKING LINE ARCO T2,4517,21.75,8.01535E+12,12
121790300,LUCCHETTO MARINO LOCKING-LINE SKIN PACK,4519,17.22,8.01535E+12,12
121790400,LUCCH.MARINO LOCKING-LINE SKIN PACK,4519,21.73,8.01535E+12,12
121790500,LUCCHETTO MARINO LOCKING-LINE SKIN PACK,4519,30.89,8.01535E+12,12
121810650,INCAMICIATO  LOCKING-LINE,4518,53.29,8.01535E+12,3
1218106500000KA,INCAMICIATO  LOCKING LINE,4518,54.63,8.01535E+12,3
121810800,INCAMICIATO  LOCKING-LINE,4518,56.7,8.01535E+12,3
1218108000000KA,INCAMICIATO  LOCKING LINE,4518,58.04,8.01535E+12,3
122010150,LUCCHETTO OTTONE,1501,25.93,8.01535E+12,12
122010200,LUCCHETTO OTTONE,1502,16.17,8.01535E+12,12
1220102000000KA,LUCCHETTO OTTONE - KA,1502,17.51,0,12
122010250,LUCCHETTO OTTONE,1503,16.17,8.01535E+12,12
1220102500000KA,LUCCHETTO OTTONE - KA,1503,17.51,0,12
122010300,LUCCHETTO OTTONE,1504,16.17,8.01535E+12,12
1220103000000C3,LUCCHETTO OTTONE - CON 3 CHIAVI IN DOTAZ.,1504,19.73,8.01535E+12,12
1220103000000KA,LUCCHETTO OTTONE - KA,1504,17.51,8.01535E+12,12
1.2201E+12,LUCCHETTO SEMIMONTATO,1504,12.28,8.01535E+12,12
1.2201E+12,LUCCHETTO SEMIMONTATO,1504,12.28,8.01535E+12,12
122010400,LUCCHETTO OTTONE,1505,19.68,8.01535E+12,12
1220104000000C3,LUCCHETTO OTTONE - CON 3 CHIAVI IN DOTAZ.,1505,23.22,8.01535E+12,12
1220104000000KA,LUCCHETTO OTTONE - KA,1505,21.02,8.01535E+12,12
1.2201E+12,LUCCHETTO SEMIMONTATO,1505,15.74,8.01535E+12,12
1.2201E+12,LUCCHETTO SEMIMONTATO,1505,15.74,8.01535E+12,12
122010500,LUCCHETTO OTTONE,1506,24.12,8.01535E+12,6
1220105000000C3,LUCCHETTO OTTONE - CON 3 CHIAVI IN DOTAZ.,1506,27.7,8.01535E+12,6
1220105000000KA,LUCCHETTO OTTONE - KA,1506,25.46,8.01535E+12,6
1.22011E+12,LUCCHETTO SEMIMONTATO,1506,19.48,8.01535E+12,6
1.22011E+12,LUCCHETTO SEMIMONTATO,1506,19.48,8.01535E+12,6
122010600,LUCCHETTO OTTONE,1507,33.93,8.01535E+12,6
1220106000000C3,LUCCHETTO OTTONE - CON 3 CHIAVI IN DOTAZ.,1507,37.54,8.01535E+12,6
1220106000000KA,LUCCHETTO OTTONE - KA,1507,35.27,8.01535E+12,6
1.22011E+12,LUCCHETTO SEMIMONTATO,1507,29.26,8.01535E+12,6
1.22011E+12,LUCCHETTO SEMIMONTATO,1507,29.26,8.01535E+12,6
122011200,LUCCHETTO OTTONE,1502,16.93,8.01535E+12,12
1220112000000KA,LUCCHETTO OTTONE - KA,1502,18.27,8.01535E+12,12
122011300,LUCCHETTO OTTONE,1504,17.84,8.01535E+12,12
1.22011E+12,LUCCHETTO L30,1504,13.95,8.01535E+12,12
122011310,LUCCHETTO OTTONE,1504,18.84,8.01535E+12,12
1.22011E+12,LUCCHETTO OTTONE SEMIMONTATO,1504,14.97,8.01535E+12,12
122011400,LUCCHETTO OTTONE,1505,23.34,8.01535E+12,12
1.22011E+12,LUCCHETTO L40,1505,19.44,8.01535E+12,12
1.22011E+12,LUCCHETTO OTTONE,1505,19.44,8.01535E+12,12
122011410,LUCCHETTO OTTONE,1505,24.91,8.01535E+12,12
1.22011E+12,LUCCHETTO,1505,20.97,8.01535E+12,12
122011500,LUCCHETTO OTTONE,1506,29.66,8.01535E+12,6
1.22012E+12,LUCCHETTO OTTONE SEMIMONTATO,1506,24.98,8.01535E+12,6
1.22012E+12,LUCCHETTO L50,1506,24.98,8.01535E+12,6
122011520,LUCCHETTO OTTONE ARCO LUCE 127,1506,31.97,8.01535E+12,6
1.22012E+12,LUCCHETTO L50,1506,27.31,8.01535E+12,6
1.22012E+12,LUCCHETTO SEMIMONTATO,1506,27.31,8.01535E+12,6
126020300,LUCCH.PLUS X ZONE MARINE,2520,39.3,8.01535E+12,12
1260203000000KA,LUCCH.PLUS X ZONE MARINE - KA,2520,40.64,8.01535E+12,12
126020400,LUCCH.PLUS X ZONE MARINE,2520,45.02,8.01535E+12,12
126020500,LUCCH.PLUS X ZONE MARINE,2520,58.08,8.01535E+12,6
126020600,LUCCH.PLUS X ZONE MARINE,2520,78.17,8.01535E+12,6
126021400,LUCCH.PLUS X ZONE MARINE,2520,49.7,8.01535E+12,12
126022500,LUCCH.PLUS X ZONE MARINE,2520,58.08,8.01535E+12,6
126022600,LUCCH.PLUS X ZONE MARINE,2520,78.17,8.01535E+12,6
126810550,LUCCHETTO OTTONE PER CILINDRO EUROPEO,1608,65.14,8.01535E+12,6
128050550,LUCCH.ACC.TRAT.CISA TOP,3610,67.94,8.01535E+12,6
1.28051E+12,LUCCH.ACC.TRAT.CISA TOP,3610,32.95,8.01535E+12,6
128050560,LUCCH.ACC.TRAT.CISA TOP,3610,69.98,8.01535E+12,6
1280505600000C3,LUCCH.ACC.TRAT.CISA TOP,3610,73.5,8.01535E+12,6
1.28051E+12,LUCCH.ACC.TRAT.CISA TOP,3610,35,8.01535E+12,6
128050570,LUCCH.ACC.TRAT.CISA TOP,3610,73.81,8.01535E+12,6
1.28051E+12,LUCCH.ACC.TRAT.CISA TOP,3610,38.83,8.01535E+12,6
128050700,LUCCH.ACC.TRAT.CISA TOP,3610,79.15,8.01535E+12,6
1.28051E+12,LUCCH.ACC.TRAT.CISA TOP,3610,44.16,8.01535E+12,6
128050710,LUCCH.ACC.TRAT.CISA TOP,3610,82.4,8.01535E+12,6
1.28051E+12,LUCCH.ACC.TRAT.CISA TOP,3610,47.42,8.01535E+12,6
128050720,LUCCH.ACC.TRAT.CISA TOP,3610,86.78,8.01535E+12,6
1280507200000C3,LUCCH.ACC.TRAT.CISA TOP,3610,89.56,8.01535E+12,6
1.28051E+12,LUCCH.ACC.TRAT.CISA TOP,3610,51.78,8.01535E+12,6
128053560,LUCCH.ACCIAIO CH.ASTRAL,3610,82.4,8.01535E+12,6
1280535600000C3,LUCCHETTO ACCIAIO CH. ASTRAL,3610,86.64,8.01535E+12,6
128053700,LUCCH.ACCIAIO CH.ASTRAL,3610,91.75,8.01535E+12,6
128053710,LUCCH.ACCIAIO CH.ASTRAL,3610,94.89,8.01535E+12,6
1280537100000C3,LUCCH.ACCIAIO CH.ASTRAL C3,3610,99.17,8.01535E+12,6
128053720,LUCCH.ACCIAIO CH.ASTRAL,3610,99.25,8.01535E+12,6
128055560,LUCCH.ACC.TRAT.BLIST.TOP,3610,77.71,8.01535E+12,6
128055700,LUCCH.ACC.TRAT.BLIST.TOP,3610,86.98,8.01535E+12,6
128055710,LUCCH.ACC.TRAT.BLIST.TOP,3610,90.16,8.01535E+12,6
128055720,LUCCH.ACC.TRAT.BLIST.TOP,3610,94.54,8.01535E+12,6
128058720,LUCCH.ACC. AP3,3610,157.06,8.01535E+12,6
12805M550,LUCCH.ACC.ASTRAL TEKNO,3610,112.96,8.01535E+12,6
12805M560,LUCCH.ACC.ASTRAL TEKNO,3610,116.76,8.01535E+12,6
12805M570,LUCCH.ACC.ASTRAL TEKNO,3610,119.25,8.01535E+12,6
12805M700,LUCCH.ACC.ASTRAL TEKNO,3610,125.54,8.01535E+12,6
12805M710,LUCCH.ACC.ASTRAL TEKNO,3610,129.31,8.01535E+12,6
12805M720,LUCCH.ACC.ASTRAL TEKNO,3610,131.82,8.01535E+12,6
12805N550,LUCCH.ACC.C3000,3610,77.84,8.01535E+12,6
12805N560,LUCCH.ACC.C3000,3610,81.6,8.01535E+12,6
12805N570,LUCCH.ACC.C3000,3610,84.12,8.01535E+12,6
12805N700,LUCCH.ACC.C3000,3610,94.16,8.01535E+12,6
12805N710,LUCCH.ACC.C3000,3610,97.94,8.01535E+12,6
12805N720,LUCCH.ACC.C3000,3610,100.44,8.01535E+12,6
12805P550,LUCCH.ACC.AP4,3610,144.35,8.01535E+12,6
12805P560,LUCCH.ACC.AP4,3610,148.13,8.01535E+12,6
12805P570,LUCCH.ACC.AP4,3610,150.64,8.01535E+12,6
12805P700,LUCCH.ACC.AP4,3610,156.93,8.01535E+12,6
12805P710,LUCCH.ACC.AP4,3610,160.69,8.01535E+12,6
12805P720,LUCCH.ACC.AP4,3610,163.19,8.01535E+12,6
12805R550,LUCCH.ACC.RS5,3610,193.57,8.01535E+12,6
12805R560,LUCCH.ACC.RS5,3610,195.73,8.01535E+12,6
12805R700,LUCCH.ACC.RS5,3610,200.05,8.01535E+12,6
12805R720,LUCCH.ACC.RS5,3610,214.2,8.01535E+12,6
128550750,LUCCH.RET.ACC.TRAT TOP,3640,75.73,8.01535E+12,
12855075000MC,LUCCH.RET.ACC.TRAT TOP,3640,76.08,8.01535E+12,
128550840,LUCCH.RET.ACC.TRAT.TOP,3640,84.01,8.01535E+12,
128550850,LUCCH.RET.ACC.TRAT.TOP,3640,86.9,8.01535E+12,
128552660,LUCCHETTO RETTANGOLARE ACCIAIO TRAT.SP TOP,3640,115.99,8.01535E+12,
128552840,LUCCHETTO RETTANGOLARE ACCIAIO TRAT. SP TOP,3640,132.71,8.01535E+12,
128553660,LUCCH.ACC.RETT.ASTRAL,3640,79.45,8.01535E+12,6
1285536600000C3,LUCCH.ACC.RETT.ASTRAL - C3,3640,83.44,8.01535E+12,6
128553670,LUCCH.ACC.RETT.ASTRAL,3640,88.04,8.01535E+12,6
128553750,LUCCH.ACC.RETT.ASTRAL,3640,88.04,8.01535E+12,6
1285537500000C3,LUCCH.ACC.RETT.ASTRAL - C3,3640,92.31,8.01535E+12,6
128553840,LUCCH.ACC.RETT.ASTRAL,3640,96.25,8.01535E+12,6
1285538400000C3,LUCCH.ACCIAIO RETT.ASTRAL,3640,100.52,8.01535E+12,6
1285538400000C5,LUCCH.ACCIAIO RETT.ASTRAL,3640,107.82,8.01535E+12,6
128553850,LUCCH.ACC.RETT.ASTRAL,3640,99.26,8.01535E+12,6
1285538500000C5,LUCCH.ACC.RETT.ASTRAL,3640,111.18,8.01535E+12,6
128555660,LUCCH.RET.ACC.TRAT.BLIST.,3640,75.04,8.01535E+12,6
128555670,LUCCH.RET.ACC.TRAT.BLIST.,3640,83.41,8.01535E+12,6
128555750,LUCCH.RET.ACC.TRAT.BLIST.,3640,83.41,8.01535E+12,6
128555840,LUCCH.RET.ACC.TRAT.BLIST.,3640,91.75,8.01535E+12,6
128555850,LUCCH.RET.ACC.TRAT.BLIST.,3640,94.36,8.01535E+12,6
128556840,LUCCH.ACCIAIO RETT.CH 902,3640,84.01,8.01535E+12,6
12855L660,LUCCH.RET.ACC.LIM,3640,50.45,8.01535E+12,6
12855L750,LUCCH.RET.ACC.LIM,3640,56.79,8.01535E+12,6
12855L7500000C3,LUCCH.RET.ACC.LIM,3640,62.47,8.01535E+12,6
12855L7500091,LUCCH.ACC.TRAT.CISA TOP,3640,43,8.01535E+12,6
12855L840,LUCCH.RET.ACC.LIM,3640,63.01,8.01535E+12,6
12855L8400000C3,LUCCH.RET.ACC.LIM,3640,69.31,8.01535E+12,6
12855L8400091,LUCCH.ACC.TRAT.CISA TOP,3640,49.21,0,6
12855L84000UVC5,LUCCH.RET.ACC.LIM (MADE IN ITALY) 5 CHIAVI,3640,91.08,8.01535E+12,6
12855L850,LUCCH.RET.ACC.LIM,3640,65.18,8.01535E+12,6
12855L8500091,LUCCH RET ACC LIM,3640,51.39,0,6
12855M660,LUCCH.RET.ACC.ASTRAL TEKNO,3640,106.72,8.01535E+12,6
12855M750,LUCCH.RET.ACC.ASTRAL TEKNO,3640,119.25,8.01535E+12,6
12855M840,LUCCH.RET.ACC.ASTRAL TEKNO,3640,125.54,8.01535E+12,6
12855M84000UVC5,LUCCH.RET.ACC.ASTRAL TEKNO 5CH (MADE IN ITALY),3640,148.53,8.01535E+12,6
12855M850,LUCCH.RET.ACC.TRAT.TOP,3640,129.31,8.01535E+12,6
12855N660,LUCCH.RET.ACC.C3000,3640,75.33,8.01535E+12,6
12855N670,LUCCH.RET.ACC.C3000,3640,79.1,8.01535E+12,6
12855N750,LUCCH.RET.ACC.C3000,3640,87.85,8.01535E+12,6
12855N7500000C3,LUCCH.RET.ACC.C3000,3640,93.96,8.01535E+12,6
12855N840,LUCCH.RET.ACC.C3000,3640,94.16,8.01535E+12,6
12855N84000UVC3,LUCCH.RET.ACC.C3000 3 CHIAVI (MADE IN ITALY),3640,104.16,8.01535E+12,6
12855N850,LUCCH.RET.ACC.C3000,3640,97.94,8.01535E+12,6
12855P660,LUCCH.RET.ACC.AP4,3640,141.86,8.01535E+12,6
12855P750,LUCCH.RET.ACC.AP4,3640,150.64,8.01535E+12,6
12855P840,LUCCH.RET.ACC.AP4,3640,160.69,8.01535E+12,6
12855P850,LUCCH.RET.ACC.AP4,3640,163.19,8.01535E+12,6
12855R660,LUCCH.RET.ACC. RS5,3640,190.57,8.01535E+12,6
12855R750,LUCCH.RET.ACC. RS5,3640,200.05,8.01535E+12,6
12855R840,LUCCH.RET.ACC. RS5,3640,209.24,8.01535E+12,6
12855R850,LUCCH.RET.ACC. RS5,3640,212.28,8.01535E+12,6
130210200A6,PLACCA-MANIGLIA X BAGNO,6101,60.41,8.01535E+12,
130210310A6,PLACCA-MANIGLIA X COM.,6102,55.57,8.01535E+12,
130210410A3,PLACCA-MANIGLIA X PASS.,6103,55.57,8.01535E+12,
130220400,PLACCA-MANIGLIA X PASS.,6103,71.75,8.01535E+12,
141010800,SERRATURA SERRANDA,2301,55.23,8.01535E+12,12
141110600,COPPIA SERR.SERRANDA 1DX+1SX,2301,104.82,8.01535E+12,12
141110601,SERRATURA SERRANDA,2301,52.42,8.01535E+12,12
141110602,SERRATURA SERRANDA,2301,52.42,8.01535E+12,12
141111600,SERRANDA KA COPP.1DX+1SX,2301,104.82,8.01535E+12,12
141210780,SERRATURA SERRANDA,2301,55.23,8.01535E+12,12
141220780,COPPIA SERR.SERRANDA 1DX+1SX,2301,110.13,8.01535E+12,12
141220781,SERRATURA SERRANDA,2301,55.05,8.01535E+12,2
141220782,SERRATURA SERRANDA,2301,55.05,8.01535E+12,2
141221780,SERRANDA KA COPP.1DX+1SX,2301,110.13,8.01535E+12,12
141230780,COPPIA SERR.SERRANDA 1DX+1SX,2301,110.13,8.01535E+12,12
141230781,SERRATURA SERRANDA,2301,55.05,8.01535E+12,12
141230782,SERRATURA SERRANDA,2301,55.05,8.01535E+12,12
141231780,SERRANDA KA COPP.1DX+1SX,2301,110.13,8.01535E+12,12
141310780,COPPIA SERR.SERRANDA 1DX+1SX,2301,110.13,8.01535E+12,12
141310781,SERRATURA SERRANDA,2301,55.05,8.01535E+12,12
141310782,SERRATURA SERRANDA,2301,55.05,8.01535E+12,12
141311780,SERRANDA KA COPP.1DX+1SX,2301,110.13,8.01535E+12,12
141320780,SERRATURA SERRANDA,2301,55.23,8.01535E+12,12
141410780,SERRATURA SERRANDA,2301,55.23,8.01535E+12,12
141420780,COPPIA SERR.SERRANDA 1DX+1SX,2301,104.82,8.01535E+12,12
141420781,SERRATURA SERRANDA,2301,52.42,8.01535E+12,12
141420782,SERRATURA SERRANDA,2301,52.42,8.01535E+12,12
141421780,SERRANDA KA COPP.1DX+1SX,2301,104.82,8.01535E+12,12
141510780,SERRANDA CENTRALE CAT.DIRITTO,2301,28.72,8.01535E+12,12
14151078000ZQ,SERRANDA CENTRALE CON PIASTRINI E PERNI MONTATI,2301,34.07,8.01535E+12,12
141525780,COPPIA SERRANDA LATERALE ZANCATA,2301,53.92,8.01535E+12,6
141525781,SERRANDA LATERALE ZANCATA DX,2301,26.94,8.01535E+12,12
141525782,SERRANDA LATERALE ZANCATA SX,2301,26.94,8.01535E+12,12
141526780,COPPIA SERRANDA LAT.(1DX E 1SX IN KA) CON 3 CHIAVI,2301,53.92,8.01535E+12,6
141600000,SERRATURA PORTA BASCULANTE CON CIL.TONDO,2301,42.43,8.01535E+12,12
141620000,SERRATURA PORTA BASCULANTE CON CIL.SAG.,2301,31.18,8.01535E+12,12
141650000,SERRATURA PER CANCELLETTI ESTENSIBILI,2301,25.83,8.01535E+12,12
142010500,SERRATURA CANCELLO,2311,86.36,8.01535E+12,2
142012500,SERRATURA CANCELLO DIN,2311,44.87,8.01535E+12,2
142020500,SERRATURA CANCELLO,2311,82.28,8.01535E+12,2
142022500,SERRATURA CANCELLO DIN,2311,41.04,8.01535E+12,2
142030500,SERRATURA CANCELLO,2311,88.05,8.01535E+12,2
142032500,SERRATURA CANCELLO DIN,2311,45.8,8.01535E+12,2
142110300,SERRATURA CANCELLO,2311,82.28,8.01535E+12,2
142112300,SERRATURA CANCELLO DIN,2311,41.04,8.01535E+12,2
142120300,SERRATURA CANCELLO,2311,76.76,8.01535E+12,2
142122300,SERRATURA CANCELLO DIN,2311,35.86,8.01535E+12,2
142210300,SERRATURA CANCELLO,2311,86.36,8.01535E+12,2
142212300,SERRATURA CANCELLO DIN,2311,44.87,8.01535E+12,2
142310500,SERRATURA CANCELLO,2311,91.07,8.01535E+12,2
142312500,SERRATURA CANCELLO DIN,2311,49.3,8.01535E+12,2
142410300,SERRATURA CANCELLO,2311,96.63,8.01535E+12,2
142412300,SERRATURA CANCELLO DIN,2311,54.51,8.01535E+12,2
142420300,SERRATURA CANCELLO,2311,88.59,8.01535E+12,2
142422300,SERRATURA CANCELLO DIN,2311,47.19,8.01535E+12,2
142510500,SERRATURA CANCELLO,2311,101.2,8.01535E+12,2
142512500,SERRATURA CANCELLO DIN,2311,59.29,8.01535E+12,2
143000650,SERR.SOLO SCROCCO TAGLIAFUOCO,2143,24.38,8.01535E+12,12
143014650,SERR.X 3P.SCROC.TF ESCLUSIONE MANDATA,2146,65.56,8.01535E+12,12
14301465020,SERR.X 3P.SCROC.TF ESCLUSIONE MANDATA FRONT INOX,2146,72.68,8.01535E+12,12
143015650,SERR.3P.SCROC.TF ESCLUSIONE MANDATA,2146,159.06,8.01535E+12,12
143019651,SERR. INGEGNO STELLARE DX,2143,27.94,8.01535E+12,12
143019652,SERR. INGEGNO STELLARE SX,2143,27.94,8.01535E+12,12
143020650,SERR.SCROC.+CAT.TAGLIAF.,2143,26.01,8.01535E+12,12
14302065000NV,SERR.SCROC.+CAT.TAGLIAF. (16MM),2143,26.01,8.01535E+12,1
143021650,SERR.SCROC.CAT.TAGLIAF.,2143,26.01,8.01535E+12,12
14302165020,SERR.SCROC.CAT.TAGLIAF.,2143,33.44,8.01535E+12,12
143022650,SERRATURA TAGLIAFUOCO SCROCCO E CATENACCIO,2153,22.09,8.01535E+12,12
143024650,SERR.X 3P. SCROC+CAT.T.F.,2143,56.42,8.01535E+12,12
143025650,SERR.3P.SCR.+CAT.T.F.,2143,132.06,8.01535E+12,12
143091000,DISPOS.CHIUS.AUTOMATICA,2143,41.06,8.01535E+12,6
14309100000SG,"DISPOS.CHIUS.AUTOM.""PADILLA""",2143,41.06,8.01535E+12,
14309100020,DISPOS.CHIUS.AUTOMATICA,2143,48.51,8.01535E+12,6
143091010,DISPOS.CHIUS.AUTOMATICA,2143,41.06,8.01535E+12,6
14309101000LM,DISPOS.CHIUS.AUTOMATICA,2143,41.06,8.01535E+12,1
14309101000RV,DISPOS.CHIUS.AUTOMATICA (DIERRE),2143,74.99,8.01535E+12,1
14309101020,DISPOS.CHIUS.AUTOMATICA,2143,48.51,8.01535E+12,6
14309101020LM,DISPOS.CHIUS.AUTOMATICA DIERRE,2143,48.51,8.01535E+12,6
14309105000ED,DISPOS.CHIUS.AUTOMATICA 80MM NOVOFERM GER,2143,30,8.01535E+12,1
143110650,SERR.SCROC.ANTIP.TAGLIAF.,2146,60.64,8.01535E+12,6
14311065000NV,SERR.SCROC.ANTIP.TAGLIAF. (16 MM),2146,60.64,8.01535E+12,6
14311065000RV,SERR.SCROC.ANTIP.TAGLIAF.PORTE LEGNO,2146,55.2,8.01535E+12,6
143110660,SER.SCROC.ANTIP.TAGLIAF.,2146,60.64,8.01535E+12,6
14311066000ED,SER.SCROC.ANTIP.TAGLIAF.PER NOVOFERM GER,2146,17.14,8.01535E+12,1
14311066020,SER.SCROC.ANTIP.TAGLIAF.,2146,68.09,8.01535E+12,6
14311080000ED,SERR.SCROC.ANTIP.TAGLIAF.80MM NOVOFERM GER,2146,43.55,8.01535E+12,1
143112650,SERR.SCROC.ANTIP.TAGLIAF. PER EFAST MORTICE,2146,83.84,8.01535E+12,6
143114650,SERR.X 3P.SCROC.ANTIP.TF,2146,76.13,8.01535E+12,6
14311465020,SERR.X 3P.SCROC.ANTIP.TF INOX,2146,80.83,8.01535E+12,6
143115650,SERR.3P.SCROC.ANTIP.T.F.,2146,151.74,8.01535E+12,6
14311565000UQ,SERR.3P.SCROC.ANTIP.T.F.,2146,186.8,8.01535E+12,1
143117650,SERR.SCROC.ANTIP.TAGLIAF.,2156,50.41,8.01535E+12,6
14311765000VL,SERR.SCROC.ANTIP.TAGLIAF.,2156,50.41,8.01535E+12,6
143120650,SERR.SCR.+C.ANTIP.TAGLIAF,2146,75.49,8.01535E+12,6
14312065000RV,SERR.SCR.+C.ANTIP.TAGLIAF,2146,75.49,8.01535E+12,
143130650,SERR.SCR.+C.ANTIP.TAGLIAFUOCO,2146,78.56,8.01535E+12,6
143160651,SERR.SCROC.ANTIP.DISIMP.LATO OPPOSTO,2146,60.64,8.01535E+12,6
14316065120,SERR.SCROC.ANTIP.DISIMP.LATO OPPOSTO FRONT INOX,2146,65.31,8.01535E+12,6
143160652,SERR.SCROC.ANTIP.DISIMP.LATO OPPOSTO,2146,60.64,8.01535E+12,6
14316065220,SERR.SCROC.ANTIP.DISIMP.LATO OPPOSTO FRONT INOX,2146,65.31,8.01535E+12,6
143190650,CONTROSERRATURA ANTIP.T.F.,2146,90.19,8.01535E+12,1
14319065000RV,CONTROSERRATURA ANTIP. T.F.PORTE LEGNO,2146,99.57,8.01535E+12,1
143190660,CONTROSER.ANTIP.TAGLIAFUOCO,2146,90.19,8.01535E+12,1
14319066020,CONTROSER.ANTIP.TAGLIAFUOCO,2146,97.63,8.01535E+12,1
143190770,CONTROSERRATURA SPECIFICA NINZ,2146,90.19,8.01535E+12,1
14319080000ED,CONTROSERRATURA ANTIP.T.F. 80MM NOVOFERM GER,2146,49.21,8.01535E+12,1
143190950,CONTROSER.ANTIP.TAGLIAFUOCO,2146,90.19,8.01535E+12,1
143190960,CONTROSER.ANTIP.TAGLIAFUOCO,2146,90.19,8.01535E+12,1
14319096020,CONTROSER.ANTIP.TAGLIAFUOCO,2146,97.63,8.01535E+12,1
143191650,CONTROSERRATURA ANTIP.T.F.,2146,95.54,8.01535E+12,1
14319166000LM,CONTROSERRATURA ANTIP.T.F.,2146,95.54,8.01535E+12,1
14319166020LM,CONTROSERRATURA ANTIP.T.F.,2146,103.01,8.01535E+12,1
143191950,CONTROSERRATURA ANTIP.T.F.,2146,95.54,8.01535E+12,1
143192650,CONTROSERRATURA ANTIP.T.F. PER EFAST MORTICE,2146,95.07,8.01535E+12,1
143193650,CONTROSERRATURA ANTIP.T.F. PER EFAST MORTICE,2146,101.69,8.01535E+12,1
143225300,SERRATURE ANTIPANICO 1 PUNTO FUNZ.A/D,2144,205.13,8.01535E+12,1
143225350,SERRATURA ANTIPANICO 1 PUNTO FUNZ.A/D,2144,205.13,8.01535E+12,1
143225400,SERRATURA ANTIPANICO 1 PUNTO FUNZ.A/D E40,2144,205.13,8.01535E+12,1
143225450,SERRATURA ANTIPANICO 1 PUNTO FUNZ.A/D E45,2144,205.13,8.01535E+12,1
143235300,SERRATURA ANTIPANICO 1 PUNTO FUNZ.B,2144,212.51,8.01535E+12,1
143235350,SERRATURA ANTIPANICO 1 PUNTO FUNZ.B E35,2144,212.51,8.01535E+12,1
143235400,SERRATURA ANTIPANICO 1 PUNTO FUNZ.B E40,2144,212.51,8.01535E+12,1
143235450,SERRATURA ANTIPANICO 1 PUNTO FUNZ.B  E45,2144,212.51,8.01535E+12,1
143236300,SERRATURA ANTIPANICO 1 PUNTO FUNZ.C,2144,199.85,8.01535E+12,
143236350,SERRATURA ANTIPANICO 1 PUNTO FUNZ.C,2144,212.51,8.01535E+12,1
143295300,CONTROSERR.X MONT.ANTIP.AL-NEW,2144,195.23,8.01535E+12,1
143295400,CONTROSERR.X MONT.ANTIP.AL-NEW,2144,195.23,8.01535E+12,1
143295600,CONTROSERR.X MONT.ANTIP.AL-NEW,2144,195.23,8.01535E+12,1
143295750,CONTROSERR.X MONT.ANTIP.AL NEW,2144,195.23,8.01535E+12,1
143520250,SER.MONT.TAGLIAF.SCR/CAT.,2142,100.5,8.01535E+12,1
143520300,SER.MONT.TAGLIAF.SCR/CAT.,2142,100.5,8.01535E+12,1
143520350,SER.MONT.TAGLIAF.SCR/CAT.,2142,100.5,8.01535E+12,1
143520400,SER.MONT.TAGLIAF.SCR/CAT.,2142,100.5,8.01535E+12,1
143520450,SER.MONT.TAGLIAF.SCR/CAT.,2142,100.5,8.01535E+12,1
14352045000RV,SER.MONT.TAGLIAF.SCR/CAT. (DIERRE),2142,148.39,8.01535E+12,1
143521300,SER.MONT.TAGLIAF.SCR/CAT.SENZA ANTISCASSO,2142,100.5,8.01535E+12,1
143521350,SER.MONT.TAGLIAF.SCR/CAT.SENZA ANTISCASSO,2142,97.63,8.01535E+12,1
143521400,SER.MONT.TAGLIAF.SCR/CAT.SENZA ANTISCASSO,2142,97.63,8.01535E+12,1
143530350,SER.MONT.TAGLIAF.SCR/CAT.,2142,131.91,8.01535E+12,1
143530400,SER.MONT.TAGLIAF.SCR/CAT.,2142,131.91,8.01535E+12,1
143530450,SER.MONT.TAGLIAF.SCR/CAT.,2142,131.91,8.01535E+12,1
143620250,SERR.MONT.ANTIP.TAGLIAF.,2145,143.92,8.01535E+12,1
143620300,SERR.MONT.ANTIP.TAGLIAF.,2145,143.92,8.01535E+12,1
143620350,SERR.ANTIPANICO 1 PUNTO TAGLIAF.,2145,143.92,8.01535E+12,1
143620400,SERR.MONT.ANTIP.TAGLIAF.,2145,143.92,8.01535E+12,1
143620450,1ERR.MONT.ANTIP.TAGLIAF.,2145,143.92,8.01535E+12,1
143630250,SER.MONT.ANTIP.TF.FUNZ.B,2145,180.73,8.01535E+12,1
143630300,SER.MONT.ANTIP.TF.FUNZ.B,2145,180.73,8.01535E+12,1
143630350,SER.MONT.ANTIP.TF.FUNZ.B,2145,180.73,8.01535E+12,1
143630400,SER.MONT.ANTIP.TF.FUNZ.B,2145,180.73,8.01535E+12,1
143630450,SER.MONT.ANTIP.TF.FUNZ.B,2145,180.73,8.01535E+12,1
143650250,SER.MONT.ANTIP.TAGLIAF.,2145,139.53,8.01535E+12,1
143650300,SER.MONT.ANTIP.TAGLIAF.,2145,139.53,8.01535E+12,1
143650350,SER.MONT.ANTIP.TAGLIAF.,2145,139.53,8.01535E+12,1
143650400,SER.MONT.ANTIP.TAGLIAF.,2145,139.53,8.01535E+12,1
143650450,SER.MONT.ANTIP.TAGLIAF.,2145,139.53,8.01535E+12,1
14365045000RV,SER.MONT.ANTIP.TF.FUNZ.A (DIERRE),2145,178.47,8.01535E+12,1
143660250,SER.MONT.ANTIP.TF.FUNZ.B,2145,176.35,8.01535E+12,1
143660300,SER.MONT.ANTIP.TF.FUNZ.B,2145,176.35,8.01535E+12,1
143660350,SER.MONT.ANTIP.TF.FUNZ.B,2145,176.35,8.01535E+12,1
143660400,SER.MONT.ANTIP.TF.FUNZ.B,2145,176.35,8.01535E+12,1
143660450,SER.MONT.ANTIP.TF.FUNZ.B,2145,176.35,8.01535E+12,1
14366045000RV,SER.MONT.ANTIP.TF.FUNZ.B (DIERRE),2145,178.55,8.01535E+12,1
143661250,SER.MONT.ANTIP.TF.FUNZ.C,2145,176.35,8.01535E+12,1
143661300,SER.MONT.ANTIP.TF.FUNZ.C,2145,176.35,8.01535E+12,1
143661350,SER.MONT.ANTIP.TF.FUNZ.C,2145,176.35,8.01535E+12,1
143661400,SER.MONT.ANTIP.TF.FUNZ.C,2145,176.35,8.01535E+12,1
143661450,SER.MONT.ANTIP.TF.FUNZ.C,2145,176.35,8.01535E+12,1
143662250,SER.MONT.ANTIP.TF.FUNZ.D,2145,176.35,8.01535E+12,1
143662300,SER.MONT.ANTIP.TF.FUNZ.D,2145,176.35,8.01535E+12,1
143662350,SER.MONT.ANTIP.TF.FUNZ.D,2145,176.35,8.01535E+12,1
143662400,SER.MONT.ANTIP.TF.FUNZ.D,2145,176.35,8.01535E+12,1
143662450,SER.MONT.ANTIP.TF.FUNZ.D,2145,176.35,8.01535E+12,1
143690300,CONTROSER.MONT.ANTIP.TF.,2145,150.13,8.01535E+12,1
14369030000SR,CONTROSER.MONT.ANTIP.TF. X BLOXER,2145,150.13,8.01535E+12,1
143690400,CONTROSER.MONT.ANTIP.TF.,2145,150.13,8.01535E+12,1
14369040000AC,CONTROSER.MONT.ANTIP.TF. (DIERRE),2145,150.13,8.01535E+12,1
14369040000SR,CONTROSER.MONT.ANTIP.TF. X FAEL,2145,150.13,8.01535E+12,1
143690600,CONTROSER.MONT.ANTIP.TF.,2145,150.13,8.01535E+12,1
143690750,CONTROSER.MONT.ANTIP.TF.,2145,150.13,8.01535E+12,1
143725300,"MULTIPUNTO ANTIPANICO TEST.""PIATTA"" FUNZ.A/D",2147,305.93,8.01535E+12,1
143725350,"MULTIPUNTO ANTIPANICO TEST.""PIATTA"" FUNZ.A/D",2147,305.93,8.01535E+12,1
143725400,"MULTIPUNTO ANTIPANICO TEST.""PIATTA"" FUNZ.A/D",2147,305.93,8.01535E+12,1
143725450,"MULTIPUNTO ANTIPANICO TEST.""PIATTA"" FUNZ.A/D",2147,305.93,8.01535E+12,1
143735300,"MULTIPUNTO ANTIPANICO TEST.""PIATTA"" FUNZ.B",2147,313.3,8.01535E+12,1
143735350,"MULTIPUNTO ANTIPANICO TEST.""PIATTA"" FUNZ.B",2147,313.3,8.01535E+12,1
143735400,"MULTIPUNTO ANTIPANICO TEST.""PIATTA"" FUNZ.B",2147,313.3,8.01535E+12,1
143735450,"MULTIPUNTO ANTIPANICO TEST.""PIATTA"" FUNZ.B",2147,313.3,8.01535E+12,1
143825300,"MULTIPUNTO ANTIPANICO TEST.""U"" FUNZ.A/D",2147,311.08,8.01535E+12,1
143825350,"MULTIPUNTO ANTIPANICO TEST.""U"" FUNZ.A/D",2147,311.08,8.01535E+12,1
143825400,"MULTIPUNTO ANTIPANICO TEST.""U"" FUNZ.A/D",2147,311.08,8.01535E+12,1
143825450,"MULTIPUNTO ANTIPANICO TEST.""U"" FUNZ.A/D",2147,311.08,8.01535E+12,1
143835300,"MULTIPUNTO ANTIPANICO TEST.""U"" FUNZ.B",2147,318.49,8.01535E+12,1
143835350,"MULTIPUNTO ANTIPANICO TEST.""U"" FUNZ.B",2147,318.49,8.01535E+12,1
143835400,"MULTIPUNTO ANTIPANICO TEST.""U"" FUNZ.B",2147,318.49,8.01535E+12,1
143835450,"MULTIPUNTO ANTIPANICO TEST.""U"" FUNZ.B",2147,318.49,8.01535E+12,1
144120600,FASCIA MECCANICA,1121,46.31,8.01535E+12,1
144121600,FASCIA MECCANICA,1121,46.31,8.01535E+12,1
144130600,SERRATURA INF. PROFILATI,1121,50.08,8.01535E+12,1
144131600,SERRATURA INF. PROFILATI,1121,50.08,8.01535E+12,
144140600,SERRATURA INF. REVERSIBILE,1121,45.48,8.01535E+12,1
144145600,SERRATURA INFILARE REVERSIBILE,1121,44.18,8.01535E+12,1
144146600,SERRATURA INFILARE REVERSIBILE,1121,44.18,8.01535E+12,1
144150600,SER.MEC.X FASCIA BASS.MA,1122,16.46,8.01535E+12,12
144150700,SER.MEC.X FASCIA BASS.MA,1122,16.46,8.01535E+12,12
14415070000CC,SER.MEC.X FASCIA BASS.MA CONF.IND.,4122,11.41,8.01535E+12,12
144150800,SER.MEC.X FASCIA BASS.MA,1122,16.46,8.01535E+12,12
14415080000CC,SER.MEC.X FASCIA BASS.MA CONF.IND.,4122,11.41,8.01535E+12,12
144150900,SER.MEC.X FASCIA BASS.MA,1122,21.94,8.01535E+12,12
144151600,SER.MEC.X FASCIA BASS.MA,1122,16.46,8.01535E+12,12
144151700,SER.MEC.X FASCIA BASS.MA,1122,16.46,8.01535E+12,12
14415170000CC,SER.MEC.X FASCIA BASS.MA CONF.IND.,4122,11.41,8.01535E+12,12
144151800,SER.MEC.X FASCIA BASS.MA,1122,16.46,8.01535E+12,12
14415180000CC,SER.MEC.X FASCIA BASS.MA CONF.IND.,4122,11.41,8.01535E+12,12
144151900,SER.MEC.X FASCIA BASS.MA,1122,21.94,8.01535E+12,12
144152700,SER.MEC.X FASCIA BASS.MA,1122,19.23,8.01535E+12,12
144152800,SER.MEC.X FASCIA BASS.MA,1122,19.23,8.01535E+12,12
144152900,SER.MEC.X FASCIA BASS.MA,1122,24.92,8.01535E+12,12
144155600,SERR.MECC.X FASCIA BASSA,1122,19.63,8.01535E+12,12
144155700,SERR.MECC.X FASCIA BASSA,1122,19.63,8.01535E+12,12
144155800,SER.MEC.X FASCIA BASSA,1122,19.63,8.01535E+12,12
144155900,SER.MEC.X FASCIA BASSA,1122,25.32,8.01535E+12,12
144156600,SERR.MECC.X FASCIA BASSA,1122,19.63,8.01535E+12,12
144156700,SERR.MECC.X FASCIA BASSA,1122,19.63,8.01535E+12,12
144156800,SER.MEC.X FASCIA BASSA,1122,19.63,8.01535E+12,12
144156900,SER.MEC.X FASCIA BASSA,1122,25.32,8.01535E+12,12
144160600,SER.MEC.X FASCIA BASS.MA,1122,23.61,8.01535E+12,12
144160700,SER.MEC.X FASCIA BASS.MA,1122,23.61,8.01535E+12,12
144160800,SER.MEC.X FASCIA BASS.MA,1122,23.61,8.01535E+12,12
144160900,SER.MEC.X FASCIA BASS.MA,1122,29.61,8.01535E+12,12
144161600,SER.MEC.X FASCIA BASS.MA,1122,23.61,8.01535E+12,12
144161700,SER.MEC.X FASCIA BASS.MA,1122,23.61,8.01535E+12,12
144161800,SER.MEC.X FASCIA BASS.MA,1122,23.61,8.01535E+12,12
144161900,SER.MEC.X FASCIA BASS.MA,1122,29.61,8.01535E+12,12
144217150,SER.MON.OV.SOLO SCR T.16,1131,24.25,8.01535E+12,12
144218150,SER.MON.OV.SOLO SCR T.20,1131,24.25,8.01535E+12,12
144219250,SER.1M.+SCR.08210 T.14.7,1131,36.71,8.01535E+12,12
144219300,SER.1M +SCR.08210 T.14.7,1131,36.71,8.01535E+12,12
144220150,SERRATURA INF. PROFILATI,1131,30.05,8.01535E+12,12
144220180,SERRATURA INF. PROFILATI,1131,30.76,8.01535E+12,12
144220250,SER.1MAN+SCR.08210 T.16,1131,30.76,8.01535E+12,12
144220300,SER.1MAN+SCR.08210 T.16,1131,30.76,8.01535E+12,12
144220350,SER.1MAN+SCR.08210 T.16,1131,30.76,8.01535E+12,12
14422035000EN,"SER.1 MAND.SCR 08210 T14,7",1131,34.13,8.01535E+12,12
144221150,SERRATURA INF. PROFILATI,1131,30.05,8.01535E+12,12
144221180,SERRATURA INF. PROFILATI,1131,30.76,8.01535E+12,12
144221250,SER.1MAN+SCR.08210 T.20,1131,30.76,8.01535E+12,12
14422125012,SER.1MAN+SCR.08210 T.20 NK,1131,38.06,8.01535E+12,
144221300,SER.1MAN+SCR.08210 T.20,1131,30.76,8.01535E+12,12
144221350,SER.1MAN+SCR.08210 T.20,1131,30.76,8.01535E+12,12
144224250,SER.2M.+SCR.08210 T.14.7,1131,40.9,8.01535E+12,12
144225150,SERRATURA INF. PROFILATI,1131,34.01,8.01535E+12,12
144225180,SERRATURA INF. PROFILATI,1131,34.68,8.01535E+12,12
144225250,SER.2MAN.+SCR.08210 T.16,1131,34.68,8.01535E+12,12
144225300,SER.2MAN.+SCR.08210 T.16,1131,34.68,8.01535E+12,12
144225350,SER.2MAN.+SCR.08210 T.16,1131,34.68,8.01535E+12,12
14422535000EN,"SER.2 MAND.SCR 08210 T14,7",1131,38.59,8.01535E+12,12
144226150,SERRATURA INF. PROFILATI,1131,34.01,8.01535E+12,12
144226180,SERRATURA INF. PROFILATI,1131,34.68,8.01535E+12,12
144226250,SER.2MAN.+SCR.08210 T.20,1131,34.68,8.01535E+12,12
144226300,SER.2MAN.+SCR.08210 T.20,1131,34.68,8.01535E+12,12
144226350,SER.2MAN.+SCR.08210 T.20,1131,34.68,8.01535E+12,12
144227150,SERR.PROF. T.16 SOLO SCR.,1131,21.35,8.01535E+12,12
144228150,SERR.PROF. T.20 SOLO SCR.,1131,21.35,8.01535E+12,12
14422815020,SERR.PROF. T.20 SOLO SCR.INOX,1131,23.07,8.01535E+12,1
144230150,SERRATURA INF. PROFILATI,1131,30.05,8.01535E+12,12
144230180,SERRATURA INF. PROFILATI,1131,30.76,8.01535E+12,12
144230250,SER.1MAN.+RUL.08210 T.16,1131,30.76,8.01535E+12,12
144230300,SER.1MAN.+RUL.08210 T.16,1131,30.76,8.01535E+12,12
144230350,SER.1MAN.+RUL.08210 T.16,1131,30.76,8.01535E+12,12
144231150,SERRATURA INF. PROFILATI,1131,30.05,8.01535E+12,12
144231180,SERRATURA INF. PROFILATI,1131,30.76,8.01535E+12,12
144231250,SER.1MAN.+RUL.08210 T.20,1131,30.76,8.01535E+12,12
144231300,SER.1MAN.+RUL.08210 T.20,1131,30.76,8.01535E+12,12
144231350,SER.1MAN.+RUL.08210 T.20,1131,30.76,8.01535E+12,12
144235150,SERRATURA INF. PROFILATI,1131,35.74,8.01535E+12,12
144235180,SERRATURA INF. PROFILATI,1131,36.38,8.01535E+12,12
144235250,SER.2MAN.+RUL.08210 T.16,1131,36.38,8.01535E+12,12
144235300,SER.2MAN.+RUL.08210 T.16,1131,36.38,8.01535E+12,12
144235350,SER.2MAN.+RUL.08210 T.16,1131,36.38,8.01535E+12,12
144236180,SERRATURA INF. PROFILATI,1131,36.38,8.01535E+12,12
144236250,SER.2MAN.+RUL.08210 T.20,1131,36.38,8.01535E+12,12
144236300,SER.2MAN.+RUL.08210 T.20,1131,36.38,8.01535E+12,12
144236350,SER.2MAN.+RUL.08210 T.20,1131,36.38,8.01535E+12,12
144237150,SERR.PROF. T.16 SOLO RUL.,1131,19.82,8.01535E+12,12
144238150,SERR.PROF. T.20 SOLO RUL.,1131,19.82,8.01535E+12,12
144240150,SERRATURA INF. PROFILATI,1131,23.9,8.01535E+12,12
144240180,SERRATURA INF. PROFILATI,1131,24.48,8.01535E+12,12
144240250,SER.SOLO CAT. 1MAN. T.16,1131,24.48,8.01535E+12,12
144240300,SER.SOLO CAT. 1MAN. T.16,1131,24.48,8.01535E+12,12
144240350,SER.SOLO CAT. 1MAN. T.16,1131,24.48,8.01535E+12,12
144241150,SERRATURA INF. PROFILATI,1131,23.9,8.01535E+12,12
144241180,SERRATURA INF. PROFILATI,1131,24.48,8.01535E+12,12
144241250,SER.SOLO CAT. 1MAN. T.20,1131,24.48,8.01535E+12,12
144241300,SER.SOLO CAT. 1MAN. T.20,1131,24.48,8.01535E+12,12
144241350,SER.SOLO CAT. 1MAN. T.20,1131,24.48,8.01535E+12,12
144245150,SERRATURA INF. PROFILATI,1131,27.83,8.01535E+12,12
144245180,SERRATURA INF. PROFILATI,1131,28.44,8.01535E+12,12
144245250,SER.SOLO CAT. 2MAN. T.16,1131,28.44,8.01535E+12,12
144245300,SER.SOLO CAT. 2MAN. T.16,1131,28.44,8.01535E+12,12
144245350,SER.SOLO CAT. 2MAN. T.16,1131,28.44,8.01535E+12,12
144246150,SERRATURA INF. PROFILATI,1131,27.83,8.01535E+12,12
144246180,SERRATURA INF. PROFILATI,1131,28.44,8.01535E+12,12
144246250,SER.SOLO CAT. 2MAN. T.20,1131,28.44,8.01535E+12,12
144246300,SER.SOLO CAT. 2MAN. T.20,1131,28.44,8.01535E+12,12
144246350,SER.SOLO CAT. 2MAN. T.20,1131,28.44,8.01535E+12,12
144350700,SERR.ME.FASCIA CIL.SAG.,1123,30.79,8.01535E+12,12
144351700,SERR.MEC.FASCIA CIL.SAG.,1123,30.79,8.01535E+12,12
144360700,SERR.MEC.FASCIA CIL.SAG.,1123,27.53,8.01535E+12,12
144360800,SERR.MEC.FASCIA CIL.SAG.,1123,27.53,8.01535E+12,12
144360900,SERR.MECC.FASCIA CIL.SAG.,1123,32.8,8.01535E+12,12
144361700,SERR.MEC.FASCIA CIL.SAG.,1123,27.53,8.01535E+12,12
144361800,SERR.MECC.FASCIA CIL.SAG.,1123,27.53,8.01535E+12,12
144361900,SERR.MEC.FASCIA CIL.SAG.,1123,32.8,8.01535E+12,12
144362700,SERR.MEC.FASCIA CIL.SAG.,1123,30.5,8.01535E+12,12
144362800,SERR.MEC.FASCIA CIL.SAG.,1123,30.5,8.01535E+12,12
144362900,SERR.MEC.FASCIA CIL.SAG.,1123,35.96,8.01535E+12,12
144370700,SERR.MEC.FASCIA CIL.SAG.,1123,31.37,8.01535E+12,12
144370800,SERR.MEC.FASCIA CIL.SAG.,1123,31.37,8.01535E+12,12
144370900,SERR.MEC.FASCIA CIL.SAG.,1123,37.13,8.01535E+12,12
144371700,SERR.MEC.FASCIA CIL.SAG.,1123,31.37,8.01535E+12,12
144371800,SERR.MEC.FASCIA CIL.SAG.,1123,31.37,8.01535E+12,12
144371900,SERR.MEC.FASCIA CIL.SAG.,1123,37.13,8.01535E+12,12
144450700,SERR.MEC.FASCIA CIL.OVALE,1123,30.79,8.01535E+12,12
144451700,SERR.MEC.FASCIA CIL.OVALE,1123,30.79,8.01535E+12,12
144460700,SERR.MEC.FASCIA CIL.OVALE,1123,26.34,8.01535E+12,12
144460800,SERR.MEC.FASCIA CIL.OVALE,1123,26.34,8.01535E+12,12
144460900,SERR.MEC.FASCIA CIL.OVALE,1123,31.67,8.01535E+12,12
144461700,SERR.MEC.FASCIA CIL.OVALE,1123,26.34,8.01535E+12,12
144461800,SERR.MEC.FASCIA CIL.OVALE,1123,26.34,8.01535E+12,12
144461900,SERR.MEC.FASCIA CIL.OVALE,1123,31.67,8.01535E+12,12
144462700,SERR.MEC.FASCIA CIL.OVALE,1123,29.3,8.01535E+12,12
144462800,SERR.MEC.FASCIA CIL.OVALE,1123,29.3,8.01535E+12,12
144462900,SERR.MEC.FASCIA CIL.OVALE,1123,34.79,8.01535E+12,12
144470700,SERR.MEC.FASCIA CIL.OVALE,1123,31.37,8.01535E+12,12
144470800,SERR.MEC.FASCIA CIL.OVALE,1123,31.37,8.01535E+12,12
144470900,SERR.MEC.FASCIA CIL.OVALE,1123,37.13,8.01535E+12,12
144471700,SERR.MEC.FASCIA CIL.OVALE,1123,31.37,8.01535E+12,12
144471800,SERR.MEC.FASCIA CIL.OVALE,1123,31.37,8.01535E+12,12
144471900,SERR.MEC.FASCIA CIL.OVALE,1123,37.13,8.01535E+12,12
144635350,SER.INF.RUL.2 MAN.QUALITY,1115,38.8,8.01535E+12,
14465020020,SER.MONT.MEC.SOLO SCROCCO-INOX,1117,36.15,8.01535E+12,
144651200,SER.MONT.MEC.SOLO SCROCCO,1117,32.81,8.01535E+12,12
144651250,SER.MONT.MEC.SOLO SCROCCO,1117,32.81,8.01535E+12,12
14465125020,SER.MONT.MEC.SOLO SCROCCO-INOX,1117,36.15,8.01535E+12,12
144651300,SER.MONT.MEC.SOLO SCROCCO,1117,32.81,8.01535E+12,12
14465130020,SER.MONT.MEC.SOLO SCROCCO-INOX,1117,36.15,8.01535E+12,12
144651350,SER.MONT.MEC.SOLO SCROCCO,1117,32.81,8.01535E+12,12
14465135020,SER.MONT.MEC.SOLO SCROCCO-INOX,1117,36.15,8.01535E+12,12
144661200,SER.INF.SCR.1 MAN.,1117,33.49,8.01535E+12,12
14466120020,SER.INF.SCR.1 MAN.INOX,1117,36.84,8.01535E+12,12
144661250,SER.INF.SCR.1 MAN.,1117,33.49,8.01535E+12,12
14466125020,SER.INF.SCR.1 MAN.INOX,1117,36.84,8.01535E+12,12
144661300,SER.INF.SCR.1 MAN.,1117,33.49,8.01535E+12,12
14466130020,SER.INF.SCR.1 MAN.INOX,1117,36.84,8.01535E+12,12
144661350,SER.INF.SCR.1 MAN.,1117,33.49,8.01535E+12,12
14466135020,SER.INF.SCR.1 MAN.INOX,1117,36.84,8.01535E+12,12
144665250,SER.INF.SCR.2 MAN.QUALITY,1117,39.04,8.01535E+12,
144665300,SER.INF.SCR.2 MAN.QUALITY,1117,39.04,8.01535E+12,
144665350,SER.INF.SCR.2 MAN.QUALITY,1117,39.04,8.01535E+12,
144666200,SER.INF.SCR.2 MAN.,1117,39.04,8.01535E+12,12
144666250,SER.INF.SCR.2 MAN.,1117,39.04,8.01535E+12,12
144666300,SER.INF.SCR.2 MAN.,1117,39.04,8.01535E+12,12
144666350,SER.INF.SCR.2 MAN.,1117,39.04,8.01535E+12,12
144671200,SER.INF.RUL.1 MAN.,1117,36.71,8.01535E+12,12
14467120020,SER.INF.RUL.1 MAN.INOX,1117,40.08,8.01535E+12,12
144671250,SER.INF.RUL.1 MAN.,1117,36.71,8.01535E+12,12
14467125020,SER.INF.RUL.1 MAN.INOX,1117,40.08,8.01535E+12,12
144671300,SER.INF.RUL.1 MAN.,1117,36.71,8.01535E+12,12
14467130020,SER.INF.RUL.1 MAN.INOX,1117,40.08,8.01535E+12,12
144671350,SER.INF.RUL.1 MAN.,1117,36.71,8.01535E+12,12
14467135020,SER.INF.RUL.1 MAN.INOX,1117,40.08,8.01535E+12,12
144680350,SERR.INF.SOLO CAT.1 MAN. QUALITY,1117,37.78,8.01535E+12,
144681200,SERR.INF.SOLO CAT.1 MAN.,1117,37.78,8.01535E+12,12
14468120020,SERR.INF.SOLO CAT.1 MAN.INOX,1117,41.14,8.01535E+12,12
144681250,SERR.INF.SOLO CAT.1 MAN.,1117,37.78,8.01535E+12,12
14468125020,SERR.INF.SOLO CAT.1 MAN.INOX,1117,41.14,8.01535E+12,12
144681300,SERR.INF.SOLO CAT.1 MAN.,1117,37.78,8.01535E+12,12
14468130020,SERR.INF.SOLO CAT.1 MAN.INOX,1117,41.14,8.01535E+12,12
144681350,SERR INF SOLO CAT 1 MAN,1117,37.78,8.01535E+12,12
14468135020,SERR.INF.SOLO CAT.1 MAN.INOX,1117,41.14,8.01535E+12,12
144820200,SERR.INF.SCR.1 MAND.LOCKING LINE,4115,20.57,8.01535E+12,1
14482020020,SERR.INF.SCR.1 MAND.LOCKING LINE-INOX,4115,22.6,8.01535E+12,1
144820250,SERR.INF.SCR.1 MAND.LOCKING LINE,4115,20.57,8.01535E+12,1
14482025020,SERR.INF.SCR.1 MAND.LOCKING LINE-INOX,4115,22.6,8.01535E+12,1
144820300,SERR.INF.SCR.1 MAND.LOCKING LINE,4115,20.57,8.01535E+12,1
14482030020,SERR.INF.SCR.1 MAND.LOCKING LINE-INOX,4115,22.6,8.01535E+12,1
144820350,SERR.INF.SCR.1 MAND.LOCKING LINE,4115,20.57,8.01535E+12,1
14482035020,SERR.INF.SCR.1 MAND.LOCKING LINE-INOX,4115,22.6,8.01535E+12,1
144830200,SERR.INF.RUL.1 MAND.LOCKING LINE,4115,20.57,8.01535E+12,1
14483020020,SERR.INF.RUL.1 MAND.LOCKING LINE-INOX,4115,22.6,8.01535E+12,1
144830250,SERR.INF.RUL.1 MAND.LOCKING LINE,4115,20.57,8.01535E+12,1
14483025020,SERR.INF.RUL.1 MAND.LOCKING LINE-INOX,4115,22.6,8.01535E+12,1
144830300,SERR.INF.RUL.1 MAND.LOCKING LINE,4115,20.57,8.01535E+12,1
14483030020,SERR.INF.RUL.1 MAND.LOCKING LINE-INOX,4115,22.6,8.01535E+12,1
144830350,SERR.INF.RUL.1 MAND.LOCKING LINE,4115,20.57,8.01535E+12,1
14483035020,SERR.INF.RUL.1 MAND.LOCKING LINE-INOX,4115,22.6,8.01535E+12,1
14484025020,SERR.INF.SOLO CAT.LOCKING LINE-INOX,4115,22.6,8.01535E+12,1
14484035020,SERR.INF.SOLO CAT.LOCKING LINE-INOX,4115,22.6,8.01535E+12,1
14487025020,SERR.INF.RUL.1 MAND.LOCKING LINE-INOX,4117,22.6,8.01535E+12,
145010160,SERR.GANCIO,1132,34.66,8.01535E+12,12
145012160,SERR.GANCIO CON PERNO,1132,38.07,8.01535E+12,12
145027160,SERR.GANCIO A SCROCCO C/PERNO E ANTISCASSO,1132,45.35,8.01535E+12,12
145100300,SERR.INF.GANCIO OTTONE,1113,46.54,8.01535E+12,1
145100350,SERR.INF.GANCIO OTTONE,1113,46.54,8.01535E+12,1
14510035012,SERR.INF.GANCIO OTTONE,1113,52.19,8.01535E+12,1
145100400,SERR.INF.GANCIO OTTONE,1113,46.54,8.01535E+12,1
14510040012,SERR.INF.GANCIO OTTONE,1113,52.19,8.01535E+12,1
145100450,SERR.INF.GANCIO OTTONE,1113,46.54,8.01535E+12,1
14510045012,SERR.INF.GANCIO OTTONE,1113,52.19,8.01535E+12,1
145100500,SERR.INF.GANCIO OTTONE,1113,46.54,8.01535E+12,1
14510050012,SERR.INF.GANCIO OTTONE,1113,52.19,8.01535E+12,1
145100600,SERR.INF.GANCIO OTTONE,1113,46.54,8.01535E+12,1
14510060012,SERR.INF.GANCIO OTTONE,1113,52.19,8.01535E+12,1
145110300,SERRATURA INF. GANCIO,1113,38.1,8.01535E+12,12
145110350,SERRATURA INF. GANCIO,1113,38.1,8.01535E+12,12
145110400,SERRATURA INF. GANCIO,1113,38.1,8.01535E+12,12
145110450,SERRATURA INF. GANCIO,1113,38.1,8.01535E+12,12
145110500,SERRATURA INF. GANCIO,1113,38.1,8.01535E+12,12
145110600,SERRATURA INF. GANCIO,1113,38.1,8.01535E+12,12
146015250,SER.MEC.DI SIC.X MONT.LOCKING LINE,4133,37.13,8.01535E+12,1
146015300,SER.MEC.DI SIC. X MONT.LOCKING LINE,4133,37.13,8.01535E+12,12
146015350,SER.MEC.DI SIC.X MONT.LOCKING LINE,4133,37.13,8.01535E+12,12
146030300,SER.MEC.DI SIC.X MONT.LOCKING LINE,4133,37.13,8.01535E+12,
146030350,SER.MEC.DI SIC.X MONT.LOCKING LINE,4133,37.13,8.01535E+12,1
146200250,SER.MEC.SIC.PERSIANE SOLO CATENACCIO,3133,35.24,8.01535E+12,12
146200300,SER.MEC.SIC.PERSIANE SOLO CATENACCIO,3133,35.24,8.01535E+12,12
146200350,SER.MEC.SIC.PERSIANE SOLO CATENACCIO,3133,35.24,8.01535E+12,12
146210250,SER.MEC.DI SIC.X MONT.,3133,28.68,8.01535E+12,12
146210300,SERR.MEC.DI SIC. X MONT.,3133,28.68,8.01535E+12,12
146210350,SER.MEC.DI SIC.X MONT.,3133,28.68,8.01535E+12,12
146212250,SER.MEC.X MONT.SIC.SPILLO,3134,69.72,8.01535E+12,12
146212300,SER.MEC.X.MONT.SIC.SPILLO,3134,69.72,8.01535E+12,12
146212350,SER.MEC.X MONT.SIC.SPILLO,3134,69.72,8.01535E+12,12
146213250,"SER.MEC.DI SIC.X MONT.FRONTALE ""U""",3133,33.21,8.01535E+12,12
146213300,"SERR.MEC.DI SIC. X MONT.FRONTALE ""U""",3133,33.21,8.01535E+12,12
146213350,"SER.MEC.DI SIC.X MONT.FRONTALE ""U""",3133,33.21,8.01535E+12,12
146215250,SER.MEC.DI SIC.X MONT.,3133,32.82,8.01535E+12,12
14621525000VV,SER.MEC.DI SIC.X MONT.FRONTALE 25 MM,3133,35.06,8.01535E+12,12
146215300,SER.MEC.DI SIC. X MONT.,3133,32.82,8.01535E+12,12
14621530000VV,SER.MEC.DI SIC. X MONT.FRONTALE 25 MM,3133,35.06,8.01535E+12,12
146215350,SER.MEC.DI SIC.X MONT.,3133,32.82,8.01535E+12,12
14621535000VV,SER.MEC.DI SIC.X MONT.FRONTALE 25 MM,3133,35.06,8.01535E+12,12
146216250,SER.MEC.SIC.X MONT.C.ANT.,3133,40.59,8.01535E+12,
146217250,SER.MEC.X.MONT SIC.SPILLO,3134,75.06,8.01535E+12,12
146217300,SER.MEC.X MONT.SIC.SPILLO,3134,75.06,8.01535E+12,12
146217350,SER.MEC.X MONT.SIC.SPILLO,3134,75.06,8.01535E+12,12
146218250,"SER.MEC.DI SIC.X MONT.FRONTALE ""U""",3133,38.27,8.01535E+12,12
146218300,"SER.MEC.DI SIC. X MONT.FRONTALE ""U""",3133,38.27,8.01535E+12,12
146218350,"SER.MEC.DI SIC.X MONT.FRONTALE ""U""",3133,38.27,8.01535E+12,12
146219250,SER.MEC.DI SIC.X MONT.I = 92 MM.,3133,34.47,8.01535E+12,12
146219300,SER.MEC.DI SIC. X MONT.I = 92 MM.,3133,34.47,8.01535E+12,12
146219350,SER.MEC.DI SIC.X MONT.I = 92 MM.,3133,34.47,8.01535E+12,12
146220250,SER.MEC.DI SIC.X MONT.,3133,30.82,8.01535E+12,12
146220300,SER.MEC.DI SIC.X MONT.,3133,30.82,8.01535E+12,12
146220350,SER.MEC.DI SIC.X MONT.,3133,30.82,8.01535E+12,12
146222250,SER.MEC.X MONT.SIC.SPILLO,3134,72.47,8.01535E+12,12
146222300,SER.MEC.X MONT.SIC.SPILLO,3134,72.47,8.01535E+12,12
146222350,SER.MEC.X MONT.SIC.SPILLO,3134,72.47,8.01535E+12,12
146225250,SER.MEC.DI SIC.X MONT.,3133,35,8.01535E+12,12
14622525000GS,SER.MEC.DI SIC.X MONT.FR.25 4 FORI SFALSATI,3133,35.63,8.01535E+12,12
14622525000VV,SER.MEC.DI SIC.X MONT.-FR.25 FORI IN ASSE,3133,37.44,8.01535E+12,12
146225300,SER.MEC.DI SIC.X MONT.,3133,35,8.01535E+12,12
14622530000VV,SER.MEC.DI SIC.X MONT.FR.25 FORI IN ASSE,3133,37.44,8.01535E+12,12
146225350,SER.MEC.DI SIC.X MONT.,3133,35,8.01535E+12,12
14622535000VV,SER.MEC.DI SIC.X MONT.FR.25 FORI IN ASSE,3133,37.44,8.01535E+12,12
146227250,SER.MEC.X MONT.SIC.SPILLO,3134,77.88,8.01535E+12,12
146227300,SER.MEC.X MONT.SIC.SPILLO,3134,77.88,8.01535E+12,12
146227350,SER.MEC.X MONT.SIC.SPILLO,3134,77.88,8.01535E+12,12
146230250,SER.MEC.DI SIC.X MONT.,3133,32.82,8.01535E+12,12
146230300,SER.MEC.DI SIC.X MONT.,3133,32.82,8.01535E+12,12
146230350,SER.MEC.DI SIC.X MONT.,3133,32.82,8.01535E+12,12
146233250,"SER.MEC.DI SIC.X MONT.FRONTALE ""U""",3133,37.18,8.01535E+12,12
146233300,"SER.MEC.DI SIC.X MONT.FRONTALE ""U""",3133,37.18,8.01535E+12,12
146233350,"SER.MEC.DI SIC.X MONT.FRONTALE ""U""",3133,37.18,8.01535E+12,12
146240250,SER.MEC.DI SIC.X MONT.,3133,32.93,8.01535E+12,12
146240300,SER.MEC.DI SIC.X MONT.,3133,32.93,8.01535E+12,12
146240350,SER.MEC.DI SIC.X MONT.,3133,32.93,8.01535E+12,12
146250250,SER.MEC.DI SIC.X MONT.,3133,35,8.01535E+12,12
146250300,SER.MEC. DI SIC.X MONT.,3133,35,8.01535E+12,12
146250350,SER.MEC.DI SIC.X MONT.,3133,35,8.01535E+12,12
146252250,SER.MEC.X MONT.SIC.SPILLO,3134,77.88,8.01535E+12,12
146252300,SER.MEC.X MONT.SIC.SPILLO,3134,77.88,8.01535E+12,12
146252350,SER.MEC.X MONT.SIC.SPILLO,3134,77.88,8.01535E+12,12
146260250,SER.MEC.DI SIC.X MONT.,3133,35.08,8.01535E+12,12
146260300,SER.MEC.DI SIC.X MONT.,3133,35.08,8.01535E+12,12
146260350,SER.MEC.DI SIC.X MONT.,3133,35.08,8.01535E+12,12
146265250,SER.MEC.SIC.X PERSIANE SOLO GANCIO,3133,52.04,8.01535E+12,12
146265300,SER.MEC.SIC.X PERSIANE SOLO GANCIO,3133,52.04,8.01535E+12,12
146265350,SER.MEC.SIC.X PERSIANE SOLO GANCIO,3133,52.04,8.01535E+12,12
146270250,SER.MEC.DI SIC.X MONT.,3133,28.68,8.01535E+12,12
146270300,SER.MEC.DI SIC.X MONT.,3133,28.68,8.01535E+12,12
146270350,SER.MEC.DI SIC.X MONT.,3133,28.68,8.01535E+12,12
146275250,SER.MEC.SIC.X PERSIANE ALTO/BASSO,3133,46.74,8.01535E+12,12
146275300,SER.MEC.SIC.X PERSIANE ALTO/BASSO,3133,46.74,8.01535E+12,12
146275350,SER.MEC.SIC.X PERSIANE ALTO/BASSO,3133,46.74,8.01535E+12,12
146301350,NEW SER. PERSIANA CORSA 16MM,3147,30.7,8.01535E+12,12
146305190,"SER.MEC.SIC.X PERSIANE E = 19,7",3137,53.42,8.01535E+12,24
146305250,"SER.MEC.SIC.X PERSIANE E = 25,7",3137,56.22,8.01535E+12,24
146305300,"SER.MEC.SIC.X PERSIANE E = 30,7",3137,59.9,8.01535E+12,24
146307190,"SER.MEC.MONT.X PERSIANA E=19,7 SPILLO",3138,71.04,8.01535E+12,24
1463071900000KA,SER.MEC.MONT.X PERSIANA E=19 SPILLO KA,3138,71.04,8.01535E+12,24
146307250,"SER.MEC.MONT.X PERSIANA E=25,7 SPILLO",3138,73.83,8.01535E+12,24
1463072500000KA,SER.MEC.MONT.X PERSIANA E=25 SPILLO  KA,3138,73.83,8.01535E+12,24
14636025000PN,"SER.X MONT.GANCIO LUCE 9,7 MM -GRADO 3",3147,43.53,8.01535E+12,12
14636025000TP,"SER.MEC.DI SIC.X MONT.GANCIO LUCE 9,7 MM",3147,29.86,8.01535E+12,12
146420250,MUL.TO MEC.X MONT.2 DEV,3135,89.24,8.01535E+12,1
146420300,MUL.TO MEC.MONT.2 DEV.,3135,89.24,8.01535E+12,1
146420350,MUL.TO MEC.MONT.2 DEV.,3135,89.24,8.01535E+12,1
146425250,MUL.TO MEC.X MONT.2 DEV.,3135,89.24,8.01535E+12,1
146425300,MUL.TO MEC X MONT.2 DEV.,3135,89.24,8.01535E+12,1
146425350,MUL.TO MEC.X MONT.2 DEV.,3135,89.24,8.01535E+12,1
146445250,MUL.TO MEC.X MONT.,3135,94.53,8.01535E+12,1
146445300,MUL.TO MEC.X MONT.,3135,94.53,8.01535E+12,1
146445350,MUL.TO MEC.X MONT.,3135,94.53,8.01535E+12,1
146450250,MUL.TO MEC. MONT.2 DEV.,3135,89.24,8.01535E+12,1
146450300,MUL.TO MEC. MONT.2 DEV.,3135,89.24,8.01535E+12,1
146450350,MUL.TO MEC.X MONT.2 DEV.,3135,89.24,8.01535E+12,1
146520250,M.TO MEC.MON.2 DEV.PIATTA,3135,86.94,8.01535E+12,1
146520300,M.TO MEC.MON.2 DEV.PIATTA,3135,86.94,8.01535E+12,1
146520350,M.TO MEC.MON.2 DEV.PIATTA,3135,86.94,8.01535E+12,1
146525250,M.TO MEC.MON.2 DEV.PIATTA,3135,86.94,8.01535E+12,1
146525300,M.TO MEC.MON.2 DEV.PIATTA,3135,86.94,8.01535E+12,1
146525350,M.TO MEC.MON.2 DEV.PIATTA,3135,86.94,8.01535E+12,1
146550250,M.TO MEC.MON.2 DEV.PIATTA,3135,86.94,8.01535E+12,1
146550300,M.TO MEC.MON.2 DEV.PIATTA,3135,86.94,8.01535E+12,1
146550350,M.TO MEC.MON.2 DEV.PIATTA,3135,86.94,8.01535E+12,1
146600250,"MUL.TO MEC.2 DEV.""C""INOX",3135,102.05,8.01535E+12,1
146600350,"MUL.TO MEC.2 DEV.""C""INOX",3135,102.05,8.01535E+12,1
146605350,"MUL.TO MEC.2 DEV.""C""INOX",3135,102.05,8.01535E+12,1
146625250,MUL.TO MEC.X MONT.2 DEV.INOX,3135,106.29,8.01535E+12,1
146625300,MUL.TO MEC.X MONT.2 DEV.INOX,3135,106.29,8.01535E+12,1
146625350,MUL.TO MEC.X MONT.2 DEV.INOX,3135,106.29,8.01535E+12,1
146650250,MUL.TO MEC.X MONT.2 DEV.INOX,3135,106.29,8.01535E+12,1
146650300,MUL.TO MEC.X MONT.2 DEV.INOX,3135,106.29,8.01535E+12,1
146650350,MUL.TO MEC.X MONT.2 DEV.INOX,3135,106.29,8.01535E+12,1
146725250,MUL.TO MEC.2 DEV.PIATTA INOX,3135,101.28,8.01535E+12,1
146725300,MUL.TO MEC.2 DEV.PIATTA INOX,3135,101.28,8.01535E+12,1
146725350,MUL.TO MEC.2 DEV.PIATTA INOX,3135,101.28,8.01535E+12,1
146750250,MUL.TO MEC.2 DEV.PIATTA INOX,3135,101.28,8.01535E+12,1
146750300,MUL.TO MEC.2 DEV.PIATTA INOX,3135,101.28,8.01535E+12,1
146750350,MUL.TO MEC.2 DEV.PIATTA INOX,3135,101.28,8.01535E+12,1
146800250,SER.MEC.SIC.X PERSIANE CORSA 25 MM,3147,34.46,8.01535E+12,12
14680025000CP,SER.MEC.SIC.X PERSIANE CORSA 25 MM C/CONTR,3147,35.81,8.01535E+12,12
14680025000TF,SER.MEC.SIC.X PERSIANE CORSA 25 MM-RINVII BAIONET,3147,46.61,8.01535E+12,12
146800300,SER.MEC.SIC.X PERSIANE  CORSA 25 MM,3147,34.46,8.01535E+12,12
14680030000CP,SER.MEC.SIC.X PERSIANE CORSA 25 MM C/CONTR,3147,35.81,8.01535E+12,12
1468003500000RB,SER.MEC.SIC.X PERSIANE CORSA 25 MM,3147,34.46,8.01535E+12,1
14680035000CPNP,SER.MEC.SIC.X PERSIANE CORSA 25 MM C/CONTR,3147,35.81,8.01535E+12,1
146802250,SER.MEC.SIC.X PERSIANE CORSA 25 MM-SPILLO,3148,64.32,8.01535E+12,12
146802300,SER.MEC.SIC.X PERSIANE CORSA 25 MM-SPILLO,3148,64.32,8.01535E+12,12
146802350,SER.MEC.SIC.X PERSIANE CORSA 25 MM-SPILLO,3148,64.32,8.01535E+12,12
146803250,SER.MEC.SIC.X PERSIANE CORSA 25 MM AGG.RAPIDO,3147,37.24,8.01535E+12,12
146803300,SER.MEC.SIC.X PERSIANE  CORSA 25 MM AGG. RAPIDO,3147,37.24,8.01535E+12,12
146803350,SER.MEC.SIC.X PERSIANE CORSA 25 MM AGG.RAPIDO,3147,37.24,8.01535E+12,12
146815250,SER.MEC.SIC.X MONT.,3147,29.14,8.01535E+12,12
146815300,SER.MEC.SIC.X MONT.,3147,29.14,8.01535E+12,12
146815350,SER.MEC.SIC.X MONT.,3147,29.14,8.01535E+12,12
146820250,SER.MEC.SIC.X MONT.SOLO CAT.CORSA 25 MM,3147,28.09,8.01535E+12,12
146820300,SER.MEC.SIC.X MONT.SOLO CAT.CORSA 25 MM,3147,28.09,8.01535E+12,12
146820350,SER.MEC.SIC.X MONT.FERRO CORSA 25 MM,3147,28.09,8.01535E+12,12
14682035000TF,SER.MEC.SIC.X MONT.FERRO CORSA 25 MM BAIONETTA,3147,40.29,8.01535E+12,12
146822250,SER.MEC.SIC.X MONT.SOLO CAT.CORSA 25 MM SPILLO,3148,57.8,8.01535E+12,12
146822300,SER.MEC.SIC.X MONT.SOLO CAT.CORSA 25 MM SPILLO,3148,57.8,8.01535E+12,12
146822350,SER.MEC.SIC.X MONT.SOLO CAT.CORSA 25 MM SPILLO,3148,57.8,8.01535E+12,12
146823250,SER.MEC.SIC.X MONT.SOLO CAT.CORSA 25 MM  AGG.RAPID,3147,33.62,8.01535E+12,12
146823300,SER.MEC.SIC.X MONT.SOLO CAT.CORSA 25 MM AGG.RAPID,3147,33.62,8.01535E+12,12
146823350,SER.MEC.SIC.X MONT.FERRO CORSA 25 MM AGG.RAPID,3147,33.62,8.01535E+12,12
146825250,SER.MEC.SIC.X MONT.SCR+CAT CORSA 25 MM,3147,34.56,8.01535E+12,12
146825300,SER.MEC.SIC.X MONT.SCR+CAT CORSA 25 MM,3147,34.56,8.01535E+12,12
146825350,SER.MEC.SIC.X MONT.FERRO CORSA 25 MM,3147,34.56,8.01535E+12,12
146827250,SER.MEC.MONT.SCR+CAT CORSA 25 MM SPILLO,3148,64.44,8.01535E+12,12
146827300,SER.MEC.MONT.SCR+CAT CORSA 25 MM SPILLO,3148,64.44,8.01535E+12,12
146827350,SER.MEC.MONT.SCR+CAT CORSA 25 MM SPILLO,3148,64.44,8.01535E+12,12
146860250,"SER.MEC.SIC.X MONT.GANCIO 8,5 MM CORSA 25 MM",3147,40.52,8.01535E+12,12
146860300,"SER.MEC.SIC.X MONT.GANCIO 8,5 MM CORSA 25 MM",3147,40.52,8.01535E+12,12
146860350,"SER.MEC.SIC.X MONT.GANCIO 8,5 MM CORSA 25 MM",3147,40.52,8.01535E+12,12
146865250,SER.MEC.SIC.X PERSIANE SOLO GANCIO CORSA 25 MM,3147,49.74,8.01535E+12,12
146865300,SER.MEC.SIC.X PERSIANE SOLO GANCIO CORSA 25 MM,3147,49.74,8.01535E+12,12
146865350,SER.MEC.SIC.X PERSIANE SOLO GANCIO CORSA 25 MM,3147,49.74,8.01535E+12,12
146870250,SER.MEC.SIC.MONT. ALTO/BASSO CORSA 25 MM,3147,28.09,8.01535E+12,12
146870300,SER.MEC.SIC.MONT. ALTO/BASSO CORSA 25 MM,3147,28.09,8.01535E+12,12
14687030000ST,SER.MEC.SIC.MONT. A/B CORSA 25 MM- CON FRONTALE 22,3147,28.09,8.01535E+12,12
146870350,SER.MEC.SIC. FERRO ALTO-BASSO CORSA 25 MM,3147,28.09,8.01535E+12,12
14687035000SV,SER.MEC.SIC.ALTO-BASSO CORSA 25 MM-SENZA FRONTALE,3147,26.91,8.01535E+12,
146875250,SER.MEC.SIC.X PERSIANE ALTO/BASSO CORSA 25 MM,3147,34.46,8.01535E+12,12
146875300,SER.MEC.SIC.X PERSIANE ALTO/BASSO CORSA 25 MM,3147,34.46,8.01535E+12,12
146875350,SER.MEC.SIC.X PERSIANE ALTO/BASSO CORSA 25 MM,3147,34.46,8.01535E+12,12
14687535000SV,SER.MEC.SIC.X PERSIANE A/B CORSA 25 MM-SENZA FRON,3147,33.25,8.01535E+12,12
146900350,Serr. Mec Sic x Persiane con ganci rotanti,3147,35.02,8.01535E+12,12
148153350,"MONTANTE TEST.""U"" CREMAGL.""MODULARE",3154,65.22,8.01535E+12,
148816350,"MULTIPUNTO 3 SCROCCHI TEST.""U""",3166,227.75,8.01535E+12,1
148816400,"MULTIPUNTO 3 SCROCCHI TEST.""U""",3166,227.75,8.01535E+12,1
148916350,"MULTIPUNTO 3 SCROCCHI TEST.""PIATTA""",3166,219.93,8.01535E+12,1
148916400,"MULTIPUNTO 3 SCROCCHI TEST.""PIATTA""",3166,219.93,8.01535E+12,1
149225250,"MULTITOP PRO MECC.TESTATA CORTA - 15,5 MM",3163,52.79,8.01535E+12,
14922525000RC,"MULTITOP PRO RC MECC.TESTATA CORTA - 15,5 MM",3163,55.43,8.01535E+12,12
14922530000PZ,MULTITOP PRO RC MECC. COD.PONZIO PA30010/30,3163,55.43,8.01535E+12,12
14922530000RC,"MULTITOP PRO RC MECC. TESTATA CORTA - 15,5 MM",3163,55.43,8.01535E+12,12
149225350,"MULTITOP PRO MECC.TESTATA CORTA - 15,5 MM",3163,52.79,8.01535E+12,
14922535000PZ,MULTITOP PRO RC MECC. COD.PONZIO PA30010/35,3163,55.43,8.01535E+12,12
14922535000RC,"MULTITOP PRO RC MECC.TESTATA CORTA - 15,5 MM",3163,55.43,8.01535E+12,12
14922540000RC,"MULTITOP PRO RC MECC.TESTATA CORTA - 15,5 MM",3163,55.43,8.01535E+12,12
14922825000RC,MULTITOP PRO RC MECC.TESTATA CORTA - I=92,3163,60.97,8.01535E+12,12
14922830000RC,MULTITOP PRO RC MECC. TESTATA CORTA - I=92,3163,60.97,8.01535E+12,12
14922835000RC,MULTITOP PRO RC MECC.TESTATA CORTA - I=92,3163,60.97,8.01535E+12,12
14922840000RC,MULTITOP PRO RC MECC.TESTATA CORTA - I=92,3163,60.97,8.01535E+12,12
14925025000RC,"MULTITOP PRO RC MECC.TESTATA CORTA - 15,5 MM",3163,55.43,8.01535E+12,12
14925030000RC,"MULTITOP PRO RC MECC.TESTATA CORTA - 15,5 MM",3163,55.43,8.01535E+12,12
14925035000RC,"MULTITOP PRO RC MECC.TESTATA CORTA - 15,5 MM",3163,55.43,8.01535E+12,12
149250400,"MULTITOP PROMECC.TESTATA CORTA - 15,5 MM",3163,52.79,8.01535E+12,
14925040000RC,"MULTITOP PRO RC MECC.TESTATA CORTA - 15,5 MM",3163,55.43,8.01535E+12,12
149426250,"MULTITOP PROMECC.TEST.""C"" NERA - 15,5 MM",3165,103.64,8.01535E+12,
14942625000RC,"MULTITOP PRO RC MECC.TEST.""C"" NERA - 15,5 MM",3165,108.82,8.01535E+12,1
14942630000RC,"MULTITOP PRO RC MECC.TEST.""C"" NERA - 15,5 MM",3165,108.82,8.01535E+12,1
14942635000RC,"MULTITOP PRO RC MECC.TEST.""C"" NERA - 15,5 MM",3165,108.82,8.01535E+12,1
14942640000RC,"MULTITOP PRO RC MECC.TEST.""C"" NERA - 15,5 MM",3165,108.82,8.01535E+12,1
149436250,"MULTITOP PRO MECC.TEST.""C"" NERA - 15,5 MM",3165,103.64,8.01535E+12,
14943625000RC,"MULTITOP PRO RC MECC.TEST.""C"" NERA - 15,5 MM",3165,108.82,8.01535E+12,1
14943630000RC,"MULTITOP PRO RC MECC.TEST.""C"" NERA - 15,5 MM",3165,108.82,8.01535E+12,1
14943635000RC,"MULTITOP PRO RC MECC.TEST.""C"" NERA - 15,5 MM",3165,108.82,8.01535E+12,1
14943640000RC,"MULTITOP PRO RC MECC. TEST.""C"" NERA - 15,5 MM",3165,108.82,8.01535E+12,1
14944640000RC,"MULTITOP PRO RC MECC.TEST.""C"" 24X7 NERA A/B",3165,180.1,8.01535E+12,1
149526250,"MULTITOP PRO MECC. TEST.""PIATTA""NERA - 15,5 MM",3165,101.51,8.01535E+12,
14952625000RC,"MULTITOP PRO RC MECC. TEST.""PIATTA""NERA - 15,5 MM",3165,106.58,8.01535E+12,1
14952630000RC,"MULTITOP PRO RC MECC.TEST.""PIATTA""NERA",3165,106.58,8.01535E+12,1
149526350,"MULTITOP PRO MECC.TEST.""PIATTA""NERA 15,5 MM",3165,101.51,8.01535E+12,
14952635000RC,"MULTITOP PRO RC MECC.TEST.""PIATTA""NERA",3165,106.58,8.01535E+12,1
14952635000SP,"M.TO CREMAGLIERA TEST.""PIATTA"" WITH STRIKER CE",3165,129.21,8.01535E+12,1
14952640000RC,"MULTITOP PRO RC MECC.TEST.""PIATTA""NERA",3165,106.58,8.01535E+12,1
14962625000RC,"MULTITOP PRO RC MECC. TEST.""C"" INOX - 15,5 MM",3165,115.58,8.01535E+12,1
14962630000PZ,"MULTITOP PRO RC MECC.-PONZIO PA30032/30 15,5",3165,115.58,8.01535E+12,1
14962630000RC,"MULTITOP PRO RC MECC.TEST.""C""INOX 15,5 MM",3165,115.58,8.01535E+12,1
14962635000RC,"MULTITOP PRO RC MECC TEST.""C""INOX 15,5 MM",3165,115.58,8.01535E+12,1
14962640000RC,"MULTITOP PRO RC MECC.TEST.""C""INOX 15,5 MM",3165,115.58,8.01535E+12,1
149636250,"MULTITOP PRO MECC.TEST.""C"" INOX - 15,5 MM",3165,110.09,8.01535E+12,
14963625000RC,"MULTITOP PRO RC MECC.TEST.""C"" INOX - 15,5 MM",3165,115.58,8.01535E+12,1
14963630000RC,"MULTITOP PRO RC MECC.TEST.""C""INOX 15,5 MM",3165,115.58,8.01535E+12,1
14963635000RC,"MULTITOP PRO RC MECC.TEST.""C""INOX 15,5 MM",3165,115.58,8.01535E+12,1
14963640000RC,"MULTITO PRO RC MECC.TEST.""C""INOX 15,5 MM",3165,115.58,8.01535E+12,1
14963825000RC,"MULTITOP PRO RC MECC.TEST.""C"" INOX - I=92",3165,126.38,8.01535E+12,1
14963830000RC,"MULTITOP PRO RC MECC.TEST.""C""INOX  I=92",3165,126.38,8.01535E+12,1
14963835000RC,"MULTITOP PRO RC MECC.TEST.""C""INOX  I=92",3165,126.38,8.01535E+12,1
14963840000RC,"MULTITOP PRO RC MECC.TEST.""C""INOX  I=92",3165,126.38,8.01535E+12,1
14965625000RC,"MULTITOP MAX RC MECC.TEST.""U""24X5 INOX 4 GANCI",3167,170.92,8.01535E+12,1
14965630000RC,"MULTITOP MAX RC MECC.TEST.""U""24X5 INOX 4 GANCI",3167,170.92,8.01535E+12,1
14965635000RC,"MULTITOP MAX RC MECC.TEST.""U""24X5 INOX 4 GANCI",3167,170.92,8.01535E+12,1
14965640000RC,"MULTITOP MAX RC MECC.TEST.""U""24X5 INOX 4 GANCI",3167,170.92,8.01535E+12,1
14965825000RC,"MULTITOP MAX RC MECC.TEST.""U""24X5 INOX  I=92",3167,184.74,8.01535E+12,1
14965830000RC,"MULTITOP MAX RC MECC.TEST.""U""24X5 INOX  I=92",3167,184.74,8.01535E+12,1
14965835000RC,"MULTITOP MAX RC MECC.TEST.""U""24X5 INOX I=92",3167,184.74,8.01535E+12,1
14965840000RC,"MULTITOP MAX RC MECC.TEST.""U""24X5 INOX  I=92",3167,184.74,8.01535E+12,1
14972625000RC,"MULTITOP PRO RC MECC.TEST.""PIATTA""INOX 15,5 MM",3165,113.33,8.01535E+12,1
14972630000RC,"MULTITOP PRO RC MECC.TEST.""PIATTA""INOX 15,5 MM",3165,113.33,8.01535E+12,1
1.49726E+12,"MULTITOP PRO.""PIATTA""- COD.PONZIO PA30033/35-15,5",3165,107.93,8.01535E+12,
14972635000PZ,"MULTITOP PRO RC.""PIATTA""- COD.PONZIO PA30033/35-",3165,113.33,8.01535E+12,1
14972635000RC,"MULTITOP PRO RC MECC.TEST.""PIATTA""INOX 15,5 MM",3165,113.33,8.01535E+12,1
14972640000RC,"MULTITOP PRO RC MECC.TEST.""PIATTA""INOX 15,5 MM",3165,113.33,8.01535E+12,1
14972825000RC,"MULTITOP PRO RC MECC.TEST.""PIATTA""INOX  I=92",3165,124.15,8.01535E+12,1
14972830000RC,"MULTITOP PRO RC MECC.TEST.""PIATTA""INOX  I=92",3165,124.15,8.01535E+12,1
14972835000RC,"MULTITOP PRO RC MECC.TEST.""PIATTA""INOX I=92",3165,124.15,8.01535E+12,1
14972840000RC,"MULTITOP PRO RC MECC.TEST.""PIATTA""INOX  I=92",3165,124.15,8.01535E+12,1
14974625000RC,"MULTITOP MAX RC MECC.TEST.""PIATTA""24X3 INOX",3167,168.36,8.01535E+12,1
14974630000RC,"MULTITOP MAX RC MECC.TEST.""PIATTA""24X3 INOX",3167,168.36,8.01535E+12,1
14974635000RC,"MULTITOP MAX RC MECC.TEST.""PIATTA""24X3 INOX",3167,168.36,8.01535E+12,1
149746400,"MULTITOP MAX MECC.TEST.""PIATTA""24X3 INOX 4 GANCI",3167,160.34,8.01535E+12,
14974640000RC,"MULTITOP MAX RC MECC.TEST.""PIATTA""24X3 INOX",3167,168.36,8.01535E+12,1
14974825000RC,"M.TOP MAX RC MECC.TEST.""PIATTA""24X3 INOX  I=92",3167,182.18,8.01535E+12,1
14974830000RC,"M.TOP MAX RC MECC.TEST.""PIATTA""24X3 INOX  I=92",3167,182.18,8.01535E+12,1
14974835000RC,"M.TOP MAX RC MECC.TEST.""PIATTA""24X3 INOX I=92",3167,182.18,8.01535E+12,1
14974840000RC,"M.TOP MAX RC MECC.TEST.""PIATTA""24X3 INOX  I=92",3167,182.18,8.01535E+12,1
14A000350,"MULTITOP MATIC TEST.""PIATTA""INOX 15,5 MM I=85 MM",3168,234.4,8.01535E+12,1
14A000400,"MULTITOP MATIC TEST.""PIATTA""INOX 15,5 MM  I=85 MM",3168,234.4,8.01535E+12,1
14A000450,"MULTITOP MATIC TEST.""PIATTA""INOX 15,5 MM I=85 MM",3168,234.4,8.01535E+12,1
14A010350,"MULTITOP MATIC TEST.""PIATTA""INOX 15,5 MM  I=92 MM",3168,234.4,8.01535E+12,1
14A010400,"MULTITOP MATIC TEST.""PIATTA""INOX 15,5 MM  I=92 MM",3168,234.4,8.01535E+12,1
14A010450,"MULTITOP MATIC TEST.""PIATTA""INOX 15,5 MM I=92 MM",3168,234.4,8.01535E+12,1
14A100350,"MULTITOP MATIC TEST.""U""24X5 INOX 15,5 MM I=85 MM",3168,239.03,8.01535E+12,1
14A100400,"MULTITOP MATIC TEST.""U""24X5 INOX 15,5 MM I=85 MM",3168,239.03,8.01535E+12,1
14A100450,"MULTITOP MATIC TEST.""U""24X5 INOX 15,5 MM I=85 MM",3168,239.03,8.01535E+12,1
14A110350,"MULTITOP MATIC TEST.""U""24X5 INOX 15,5 MM I=92 MM",3168,239.03,8.01535E+12,1
14A110400,"MULTITOP MATIC TEST.""U""24X5 INOX 15,5 MM I=92 MM",3168,239.03,8.01535E+12,1
14A11040000VH,"MULTITOP MATIC TEST.""U""24X5 INOX I=92 MM FIRE R.",3168,239.03,8.01535E+12,1
14A110450,"MULTITOP MATIC TEST.""U""24X5 INOX 15,5 MM I=92 MM",3168,239.03,8.01535E+12,1
14A11045000VH,"MULTITOP MATIC TEST.""U""24X5 INOX I=92 MM FIRE R.",3168,239.03,8.01535E+12,1
14A200350,"MULTITOP MATIC TEST.""U""24X7 INOX 15,5 MM I=85 MM",3168,239.03,8.01535E+12,1
14A200400,"MULTITOP MATIC TEST.""U""24X7 INOX 15,5 MM I=85 MM",3168,239.03,8.01535E+12,1
14A200450,"MULTITOP MATIC TEST.""U""24X7 INOX 15,5 MM I=85 MM",3168,239.03,8.01535E+12,1
14A210350,"MULTITOP MATIC TEST.""U""24X7 INOX 15,5 MM I=92 MM",3168,239.03,8.01535E+12,1
14A210400,"MULTITOP MATIC TEST.""U""24X7 INOX 15,5 MM I=92 MM",3168,239.03,8.01535E+12,1
14A210450,"MULTITOP MATIC TEST.""U""24X7 INOX 15,5 MM I=92 MM",3168,239.03,8.01535E+12,1
14A300350,"MULTITOP MATIC 1 PUNTO 15,5 MM I=85 MM",3158,103.35,8.01535E+12,1
14A300400,"MULTITOP MATIC 1 PUNTO 15,5 MM I=85 MM",3158,103.35,8.01535E+12,1
14A300450,"MULTITOP MATIC 1 PUNTO 15,5 MM I=85 MM",3158,103.35,8.01535E+12,1
14A310350,"MULTITOP MATIC 1 PUNTO 15,5 MM I=92 MM",3158,103.35,8.01535E+12,1
14A310400,"MULTITOP MATIC 1 PUNTO 15,5 MM I=92 MM",3158,103.35,8.01535E+12,1
14A310450,"MULTITOP MATIC 1 PUNTO 15,5 MM I=92 MM",3158,103.35,8.01535E+12,1
14D295400,MULTITOP EXIT ANTIP.- CONTROSERRATURA CORTA,3159,195.23,8.01535E+12,1
14D295600,MULTITOP EXIT ANTIP.- CONTROSERRATURA CORTA,3159,195.23,8.01535E+12,1
14D295750,MULTITOP EXIT ANTIP.- CONTROSERRATURA CORTA,3159,195.23,8.01535E+12,1
14D395400,"MULTITOP EXIT ""PIATTA""INOX - CONTROSERRATURA LUNGA",3169,402.65,8.01535E+12,1
14D395600,"MULTITOP EXIT ""PIATTA""INOX - CONTROSERRATURA LUNGA",3169,402.65,8.01535E+12,1
14D395750,"MULTITOP EXIT ""PIATTA""INOX - CONTROSERRATURA LUNGA",3169,402.65,8.01535E+12,1
14D695400,"MULTITOP EXIT ""U 24X6""INOX-CONTROSERRATURA LUNGA",3169,402.65,8.01535E+12,1
14D695600,"MULTITOP EXIT ""U 24X6""INOX-CONTROSERRATURA LUNGA",3169,402.65,8.01535E+12,1
14P010350,"MULTITOP EXIT ""PIATTA""INOX 15,5 MM  I=92 MM  FUN A",3169,305.93,8.01535E+12,1
14P010400,"MULTITOP EXIT ""PIATTA""INOX 15,5 MM  I=92 MM FUZ A",3169,305.93,8.01535E+12,1
14P010450,"MULTITOP EXIT ""PIATTA""INOX 15,5 MM  I=92 MM  FUN A",3169,305.93,8.01535E+12,1
14P030350,"MULTITOP EXIT ""PIATTA""INOX 15,5 MM  I=92 MM  FUN B",3169,313.3,8.01535E+12,1
14P030400,"MULTITOP EXIT ""PIATTA""INOX 15,5 MM  I=92 MM FUZ B",3169,313.3,8.01535E+12,1
14P030450,"MULTITOP EXIT ""PIATTA""INOX 15,5 MM  I=92 MM  FUN B",3169,313.3,8.01535E+12,1
14P110350,"MULTITOP EXIT ""U 24X5""INOX 15,5 MM  I=92 MM FUN A",3169,311.08,8.01535E+12,1
14P110400,"MULTITOP EXIT ""U 24X5""INOX 15,5 MM  I=92 MM FUN A",3169,311.08,8.01535E+12,1
14P110450,"MULTITOP EXIT ""U 24X5""INOX 15,5 MM  I=92 MM FUN A",3169,311.08,8.01535E+12,1
14P130350,"MULTITOP EXIT ""U 24X5""INOX 15,5 MM  I=92 MM FUN B",3169,318.49,8.01535E+12,1
14P130400,"MULTITOP EXIT ""U 24X5""INOX 15,5 MM  I=92 MM FUN B",3169,318.49,8.01535E+12,1
14P130450,"MULTITOP EXIT ""U 24X5""INOX 15,5 MM  I=92 MM FUN B",3169,318.49,8.01535E+12,1
14P210350,"MULTITOP EXIT ""U 24X7""INOX 15,5 MM  I=92 MM FUN A",3169,311.08,8.01535E+12,1
14P210400,"MULTITOP EXIT ""U 24X7""INOX 15,5 MM  I=92 MM FUN A",3169,311.08,8.01535E+12,1
14P210450,"MULTITOP EXIT ""U 24X7""INOX 15,5 MM  I=92 MM FUN A",3169,311.08,8.01535E+12,1
14P230350,"MULTITOP EXIT ""U 24X7""INOX 15,5 MM  I=92 MM FUN B",3169,318.49,8.01535E+12,1
14P230400,"MULTITOP EXIT ""U 24X7""INOX 15,5 MM  I=92 MM FUN B",3169,318.49,8.01535E+12,1
14P230450,"MULTITOP EXIT ""U 24X7""INOX 15,5 MM  I=92 MM FUN B",3169,318.49,8.01535E+12,1
14P310350,"MULTITOP EXIT ANTIP.FUN.A 1 PUNTO 15,5 MM I=92 MM",3159,205.13,8.01535E+12,1
14P310400,"MULTITOP EXIT ANTIP.FUN.A 1 PUNTO 15,5 MM I=92 MM",3159,205.13,8.01535E+12,1
14P310450,"MULTITOP EXIT ANTIP.FUN.A 1 PUNTO 15,5 MM I=92 MM",3159,205.13,8.01535E+12,1
14P330350,"MULTITOP EXIT ANTIP.FUN.B 1 PUNTO 15,5 MM I=92 MM",3159,212.51,8.01535E+12,1
14P330400,"MULTITOP EXIT ANTIP.FUN.B 1 PUNTO 15,5 MM I=92 MM",3159,212.51,8.01535E+12,1
14P330450,"MULTITOP EXIT ANTIP.FUN.B 1 PUNTO 15,5 MM I=92 MM",3159,212.51,8.01535E+12,1
150110501N6,SERR. APPL. PORTONCINO,1101,59.2,8.01535E+12,5
150110502N6,SERR. APPL. PORTONCINO,1101,59.2,8.01535E+12,5
150110601N6,SERR. APPL. PORTONCINO,1101,60.51,8.01535E+12,5
150110602N6,SERR. APPL. PORTONCINO,1101,60.51,8.01535E+12,5
150110701N6,SERR. APPL. PORTONCINO,1101,60.51,8.01535E+12,5
150110702N6,SERR. APPL. PORTONCINO,1101,60.51,8.01535E+12,5
150111402,SERR. APPL. PORTONCINO,1101,65.79,8.01535E+12,
150111501N6,SERR. APPL. PORTONCINO,1101,59.2,8.01535E+12,5
150111502N6,SERR. APPL. PORTONCINO,1101,59.2,8.01535E+12,5
150111601N6,SERR. APPL. PORTONCINO,1101,60.51,8.01535E+12,5
150111602,SERR. APPL. PORTONCINO,1101,67.23,8.01535E+12,
150111602N6,SERR. APPL. PORTONCINO,1101,60.51,8.01535E+12,5
150111701N6,SERR. APPL. PORTONCINO,1101,60.51,8.01535E+12,5
150111702N6,SERR. APPL. PORTONCINO,1101,60.51,8.01535E+12,5
150120501N6,SERR. APPL. PORTONCINO,1101,55.36,8.01535E+12,5
150120502,SERR. APPL. PORTONCINO,1101,61.51,8.01535E+12,
150120502N6,SERR. APPL. PORTONCINO,1101,55.36,8.01535E+12,5
150120601N6,SERR. APPL. PORTONCINO,1101,56.59,8.01535E+12,5
150120602N6,SERR. APPL. PORTONCINO,1101,56.59,8.01535E+12,5
150120701,SERR. APPL. PORTONCINO,1101,62.88,8.01535E+12,
150120701N6,SERR. APPL. PORTONCINO,1101,56.59,8.01535E+12,5
150120702N6,SERR. APPL. PORTONCINO,1101,56.59,8.01535E+12,5
150121402,SERR. APPL. PORTONCINO,1101,61.51,8.01535E+12,
150121501N6,SERR. APPL. PORTONCINO,1101,55.36,8.01535E+12,5
150121502N6,SERR. APPL. PORTONCINO,1101,55.36,8.01535E+12,5
150121601N6,SERR. APPL. PORTONCINO,1101,56.59,8.01535E+12,5
150121602,SERR. APPL. PORTONCINO,1101,62.88,8.01535E+12,
150121602N6,SERR. APPL. PORTONCINO,1101,56.59,8.01535E+12,5
150121701N6,SERR. APPL. PORTONCINO,1101,56.59,8.01535E+12,5
150121702,SERR. APPL. PORTONCINO,1101,62.88,8.01535E+12,
150121702N6,SERR. APPL. PORTONCINO,1101,56.59,8.01535E+12,5
150125601,SERR. APPL. PORTONCINO,1101,67.42,8.01535E+12,
15012570100CH,SERR.APPL.PORTONCINO,1101,33.42,8.01535E+12,
15012650100VG,SERR. APPL. PORTONCINO,1101,32.94,8.01535E+12,1
15012650200VG,SERR. APPL. PORTONCINO,1101,32.94,8.01535E+12,1
15012660100CH,SERR APPL PORTONCINO,1101,25.75,8.01535E+12,12
15012660100VG,SERR. APPL. PORTONCINO,1101,32.94,8.01535E+12,1
15012660200VG,SERR. APPL. PORTONCINO,1101,32.94,8.01535E+12,1
15012670100CH,SERR. APPL. PORTONCINO,1101,25.75,8.01535E+12,12
15012670100VG,SERR. APPL. PORTONCINO,1101,33.42,8.01535E+12,5
15012670200VG,SERR. APPL. PORTONCINO,1101,33.42,8.01535E+12,5
150130401,SERR. APPL. PORTONCINO,1101,60.03,8.01535E+12,
150130402,SERR. APPL. PORTONCINO,1101,60.03,8.01535E+12,
150130501,SERR. APPL. PORTONCINO,1101,60.1,8.01535E+12,
150130501N6,SERR. APPL. PORTONCINO,1101,54.02,8.01535E+12,5
150130502N6,SERR. APPL. PORTONCINO,1101,54.02,8.01535E+12,5
150130601N6,SERR. APPL. PORTONCINO,1101,55.24,8.01535E+12,5
150130602N6,SERR. APPL. PORTONCINO,1101,55.24,8.01535E+12,5
150130701N6,SERR. APPL. PORTONCINO,1101,55.24,8.01535E+12,5
150130702N6,SERR. APPL. PORTONCINO,1101,55.24,8.01535E+12,5
150131501N6,SERR. APPL. PORTONCINO,1101,54.02,8.01535E+12,5
150131502N6,SERR. APPL. PORTONCINO,1101,54.02,8.01535E+12,5
150131601N6,SERR. APPL. PORTONCINO,1101,55.24,8.01535E+12,5
150131602N6,SERR. APPL. PORTONCINO,1101,55.24,8.01535E+12,5
150131701N6,SERR. APPL. PORTONCINO,1101,55.24,8.01535E+12,5
150131702N6,SERR. APPL. PORTONCINO,1101,55.24,8.01535E+12,5
150141401,SERR APPL PORTONCINO,1101,59.11,8.01535E+12,5
150141402,SERR APPL PORTONCINO,1101,59.11,8.01535E+12,5
150141501N6,SERR.APPL.PORTONCINO,1101,53.21,8.01535E+12,5
150141502N6,SERR.APPL.PORTONCINO,1101,53.21,8.01535E+12,5
150141601,SERR.APPL.PORTONCINO,1101,60.33,8.01535E+12,
150141601N6,SERR.APPL.PORTONCINO,1101,54.3,8.01535E+12,5
150141602N6,SERR.APP.PORTONCINO,1101,54.3,8.01535E+12,5
150141701N6,SERR.APPL.PORTONCINO,1101,54.3,8.01535E+12,5
150141702N6,SERR.APPL.PORTONCINO,1101,54.3,8.01535E+12,5
1.50142E+12,SERR. APPL. PORTONCINO TF 50MM,1101,60.33,8.01535E+12,
150160401N6,SERR. APPL. PORTONCINO,1101,64.6,8.01535E+12,5
150160402,SERR. APPL. PORTONCINO,1101,71.78,8.01535E+12,
150160402N6,SERR. APPL. PORTONCINO,1101,64.6,8.01535E+12,5
150160501,SERR. APPL. PORTONCINO,1101,71.78,8.01535E+12,
150160502,SERR. APPL. PORTONCINO,1101,71.78,8.01535E+12,
150160602,SERR. APPL. PORTONCINO,1101,73.45,8.01535E+12,
150161401,SERR. APPL. PORTONCINO,1101,71.78,8.01535E+12,
150161401N6,SERR. APPL. PORTONCINO,1101,64.6,8.01535E+12,5
150161402,SERR. APPL. PORTONCINO,1101,71.78,8.01535E+12,
150161402N6,SERR. APPL. PORTONCINO,1101,64.6,8.01535E+12,5
150161501,SERR. APPL. PORTONCINO,1101,71.78,8.01535E+12,
150161502,SERR. APPL. PORTONCINO,1101,71.78,8.01535E+12,
15016150200SF,SERR. APPL. PORTONCINO LOCKING LINE,1101,64.6,8.01535E+12,
150170601,SERR. APPL. PORTONCINO,1101,63.41,8.01535E+12,
150170601N6,SERR. APPL. PORTONCINO,1101,57.07,8.01535E+12,5
150170602N6,SERR. APPL. PORTONCINO,1101,57.07,8.01535E+12,5
150171601N6,SERR. APPL. PORTONCINO,1101,57.07,8.01535E+12,5
150171602N6,SERR. APPL. PORTONCINO,1101,57.07,8.01535E+12,5
150180601,SERR. APPL. PORTONCINO,1101,78.81,8.01535E+12,
150180601N6,SERR. APPL. PORTONCINO,1101,70.93,8.01535E+12,5
150180602N6,SERR. APPL. PORTONCINO,1101,70.93,8.01535E+12,5
150181601N6,SERR. APPL. PORTONCINO,1101,70.93,8.01535E+12,5
150181602,SERR. APPL. PORTONCINO,1101,78.81,8.01535E+12,
150181602N6,SERR. APPL. PORTONCINO,1101,70.93,8.01535E+12,5
150210451,SERR. APPL. PORTONCINO,1102,77.25,8.01535E+12,
15021045196,SERR. APPL. PORTONCINO VERT QUADRO C500,1102,69.54,8.01535E+12,5
15021045296,SERR. APPL. PORTONCINO VERT QUADRO C500,1102,69.54,8.01535E+12,5
15021145196,SERR. APPL. PORTONCINO,1102,69.54,8.01535E+12,1
150211452,SERR. APPL. PORTONCINO,1102,77.25,8.01535E+12,
15021145296,SERR. APPL. PORTONCINO,1102,69.54,8.01535E+12,1
15022045196,SERR. APPL. PORTONCINO VERT TIRANTE C500,1102,69.54,8.01535E+12,5
15022045296,SERR. APPL. PORTONCINO VERT FRONTALE C500,1102,69.54,8.01535E+12,5
150221451,SERR. APPL. PORTONCINO,1102,77.25,8.01535E+12,
15022145196,SERR. APPL. PORTONCINO,1102,69.54,8.01535E+12,1
150221452,SERR. APPL. PORTONCINO,1102,77.25,8.01535E+12,
15022145296,SERR. APPL. PORTONCINO,1102,69.54,8.01535E+12,1
150320602,SERR. DA APPLICARE,1101,63.71,8.01535E+12,
150321502,SERR. DA APPLICARE,1101,62.3,8.01535E+12,
150330601,SERR.APPLICARE PORTONCINO,1101,68.31,8.01535E+12,
150340502,SERR.APPLICARE PORTONCINO,1101,58.45,8.01535E+12,
150340602,SERR.APPLICARE PORTONCINO,1101,60,8.01535E+12,
15042050195,SERR. PORTONCINO VERNICIATA GRIGIA CIL.NICHELATO,1105,62.3,8.01535E+12,5
15042050295,SERR. PORTONCINO VERNICIATA GRIGIA CIL.NICHELATO,1105,62.3,8.01535E+12,5
15042060195,SERR. PORTONCINO VERNICIATA GRIGIA CIL.NICHELATO,1105,63.71,8.01535E+12,5
15042060295,SERR. PORTONCINO VERNICIATA GRIGIA CIL.NICHELATO,1105,63.71,8.01535E+12,5
15042150195,SERR. PORTONCINO VERNICIATA GRIGIA CIL.NICHELATO,1105,56.88,8.01535E+12,1
15042150195VT,SERR. PORTONCINO VERNIC.GRIGIA CIL.NICHELATO 45MM,1105,62.3,8.01535E+12,5
15042150295,SERR. PORTONCINO VERNICIATA GRIGIA CIL.NICHELATO,1105,56.88,8.01535E+12,5
15042150295VT,SERR. PORTONCINO VERNIC.GRIGIA CIL.NICHELATO 45MM,1105,62.3,8.01535E+12,5
15042160195,SERR. PORTONCINO VERNICIATA GRIGIA CIL.NICHELATO,1105,40.67,8.01535E+12,1
15042160195VT,SERR. PORTONCINO VERNIC.GRIGIA CIL.NICHELATO 45MM,1105,63.71,8.01535E+12,5
15042160295,SERR. PORTONCINO VERNICIATA GRIGIA CIL.NICHELATO,1105,40.67,8.01535E+12,1
15042160295VT,SERR. PORTONCINO VERNIC.GRIGIA CIL.NICHELATO 45MM,1105,63.71,8.01535E+12,5
15042170195,SERR. PORTONCINO VERNICIATA GRIGIA CIL.NICHELATO,1105,42.71,8.01535E+12,5
15042170295,SERR. PORTONCINO VERNICIATA GRIGIA CIL.NICHELATO,1105,42.71,8.01535E+12,5
15043050195,SERR. PORTONCINO VERNICIATA GRIGIA CIL.NICHELATO,1105,69.43,8.01535E+12,5
15043050295,SERR. PORTONCINO VERNICIATA GRIGIA CIL.NICHELATO,1105,69.43,8.01535E+12,5
15043060195,SERR. PORTONCINO VERNICIATA GRIGIA CIL.NICHELATO,1105,70.97,8.01535E+12,5
15043060295,SERR. PORTONCINO VERNICIATA GRIGIA CIL.NICHELATO,1105,70.97,8.01535E+12,5
150461501,SERR. PORTONCINO ZINCATA,1105,63.24,8.01535E+12,
150461502,SERR. PORTONCINO ZINCATA,1105,63.24,8.01535E+12,
150471601,SERR. PORTONCINO ZINCATA,1105,46.81,8.01535E+12,
15047160195,SERR. PORTONCINO VERNICIATA GRIGIA CIL.NICHELATO,1105,42.14,8.01535E+12,5
15047160295,SERR. PORTONCINO VERNICIATA GRIGIA CIL.NICHELATO,1105,42.14,8.01535E+12,5
150481601,SERR. PORTONCINO ZINCATA,1105,63.24,8.01535E+12,
15048160195,SERR. PORTONCINO VERNICIATA GRIGIA CIL.NICHELATO,1105,56.91,8.01535E+12,5
15048160295,SERR. PORTONCINO VERNICIATA GRIGIA CIL.NICHELATO,1105,56.91,8.01535E+12,5
15052160179,SER.PORT.ZINC.S/BATTENTE,1105,40.67,8.01535E+12,5
15052160279,SER.PORT.ZINC.S/BATTENTE,1105,40.67,8.01535E+12,5
15052170179,SER.PORT.ZINC.S/BATTENTE,1105,42.71,8.01535E+12,5
15052170279,SER.PORT.ZINC.S/BATTENTE,1105,42.71,8.01535E+12,5
150571601,SER.PORT.ZINC.S/BATTENTE,1105,46.81,8.01535E+12,
15057160179,SER.PORT.ZINC.S/BATTENTE,1105,42.14,8.01535E+12,5
150571602,SER.PORT.ZINC.S/BATTENTE,1105,46.81,8.01535E+12,
1505716020000SR,SER.PORT.ZINC.S/BATT.SCROCCO ROV.,1105,46.81,8.01535E+12,
15057160279,SER.PORT.ZINC.S/BATTENTE,1105,42.14,8.01535E+12,5
15201030012,SERRATURA INF.OTT.NICH.,2111,59.15,8.01535E+12,
152021200,SERRATURA INF. ACCIAIO,2112,35.82,8.01535E+12,
152031300,SERRATURA INF. ACCIAIO,2112,35.82,8.01535E+12,
15211140000LA,LOCK SET ARABIA CIL 33-33 (52111-40+08310-10),4112,19.01,8.01535E+12,
15211140012LA,LOCK SET ARABIA 33-33 (52111-40+08310-10) FIN 12,4112,22.32,8.01535E+12,
15211140012LN,LOCK SET B/S40 NP,4112,22.32,8.01535E+12,12
15211140012VV,LOCK SET B/S40 NP,4112,22.32,8.01535E+12,12
15211140038LN,LOCK SET B/S40 PB,4112,19.01,8.01535E+12,12
15211140038VV,LOCK SET B/S40 PB,4112,19.01,8.01535E+12,12
15211140044VV,LOCK SET B/S40 BLACK,4112,22.32,8.01535E+12,12
15211145000LA,LOCK SET ARABIA 33-33 (52111-45+08310-10),4112,19.01,8.01535E+12,
15211145012LA,LOCK SET ARABIA 33-33(52111-45+08310-10) FIN 12,4112,22.32,8.01535E+12,
15211145012LN,LOCK SET B/S45 NP,4112,22.32,8.01535E+12,12
15211145012VV,LOCK SET B/S45 NP,4112,22.32,8.01535E+12,12
15211145038LN,LOCK SET B/S45 PB,4112,19.01,8.01535E+12,12
15211145038VV,LOCK SET B/S45 PB,4112,19.01,8.01535E+12,12
15211145044VV,LOCK SET B/S45 BLACK,4112,22.32,8.01535E+12,12
15211150000LA,LOCK SET ARABIA 33-33 (52111-50+08310-10),4112,19.01,8.01535E+12,
15211150012LA,LOCK SET ARABIA 33-33 (52111-50+08310-10)FIN.12,4112,22.32,8.01535E+12,
152118400,SERR.COMUNICANTE X HOTEL,6112,40.02,8.01535E+12,
152118500,SERR.COMUNICANTE X HOTEL,6112,40.02,8.01535E+12,
15213870018,SERR.COMUNICANTE X HOTEL,6112,34.08,8.01535E+12,
15217870018,SERR.DA BAGNO X HOTEL,6111,34.08,8.01535E+12,
152210250,SERRATURA INF. OTTONE,2111,39.11,8.01535E+12,6
152210300,SERRATURA INF. OTTONE,2111,39.11,8.01535E+12,6
152310350,SERRATURA INF. OTTONE,2111,39.11,8.01535E+12,6
152310400,SERRATURA INF. OTTONE,2111,39.11,8.01535E+12,6
15231040012,SERRATURA INF. OTTONE NK,2111,50.96,8.01535E+12,1
152310450,SERRATURA INF. OTTONE,2111,39.11,8.01535E+12,6
15231045012,SERRATURA INF. OTTONE NK,2111,50.96,8.01535E+12,1
152310500,SERRATURA INF. OTTONE,2111,39.11,8.01535E+12,6
15231050012,SERRATURA INF. OTTONE NK,2111,50.96,8.01535E+12,1
152310600,SERRATURA INF. OTTONE,2111,39.11,8.01535E+12,6
15231060012,SERRATURA INF.OTTONE NK,2111,50.96,8.01535E+12,1
152310700,SERRATURA INF. OTTONE,2111,43.49,8.01535E+12,6
15231070012,SERRATURE INF. OTTONE NK,2111,55.33,8.01535E+12,1
152507450,INF.CIL.TRIP.CAT.PIAT.PER MULT.,2231,77.13,8.01535E+12,6
15250745A,INF CIL TRIP CAT PIAT PER MULT,2231,77.13,8.01535E+12,1
152507500,INF.CIL.TRIP.CAT.PIAT.PER MULT.,2231,77.13,8.01535E+12,6
15250750A,INF CIL TRIP CAT PIAT PER MULT,2231,77.13,8.01535E+12,1
152507600,INF.CIL.TRIP.CAT.PIAT.PER MULT.,2231,77.13,8.01535E+12,6
15250760A,INF CIL TRIP CAT PIAT PER MULT,2231,77.13,8.01535E+12,1
152508450,INF.CIL.TRIP.CAT.PIAT.RULLO PER MULT,2231,94.3,8.01535E+12,6
15250845A,INF CIL TRIP CAT PIAT RULLO PER MULT,2231,94.3,8.01535E+12,1
152508500,INF.CIL.TRIP.CAT.PIAT.RULLO PER MULT,2231,94.3,8.01535E+12,6
15250850A,INF CIL TRIP CAT PIAT RULLO PER MULT,2231,94.3,8.01535E+12,1
152508600,INF.CIL.TRIP.CAT.PIAT.RULLO PER MULT,2231,94.3,8.01535E+12,6
15250860A,INF CIL TRIP CAT PIAT RULLO PER MULT,2231,94.3,8.01535E+12,1
152520450,INF.CIL.CAT.SAGOMATI,2231,86.9,8.01535E+12,6
152520500,INF.CIL.CAT.SAGOMATI,2231,86.9,8.01535E+12,6
152520600,INF.CIL.CAT.SAGOMATI,2231,86.9,8.01535E+12,6
152521450,INF.CIL.CAT.SAGOMATI,2231,86.9,8.01535E+12,6
15252145012,INF.CIL.CAT.SAGOMATI IN FIN.12,2231,98.58,8.01535E+12,6
15252145A,INF CIL CAT SAGOMATI,2231,86.9,8.01535E+12,6
15252145A00DT,INF CIL CAT SAGOMATI  MIP,2231,86.9,8.01535E+12,6
152521500,INF.CIL.CAT.SAGOMATI,2231,86.9,8.01535E+12,6
15252150A,INF CIL CAT SAGOMATI,2231,86.9,8.01535E+12,6
152521600,INF.CIL.CAT.SAGOMATI,2231,86.9,8.01535E+12,6
15252160A,INF CIL CAT SAGOMATI,2231,86.9,8.01535E+12,6
152526450,INF.CIL.TRIP.CAT.SAGOMATI,2231,128.38,8.01535E+12,6
15252645A,INF CIL TRIP CAT SAGOMATI,2231,128.38,8.01535E+12,6
152526500,INF.CIL.TRIP.CAT.SAGOMATI,2231,128.38,8.01535E+12,6
15252650012,PLF.CIL.TRIP.CAT.SAGOMATI -NK-,2231,140.08,8.01535E+12,1
15252650A,INF CIL TRIP CAT SAGOMATI,2231,128.38,8.01535E+12,6
152526600,INF.CIL.TRIP.CAT.SAGOMATI,2231,128.38,8.01535E+12,6
15252660012,INF.CIL.TRIP.CAT.SAGOMATI,2231,140.08,8.01535E+12,1
15252660A,INF CIL TRIP CAT SAGOMATI,2231,128.38,8.01535E+12,6
152527450,INF.CIL.TRIP.CAT.SAG.SCRO.PER MULTIP.,2231,89.98,8.01535E+12,6
152527500,INF.CIL.TRIP.CAT.SAG.SCRO.PER MULTIP.,2231,89.98,8.01535E+12,6
152527600,INF.CIL.TRIP.CAT.SAG.SCRO.PER MULTIP.,2231,89.98,8.01535E+12,6
152611450,SERR.INF.QUALITY T.PIANA,1112,29.98,8.01535E+12,6
152710600,SERR.INF.CIL.SCR+CATEN.,2240,116.7,8.01535E+12,6
15271060020,SERR.INF.CIL.SCR+CATEN.,2240,116.7,8.01535E+12,6
152710700,SERR.INF.CIL.SCR+CATEN.,2240,116.7,8.01535E+12,6
15271070020,SERR.INF.CIL.SCR+CATEN.,2240,116.7,8.01535E+12,1
152710800,SERR.INF.CIL.SCR+CATEN.,2240,116.7,8.01535E+12,6
15271080020,SERR.INF.CIL.SCR+CATEN.,2240,116.7,8.01535E+12,1
152710900,SERR.INF.CIL.SCR+CATEN.,2240,116.7,8.01535E+12,6
15271090020,SERR.INF.CIL.SCR+CATEN.,2240,116.7,8.01535E+12,1
152711600,SERR.INF.CIL.SCR+CATEN.,2240,116.7,8.01535E+12,6
15271160012SZ,"SERR.INF.CIL.SCR+CATEN. FIN.12 ""PM DESIGN""",2240,85.92,8.01535E+12,
15271160020,SERR.INF.CIL.SCR+CATEN.,2240,116.7,8.01535E+12,1
152711700,SERR.INF.CIL.SCR+CATEN.,2240,116.7,8.01535E+12,6
15271170012SZ,"SERR.INF.CIL.SCR+CATEN. FIN.12 ""PM DESIGN""",2240,85.92,8.01535E+12,1
15271170020,SERR.INF.CIL.SCR+CATEN.,2240,116.7,8.01535E+12,1
152711800,SERR.INF.CIL.SCR+CATEN.,2240,116.7,8.01535E+12,6
15271180020,SERR.INF.CIL.SCR+CATEN.,2240,116.7,8.01535E+12,1
152711900,SERR.INF.CIL.SCR+CATEN.,2240,116.7,8.01535E+12,6
15271190020SZ,"SERR.INF.CIL.SCR+CATEN. INOX ""PM DESIGN""",2240,94.45,8.01535E+12,6
15273070020,SER.INF.CIL.SCR+CAT.BAGNO,2240,116.7,8.01535E+12,
152731600,SER.INF.CIL.SCR+CAT.BAGNO,2240,116.7,8.01535E+12,1
15273160020,SER.INF.CIL.SCR+CAT.BAGNO,2240,116.7,8.01535E+12,1
152731700,SER.INF.CIL.SCR+CAT.BAGNO,2240,116.7,8.01535E+12,1
15273170020,SER.INF.CIL.SCR+CAT.BAGNO,2240,116.7,8.01535E+12,1
15273180020,SER.INF.CIL.SCR+CAT.BAGNO,2240,116.7,8.01535E+12,1
15273190020,SER.INF.CIL.SCR+CAT.BAGNO,2240,116.7,8.01535E+12,1
15275060020,SERR.INF.CIL.SOLO SCROCCO,2240,58.6,8.01535E+12,1
15275070020,SERR.INF.CIL.SOLO SCROCCO,2240,58.6,8.01535E+12,1
15275080020,SERR.INF.CIL.SOLO SCROCCO,2240,58.6,8.01535E+12,1
152751600,SERR.INF.CIL.SOLO SCROCCO,2240,58.6,8.01535E+12,1
15275160020,SERR.INF.CIL.SOLO SCROCCO,2240,58.6,8.01535E+12,1
152751700,SERR.INF.CIL.SOLO SCROCCO,2240,58.6,8.01535E+12,1
15275170020,SERR.INF.CIL.SOLO SCROCCO,2240,58.6,8.01535E+12,1
152751900,SERR.INF.CIL.SOLO SCROCCO,2240,58.6,8.01535E+12,
15275190020,SERR.INF.CIL.SOLO SCROCCO,2240,58.6,8.01535E+12,1
15275560020,SERR.INF.CIL SCR.+ANTISC.,2240,90.32,8.01535E+12,1
15275570020,SERR.INF.CIL.SCR+ANTISC.,2240,90.32,8.01535E+12,1
15275580020,SERR.INF.CIL.SCR+ANTISC.,2240,90.32,8.01535E+12,1
152756600,SERR.INF.CIL.SCR.+ANTISC.,2240,90.32,8.01535E+12,1
15275660020,SERR.INF.CIL.SCR.+ANTISC.,2240,90.32,8.01535E+12,1
15275670020,SERR.INF.CIL.SCR.+ANTISC. FIN. INOX,2240,90.32,8.01535E+12,1
152756800,SERR.INF.CIL.SCR.+ANTISC.,2240,90.32,8.01535E+12,1
152760600,SERR.INF.CIL.SCR.+ANTISC.,2240,192.31,8.01535E+12,1
15276060020,SERR.INF.CIL.SCR.+ANTISC.,2240,192.31,8.01535E+12,1
152760700,SERR.INF.CIL.SCR+ANTISC.,2240,192.31,8.01535E+12,1
15276070020,SERR.INF.CIL.SCR+ANTISC.,2240,192.31,8.01535E+12,1
152760900,SERR.INF.CIL.SCR.+ANTISC.,2240,192.31,8.01535E+12,1
152761600,SERR.INF.CIL.SCR.+ANTISC.,2240,192.31,8.01535E+12,1
15276160020,SERR.INF.CIL.SCR.+ANTISC.,2240,192.31,8.01535E+12,1
152761700,SERR.INF.CIL.SCR.+ANTISC.,2240,192.31,8.01535E+12,1
15276170020,SERR.INF.CIL.SCR.+ANTISC. INOX,2240,192.31,8.01535E+12,1
152761800,SERR.INF.CIL.SCR.+ANTISC.,2240,192.31,8.01535E+12,1
15276180020,SERR.INF.CIL.SCR.+ANTISC.,2240,192.31,8.01535E+12,1
15278060020,SERR.INF.CIL.SOLO CATEN.,2240,95.9,8.01535E+12,1
15278070020,SERR.INF.CIL.SOLO CATEN.,2240,95.9,8.01535E+12,1
15278160020,SERR.INF.CIL.SOLO CATEN.,2240,95.9,8.01535E+12,
152781700,SERR.INF.CIL.SOLO CATEN.,2240,95.9,8.01535E+12,
15278180020,SERR.INF.CIL.SOLO CATEN.,2240,95.9,8.01535E+12,
152810401,SERR.ANTIPANICO X HOTEL,6110,88.7,8.01535E+12,1
152810402,SERR.ANTIPANICO X HOTEL,6110,88.7,8.01535E+12,1
152810500,SERR.ANTIPANICO X HOTEL,6110,88.7,8.01535E+12,1
15281050018,SERR.ANTIPANICO X HOTEL,6110,88.7,8.01535E+12,1
152810700,SERR.ANTIPANICO X HOTEL,6110,88.7,8.01535E+12,1
152830401,SERR.ANTIPANICO X HOTEL,6110,86.61,8.01535E+12,1
15283040118,SERR.ANTIPANICO X HOTEL B.TONDO CROMATA,6110,86.61,8.01535E+12,1
152830402,SERR.ANTIPANICO X HOTEL,6110,86.61,8.01535E+12,1
15283040218,SERR.ANTIPANICO X HOTEL B.TONDO CROMATA,6110,86.61,8.01535E+12,1
152830500,SERR.ANTIPANICO X HOTEL,6110,86.61,8.01535E+12,1
15283050000AF,SERR. ANTIPANICO X HOTEL,6110,79.68,8.01535E+12,1
15283050018,SERR.ANTIPANICO X HOTEL B.TONDO CROMATA,6110,86.61,8.01535E+12,1
15283050018AF,SERR. ANTIPANICO X HOTEL,6110,79.68,8.01535E+12,1
15283060000AF,SERR. ANTIPANICO X HOTEL,6110,79.68,8.01535E+12,1
15283060018AF,SERR. ANTIPANICO X HOTEL,6110,79.68,8.01535E+12,1
15283060018AG,SERR. ANTIPANICO X HOTEL,6110,99.09,8.01535E+12,
152830700,SERR.ANTIPANICO X HOTEL,6110,86.61,8.01535E+12,1
15283070000AF,SERR. ANTIPANICO X HOTEL,6110,79.68,8.01535E+12,1
15283070018,SERR.ANTIPANICO X HOTEL,6110,86.61,8.01535E+12,1
15283070018AF,APH1 B.TONDO CROMATA S/ANTISC.,6110,79.68,8.01535E+12,1
15283070021AF,APH1 FIN.21 (CROM.LUC.) S/PISTONE ANTISCASSO,6110,86.61,8.01535E+12,
152840600,SERR.ANTIP.C/ANTISEGA AUTOMATICA,2240,154.77,8.01535E+12,1
15284060020,SERR.ANTIP.C/ANTISEGA AUTOMATICA INOX,2240,154.77,8.01535E+12,1
152840700,SERR.ANTIP.C/ANTISEGA AUTOMATICA,2240,154.77,8.01535E+12,1
152840800,SERR.ANTIP.C/ANTISEGA AUTOMATICA,2240,154.77,8.01535E+12,1
15284080020,SERR.ANTIP.C/ANTISEGA AUTOMATICA INOX,2240,154.77,8.01535E+12,1
152840900,SERR.ANTIP.C/ANTISEGA AUTOMATICA,2240,154.77,8.01535E+12,1
152842600,SERR.ANTIP.C/ANTISEGA,2240,129.16,8.01535E+12,1
152842700,SERR.ANTIP. C/ANTISEGA,2240,129.16,8.01535E+12,1
15284270020,SERR.ANTIP. C/ANTISEGA,2240,129.16,8.01535E+12,1
152842900,SERR.ANTIP.C/ANTISEGA,2240,129.16,8.01535E+12,1
152844600,SERR.ANTIP.SELEZ.C/ANTIS.,2240,204.71,8.01535E+12,1
15284460020,SERR.ANTIP.SELEZ.C/ANTIS.,2240,204.71,8.01535E+12,1
152844700,SERR.ANTIP.SELEZ.C/ANTIS.,2240,204.71,8.01535E+12,1
15284470020,SERR.ANTIP.SELEZ.C/ANTIS.,2240,204.71,8.01535E+12,1
152844800,SERR.ANTIP.SELEZ.C/ANTIS.,2240,204.71,8.01535E+12,1
15284480020,SERR.ANTIP.SELEZ.C/ANTIS.,2240,204.71,8.01535E+12,1
152844900,SERR.ANTIP.SELEZ.C.ANTIS.,2240,204.71,8.01535E+12,1
152860600,SERR.ANTIP.C/ANTISEGA AUTOMATICA,2240,154.77,8.01535E+12,1
15286060020,SERR.ANTIP.C/ANTISEGA AUTOMATICA INOX,2240,154.77,8.01535E+12,1
152860700,SERR.ANTIP.C/ANTISEGA AUTOMATICA,2240,154.77,8.01535E+12,1
15286070020,SERR.ANTIP.C/ANTISEGA AUTOMATICA INOX,2240,154.77,8.01535E+12,1
15286080020,SERR.ANTIP.C/ANTISEGA AUTOMATICA INOX,2240,154.77,8.01535E+12,1
15286090020,SERR.ANTIP.C/ANTISEGA AUTOMATICA INOX,2240,154.77,8.01535E+12,1
152862600,SERR.ANTIP.C/ANTISEGA,2240,129.16,8.01535E+12,1
15286260020,SERR.ANTIP.C/ANTISEGA IN INOX,2240,129.16,8.01535E+12,1
152862700,SERR.ANTIP.C/ANTISEGA,2240,129.16,8.01535E+12,1
15286270020,SERR.ANTIP.C/ANTISEGA FIN.INOX,2240,129.16,8.01535E+12,1
152862800,SER.ANTIP.C/ANTISEGA,2240,129.16,8.01535E+12,1
15286280020,SER.ANTIP.C/ANTISEGA,2240,129.16,8.01535E+12,1
15286290020,SERR.ANTIP.C/ANTISEGA,2240,129.16,8.01535E+12,1
152864600,SERR.ANTIP.SELEZ.C/ANTIS.,2240,204.71,8.01535E+12,1
15286460020,SERR.ANTIP.SELEZ.C/ANTIS.,2240,204.71,8.01535E+12,1
152864700,SERR.ANTIP.SELEZ.C/ANTIS.,2240,204.71,8.01535E+12,1
15286470020,SERR.ANTIP.SELEZ.C/ANTIS.,2240,204.71,8.01535E+12,1
152864900,SERR.ANTIP.SELEZ.C/ANTIS.,2240,204.71,8.01535E+12,1
153002450,MULT.TO ECON.TEST.ARR.,2220,128.56,8.01535E+12,6
15300245082,MULT.TO ECON.TEST.ARR.ZIN GIAL,2220,121.4,8.01535E+12,6
153002450B7,MULT.TO ECON.TEST.ARR. FIN.B7,2220,128.56,8.01535E+12,6
15300245A,MULT TO ECON TEST ARR,2220,128.56,8.01535E+12,6
15300245A82,MULT TO ECON TEST ARR ZIN GIAL,2220,121.4,8.01535E+12,6
15300245AB7,MULT TO ECON TEST ARR  FIN B7,2220,128.56,8.01535E+12,6
153002500,MULT.TO ECON.TEST.ARR.,2220,128.56,8.01535E+12,6
15300250082,MULT.TO ECON.TEST.ARR.ZIN GIAL,2220,121.4,8.01535E+12,6
153002500B7,MULT.TO ECON.TEST.ARR. B7,2220,128.56,8.01535E+12,6
15300250A,MULT TO ECON TEST ARR,2220,128.56,8.01535E+12,6
15300250A82,MULT TO ECON TEST ARR ZIN GIAL,2220,121.4,8.01535E+12,6
15300250AB7,MULT TO ECON TEST ARR  B7,2220,128.56,8.01535E+12,6
153002600,MULT.TO ECON.TEST.ARR.,2220,128.56,8.01535E+12,6
15300260082,MULT.TO ECON.TEST.ARR.ZIN GIAL,2220,121.4,8.01535E+12,6
153002600B7,MULT.TO ECON.TEST.ARR.B7,2220,128.56,8.01535E+12,6
15300260A,MULT TO ECON TEST ARR,2220,128.56,8.01535E+12,6
15300260A82,MULT TO ECON TEST ARR ZIN GIAL,2220,121.4,8.01535E+12,6
15300260AB7,MULT TO ECON TEST ARR B7,2220,128.56,8.01535E+12,6
153003450,MULT.TO ECON.TEST.SQUA,2220,128.56,8.01535E+12,6
15300345082,MULT.TO ECON.TEST.SQU.ZIN GIAL,2220,121.4,8.01535E+12,6
153003450B7,MULT.TO ECON.TEST.SQUADRATA B7,2220,128.56,8.01535E+12,6
15300345A82,MULT TO ECON TEST SQU ZIN GIAL,2220,121.4,8.01535E+12,6
15300345AB7,MULT TO ECON TEST SQUADRATA B7,2220,128.56,8.01535E+12,6
153003500,MULT.TO ECON.TEST.SQUA,2220,128.56,8.01535E+12,6
15300350082,MULT.TO ECON.TEST.SQU.ZIN GIAL,2220,121.4,8.01535E+12,6
153003500B7,MULT.TO ECON.TEST.SQUADRATA B7,2220,128.56,8.01535E+12,6
153003600,MULT.TO ECON.TEST.SQUA,2220,128.56,8.01535E+12,6
15300360082,MULT.TO ECON.TEST.SQU.ZIN GIAL,2220,121.4,8.01535E+12,6
153003600B7,MULT.TO ECON.TEST.SQUADRATA B7,2220,128.56,8.01535E+12,6
153035500,MULT.TO VER.CIL.TEST.OTT.,2219,193.3,8.01535E+12,2
153035600,MULT.TO VER.CIL.TEST.OTT.,2219,193.3,8.01535E+12,2
153131450,MULT.TO CIL.TES.TUB.CAT.P,2219,198.97,8.01535E+12,2
15313145A,MULT TO CIL TES TUB CAT P,2219,198.97,8.01535E+12,2
153131500,MULT.TO CIL.TES.TUB.CAT.P,2219,198.97,8.01535E+12,2
15313150A,MULT TO CIL TES TUB CAT P,2219,198.97,8.01535E+12,2
153131600,MULT.TO CIL.TES.TUB.CAT.P,2219,198.97,8.01535E+12,2
15313160A,MULT TO CIL TES TUB CAT P,2219,198.97,8.01535E+12,2
153133450,MULT.TO CIL.TES.TUB.CAT.P,2219,213.05,8.01535E+12,2
15313345A,MULT TO CIL TES TUB CAT P,2219,213.05,8.01535E+12,2
153133500,MULT.TO CIL.TES.TUB.CAT.P,2219,213.05,8.01535E+12,2
15313350A,MULT TO CIL TES TUB CAT P,2219,213.05,8.01535E+12,2
153133600,PULT.TO CIL.TES.TUB.CAT.P,2219,213.05,8.01535E+12,2
15313360A,PULT TO CIL TES TUB CAT P,2219,213.05,8.01535E+12,2
153135450,EELT.TO CIL.TES.TUB.CAT.P,2219,213.73,8.01535E+12,2
15313545A,EELT TO CIL TES TUB CAT P,2219,213.73,8.01535E+12,2
153135500,MULT.TO CIL.TES.TUB.CAT.P,2219,213.73,8.01535E+12,2
15313550A,MULT TO CIL TES TUB CAT P,2219,213.73,8.01535E+12,2
153135600,MULT.TO CIL.TES.TUB.CAT.P,2219,213.73,8.01535E+12,2
15313560A,MULT TO CIL TES TUB CAT P,2219,213.73,8.01535E+12,2
153137450,MULT.TO CIL.TES.TUB.CAT.P,2219,283.69,8.01535E+12,2
15313745A,MULT TO CIL TES TUB CAT P,2219,283.69,8.01535E+12,2
153137500,MULT.TO CIL.TES.TUB.CAT.P,2219,283.69,8.01535E+12,2
15313750A,MULT TO CIL TES TUB CAT P,2219,283.69,8.01535E+12,2
153137600,MULT.TO CIL.TES.TUB.CAT.P,2219,283.69,8.01535E+12,2
15313760A,MULT TO CIL TES TUB CAT P,2219,283.69,8.01535E+12,2
153151450,MULT.TO CIL.TES.TUB.CAT.S,2219,217.23,8.01535E+12,2
153151500,MULT.TO CIL.TES.TUB.CAT.S,2219,217.23,8.01535E+12,2
153151600,MULT.TO CIL.TES.TUB.CAT.S,2219,217.23,8.01535E+12,2
153155450,MULT.TO CIL.TES.TUB.CAT.S,2219,250.28,8.01535E+12,2
153155500,MULT.TO CIL.TES.TUB.CAT.S,2219,250.28,8.01535E+12,2
153155600,MULT.TO CIL.TES.TUB.CAT.S,2219,250.28,8.01535E+12,2
153157450,MULT.TO CIL.TES.TUB.CAT.S,2219,329.6,8.01535E+12,2
153157500,MULT.TO CIL.TES.TUB.CAT.S,2219,329.6,8.01535E+12,2
153157600,MULT.TO CIL.TES.TUB.CAT.S,2219,329.6,8.01535E+12,2
155051501,FERROGLIETTO,1103,30.61,8.01535E+12,6
155051601,FERROGLIETTO,1103,30.61,8.01535E+12,6
155054501,FERROGLIETTO,1103,31.69,8.01535E+12,6
155054601,FERROGLIETTO,1103,31.69,8.01535E+12,6
155071501,FERROGLIETTO,1103,33.36,8.01535E+12,6
155071601,FERROGLIETTO,1103,33.36,8.01535E+12,6
155074501,FERROGLIETTO,1103,34.6,8.01535E+12,6
155074601,FERROGLIETTO,1103,34.6,8.01535E+12,6
155254501,FERROGLIETTO ZINCATA,1106,33.04,8.01535E+12,12
155254601,FERROGLIETTO ZINCATA,1106,33.04,8.01535E+12,12
155274501,FERROGLIETTO ZINCATA,1106,36.38,8.01535E+12,12
155274601,FERROGLIETTO ZINCATA,1106,36.38,8.01535E+12,12
156010500,SERR. DA INFILARE A CILINDRO SOLO CATENACCIO,1214,79.99,8.01535E+12,12
15601050A,SERR  DA INFILARE A CILINDRO SOLO CATENACCIO,1214,79.99,8.01535E+12,12
156010600,SERR.DA INFILARE A CILINDRO SOLO CATENACCIO,1214,79.99,8.01535E+12,12
15601060A,SERR DA INFILARE A CILINDRO SOLO CATENACCIO,1214,79.99,8.01535E+12,12
156010700,SERR.DA INFILARE A CILINDRO SOLO CATENACCIO,1214,79.99,8.01535E+12,12
15601070A,SERR DA INFILARE A CILINDRO SOLO CATENACCIO,1214,79.99,8.01535E+12,12
156013500,SER.INF.CIL.3 MANDATE,2117,30.95,8.01535E+12,12
15601350A,SER INF CIL 3 MANDATE,2117,30.95,8.01535E+12,12
156013600,SER.INF.CIL.3 MANDATE,2117,30.95,8.01535E+12,12
15601360A,SER INF CIL 3 MANDATE,2117,30.95,8.01535E+12,12
156013700,SER.INF.CIL.3 MANDATE,2117,30.95,8.01535E+12,12
15601370A,SER INF CIL 3 MANDATE,2117,30.95,8.01535E+12,12
156015600,SERR.DA INFILARE A CILINDRO TRIPLICE SOLO CAT.,1214,105.22,8.01535E+12,12
15601560A,SERR DA INFILARE A CILINDRO TRIPLICE SOLO CAT,1214,105.22,8.01535E+12,12
156015700,SERR.DA INFILARE A CILINDRO TRIPLICE SOLO CAT.,1214,105.22,8.01535E+12,12
15601570A,SERR DA INFILARE A CILINDRO TRIPLICE SOLO CAT,1214,105.22,8.01535E+12,12
156016600,SERR.INF.CIL.3 MAND.TRIP.,2117,38.83,8.01535E+12,12
15601660A,SERR INF CIL 3 MAND TRIP,2117,38.83,8.01535E+12,12
156016700,SERR.INF.CIL.3 MAND.TRIP.,2117,38.83,8.01535E+12,12
15601670A,SERR INF CIL 3 MAND TRIP,2117,38.83,8.01535E+12,12
156020600,SERR.DA INF.CILINDRO TRIPLICE SOLO CAT.(DOPPIA),1214,163.38,8.01535E+12,12
15602060A,SERR DA INF CILINDRO TRIPLICE SOLO CAT  DOPPIA,1214,163.38,8.01535E+12,12
156020700,SERR.DA INF.CILINDRO TRIPLICE SOLO CAT.(DOPPIA),1214,163.38,8.01535E+12,12
15602070A,SERR DA INF CILINDRO TRIPLICE SOLO CAT  DOPPIA,1214,163.38,8.01535E+12,12
156152601,SERR.APPL.CIL.EU. SENZA SCROCCO,1206,147.22,8.01535E+12,1
156152602,SERR.APPL.CIL.EU. SENZA SCROCCO,1206,147.22,8.01535E+12,1
156157601,SERR.APPL.CIL.EU. CON SCROCCO,1206,169.3,8.01535E+12,1
156157602,SERR.APPL.CIL.EU. CON SCROCCO,1206,169.3,8.01535E+12,1
156162601,SERR.APPL.CIL.EU. SENZA SCROCCO TRIPLICE,1206,148.81,8.01535E+12,1
156162602,SERR.APPL.CIL.EU. SENZA SCROCCO TRIPLICE,1206,148.81,8.01535E+12,1
156167601,SERR.APPL.CIL.EU CON SCROCCO TRIPLICE,1206,170.91,8.01535E+12,1
156167602,SERR.APPL.CIL.EU CON SCROCCO TRIPLICE,1206,170.91,8.01535E+12,1
156172601,SERR.APPL. CIL.EU. SENZA SCROCCO 5P,1206,194.52,8.01535E+12,1
156172602,SERR.APPL.CIL.EU. SENZA SCROCCO 5P,1206,194.52,8.01535E+12,1
156177601,SERR.APPL.CIL.EU CON SCROCCO 5P,1206,216.63,8.01535E+12,1
156177602,SERR.APPL.CIL.EU CON SCROCCO 5P,1206,216.63,8.01535E+12,1
156250600,SERRATURA INFILARE 4 MANDATE A CILINDRO,2113,79.24,8.01535E+12,1
15625060A,SERRATURA INFILARE 4 MANDATE A CILINDRO,2113,79.24,8.01535E+12,6
156255600,SERRATURA INFILARE 4 MANDATE A CILINDRO,2113,136.81,8.01535E+12,5
15625560A,SERRATURA INFILARE 4 MANDATE A CILINDRO,2113,136.81,8.01535E+12,6
156357100,FASCIA A CILINDRO TRIPLICE,1223,59.19,8.01535E+12,1
156357900,FASCIA A CILINDRO TRIPLICE,1223,59.19,8.01535E+12,6
156358100,FASCIA A CILINDRO TRIPLICE - FE,1226,55.21,8.01535E+12,12
156358900,FASCIA A CILINDRO TRIPLICE - FE,1226,55.21,8.01535E+12,12
156378110,FASCIA A CILINDRO TRIPLICE SOLO CAT. E = 110,1226,58.57,8.01535E+12,12
156405480,SER.CIL.APPLICARE  X PB,2204,73.45,8.01535E+12,5
156405580,SER.CIL.APPLICARE  X PB,2204,73.45,8.01535E+12,5
156415480,SER.CIL.APPLICARE  X PB,2204,86.85,8.01535E+12,5
15641548000NU,SER.CIL. L.C. APPL. X C.P.C.,2204,86.85,8.01535E+12,5
156415580,SER.CIL.APPLICARE  X PB,2204,86.85,8.01535E+12,5
15641558000PG,"SER.CIL.APPLICARE  X PB (CAT+18MM,ALIAS)",2204,86.85,8.01535E+12,5
156415580M8PG,"SER.CIL.APPLICARE X PB (CAT+18MM,ALIAS,M8)",2204,86.85,8.01535E+12,5
156425480,SERR.CIL.INFILARE PER PB,2214,84.25,8.01535E+12,5
1.56427E+12,Ser.Blind Cil. Caten,2209,28.84,8.01535E+12,10
156435480,SERR.CIL.INFILARE PER PB,2214,97.77,8.01535E+12,5
15643548000ST,SERR.CIL.INFILARE PER PB SCROCCO IN ACCIAIO +2MM,2214,97.77,8.01535E+12,5
1.56437E+12,Ser.Blind Cil. Scrocco e Caten,2209,22.66,8.01535E+12,10
156505280,SERR.CIL.CREM.APPL. X PB,2200,131.59,8.01535E+12,1
15650528B,SERR.CIL.CREM.APPL. X PB BLOCCO,2B00,144.5,8.01535E+12,1
156505380,SERR.CIL.CREM.APPL. X PB,2200,131.59,8.01535E+12,1
15650538B,SERR.CIL.CREM.APPL. X PB BLOCCO,2B00,144.5,8.01535E+12,1
156505480,SERR.CIL.CREM.APPL. X PB,2200,123.82,8.01535E+12,5
15650548000DH,"SERR.CIL.CREM.APPL. X PB (SP CAT =13,5 MM)",2200,123.82,8.01535E+12,5
15650548000EG,SERR.CIL.CREM.APPL. X PB PER DITTA MASTER,2200,151.49,8.01535E+12,5
15650548000FQ,SERR.CIL.CREM.APPL. X PB CAT.FUNZION.1/3/5,2200,123.82,8.01535E+12,5
15650548B,SERR.CIL.CREM.APPL. X PB BLOCCO,2B00,136.65,8.01535E+12,5
156505580,SERR.CIL.CREM.APPL. X PB,2200,123.82,8.01535E+12,5
15650558000VU,"SERR.CIL.CREM.APPL. X PB (CAT+18MM,ALIAS)",2200,151.49,8.01535E+12,5
156505580M8VU,"SERR.CIL.CREM.APPL. X PB (CAT+18MM,ALIAS,M8)",2200,151.49,8.01535E+12,1
156507480,"SERR.CIL.CREM.APPL. X PB (CAT. + 43,5 MM)",2200,129.64,8.01535E+12,5
156515250,SERR.CIL.CREM.APPL. X PB,2200,154.27,8.01535E+12,1
156515270,SERR.CIL.CREM.APPL. X PB,2200,154.27,8.01535E+12,1
15651527000BZ,SERR.CIL.APPL.PB FORAPAN,2200,146.33,8.01535E+12,1
156515280,SER.CIL.CREM.APPL. X PB,2200,154.27,8.01535E+12,1
15651528B,SER.CIL.CREM.APPL. X PB BLOCCO,2B00,167.41,8.01535E+12,1
156515320,SER.CIL.CREM.APPL. X PB,2200,154.27,8.01535E+12,1
15651532B,SER.CIL.CREM.APPL. X PB BLOCCO,2B00,167.41,8.01535E+12,1
156515380,SERR.CIL.CREM.APPL. X PB,2200,154.27,8.01535E+12,1
15651538B,SERR.CIL.CREM.APPL. X PB BLOCCO,2B00,167.41,8.01535E+12,1
15651545000CD,SER.CIL.APP.X PB DIGIEMME,2200,146.33,8.01535E+12,5
15651545B00CD,SER.CIL.APP.X PB DIGIEMME CON BLOCCO,2200,157.86,8.01535E+12,5
156515480,SER.CIL.CREM.APPL. X PB,2200,146.33,8.01535E+12,5
15651548000AP,SERR.CIL.CREM.APPL. X PB - MASTER A2P*,2200,154.02,8.01535E+12,5
15651548000AQ,SERR.CIL.CREM.APPL. X PB - PORTRISA A2P**,2200,154.02,8.01535E+12,5
15651548000CE,SER.CIL.CREM.APPL. X PB X VIGHI,2200,146.33,8.01535E+12,5
15651548000DH,SER.CIL.CREM.APPL. X PB PER FESTI,2200,146.33,8.01535E+12,5
15651548000EC,SER.CIL.AP.PB F.TA VENETA,2200,146.33,8.01535E+12,5
15651548000GL,SER.CIL.CREM.APPL. X PB (BOCCOLE XM6),2200,146.33,8.01535E+12,1
15651548000GZ,SER.CIL.CREM.APPL. X PB,2200,146.33,8.01535E+12,5
15651548000NU,SER.CIL.CREM.APPL. X PB,2200,146.33,8.01535E+12,5
15651548000ST,SER.CIL.CREM.APPL. X PB SCROCCO IN ACCIAIO +2MMM,2200,146.33,8.01535E+12,5
15651548000SZ,"SER.CIL.CREM.APPL. X PB +34,5",2200,146.33,8.01535E+12,5
15651548000VM,"SER.CIL.CREM.APPL. X PB (+2MM, ATT LATERALI)",2200,146.33,8.01535E+12,1
15651548000VR,"SER.CIL.CREM.APPL. X PB (+21,5MM)",2200,146.33,8.01535E+12,1
15651548B,SER.CIL.CREM.APPL. X PB BLOCCO,2B00,159.4,8.01535E+12,5
15651548B00DH,SER.CIL.CREM.APPL. X PB PER FESTI CON BLOCCO,2B00,159.4,8.01535E+12,5
15651548B00DT,SER.CIL.CREM.APPL. X PB BLOCCO (MIP),2B00,159.4,8.01535E+12,5
15651548B00EC,"SER.CIL.CREM.APPL. X PB BLOCCO +29,5MM",2B00,159.4,8.01535E+12,5
15651548B00SZ,"SER.CIL.CREM.APPL. X PB BLOCCO +34,5",2B00,159.4,8.01535E+12,5
156515580,SERR.CIL.CREM.APPL. X PB,2200,146.33,8.01535E+12,5
15651558000CA,SERR.CIL.CREM.APPL. X PB,2200,146.33,8.01535E+12,5
15651558000DH,SERR.CIL.CREM.APPL. X PB,2200,146.33,8.01535E+12,5
15651558000NF,SERR.CIL.CREM.APPL. X PB SPORG/CATENACCI=10MM,2200,146.33,8.01535E+12,5
15651558000PG,"SERR.CIL.CREM.APPL. X PB (CAT+18MM,ALIAS)",2200,146.33,8.01535E+12,5
15651558000ST,SER.CIL.CREM.APPL. X PB SCROCCO IN ACCIAIO +2MMM,2200,146.33,8.01535E+12,5
15651558000ZG,CYLINDER ADL RIM BAUXT,2200,146.33,8.01535E+12,5
156515580M8HF,"SERR.CIL.CREM.APPL. X PB (CAT+18MM,ALIAS,A2P*,M8)",2200,150.37,8.01535E+12,5
156515580M8HG,"SERR.CIL.CREM.APPL. X PB (CAT+18MM,ALIAS,A2P**,M8)",2200,150.37,8.01535E+12,5
156515580M8PG,"SERR.CIL.CREM.APPL.X PB (CAT+18MM,ALIAS,M8)",2200,149.79,8.01535E+12,5
15651558B,SER.CIL.CREM.APPL. X PB BLOCCO,2B00,159.4,8.01535E+12,5
15651558B00CA,SERR.CIL.CREM.APPL. X PB,2B00,159.4,8.01535E+12,5
15651558B00DH,SERR.CIL.CREM.APPL. X PB BLOCCO,2B00,159.4,8.01535E+12,5
15651558B00NF,SERR.CIL.CREM.APPL. X PB SPORG/CATENACCI=10MM,2B00,159.4,8.01535E+12,5
15651558B00PG,"SER.CIL.CREM.APPL. X PB BLOCCO (CAT+18MM,ALIAS)",2B00,159.4,8.01535E+12,5
15651558B00ST,SER.CIL.CREM.APPL. X PB SCROCCO IN ACCIAIO +2MMM,2B00,159.4,8.01535E+12,5
156517480,SERR.CILIN.CREMAGL.APPL.X PORTE BLINDATE,2200,151.49,8.01535E+12,5
156517580,"SERR.CIL.CREMAGL.APPL.X PORTE BLINDATE  CAT=43,5",2200,151.49,8.01535E+12,5
156525280,SER.CIL.CREM.INFIL. X PB,2210,148.42,8.01535E+12,1
15652528B,SERR.CIL.CREM.INFIL. X PB BLOCCO,2B10,161.53,8.01535E+12,1
156525480,SERR.CIL.CREM.INFIL. X PB,2210,140.5,8.01535E+12,5
15652548B,SERR.CIL.CREM.INFIL. X PB BLOCCO,2B10,153.97,8.01535E+12,5
156535280,SERR.CIL.CREM.INFIL. X PB(22625),2210,171.09,8.01535E+12,1
15653528000BS,SERR.CIL.CREM.INF. X PB.,2210,163.34,8.01535E+12,1
15653528B,SERR.CIL.CREM.INFIL. X PB BLOCCO,2B10,184.39,8.01535E+12,1
156535480,SERR.CIL.CREM.INFIL. X PB,2210,163.34,8.01535E+12,5
15653548000DT,SERR.CIL.CREM.INFIL. X PB (MIP),2210,163.34,8.01535E+12,1
15653548B,SERR.CIL.CREM.INFIL. X PB BLOCCO,2B10,176.54,8.01535E+12,5
156615280,SER.CIL.CREM.APPL. X PB (INTER. 92 MM),2200,154.27,8.01535E+12,1
15661547000UN,SER.CIL.CREM.APPL. X PB INTERASSE 92 MM FORAPAN,2200,146.33,8.01535E+12,5
156615480,SER.CIL.CREM.APPL. X PB  (INTER. 92 MM),2200,146.33,8.01535E+12,5
15661548000UN,SER.CIL.CREM.APPL. X PB  (INTER. 92 MM),2200,146.33,8.01535E+12,5
156715280,DOPPIA TOPPA CIL.+CREM.+DM.,2192,243.21,8.01535E+12,1
15671528B,DOPPIA TOPPA CIL.+CREM.+DM.,2B92,247.79,8.01535E+12,1
156715480,DOPPIA TOPPA CIL.+CREM.+DM.,2192,235.13,8.01535E+12,5
15671548000RM,DOPPIA TOPPA CIL.+CREM.+DM. CON BORCHIE,2192,242.9,8.01535E+12,5
15671548B,DOPPIA TOPPA CIL.+CREM.+DM.,2B92,239.95,8.01535E+12,5
156716480,DOPPIA TOPPA CIL.+CREM.+DM.,2192,229.25,8.01535E+12,5
156735280,DOPPIA TOPPA CIL.+CREM.+DM.INFILARE,2192,260.72,8.01535E+12,1
15673528B,DOPPIA TOPPA CIL.+CREM.+DM.INFILARE,2B92,264.76,8.01535E+12,1
156735480,DOPPIA TOPPA CIL.+CREM.+DM.INFILARE,2192,252.66,8.01535E+12,5
15673548B,DOPPIA TOPPA CIL.+CREM.+DM.INFILARE,2B92,256.93,8.01535E+12,5
156736280,DOPPIA TOPPA CIL.+CREM.+DM.INFILARE,2192,254.74,8.01535E+12,1
15673628B,DOPPIA TOPPA CIL.+CREM.+DM.INFILARE,2B92,258.95,8.01535E+12,1
156736480,DOPPIA TOPPA CIL.+CREM.+DM.INFILARE,2192,246.63,8.01535E+12,5
15673648B,DOPPIA TOPPA CIL.+CREM.+DM.INFILARE,2B92,251.11,8.01535E+12,5
156765280,DOPPIA TOPPA CIL.+CREM.+CIL.,2194,216.14,8.01535E+12,1
15676528B,DOPPIA TOPPA CIL.+CREM.+CIL.BLOCCO,2B94,227.64,8.01535E+12,1
15676547000BZ,DOPPIA TOPPA CIL.+CREM.+CIL.,2194,208.31,8.01535E+12,5
156765480,DOPPIA TOPPA CIL.+CREM.+CIL.,2194,208.31,8.01535E+12,5
15676548000GL,DOPPIA TOPPA CIL.+CREM.+CIL.,2194,208.31,8.01535E+12,5
15676548000RT,DOPPIA TOPPA CIL.+CREM.+CIL.,2194,219.98,8.01535E+12,5
15676548000SZ,DOPPIA TOPPA CIL.+CREM.+CIL.,2194,208.31,8.01535E+12,5
15676548000UM,DOPPIA TOPPA CIL.+CREM.+CIL.,2194,208.31,8.01535E+12,5
15676548000VM,DOPPIA TOPPA CIL.+CREM.+CIL.(+2MM ATT LATERALI),2194,208.31,8.01535E+12,1
15676548B,DOPPIA TOPPA CIL.+CREM.+CIL.,2B94,219.81,8.01535E+12,5
156765580,DOPPIA TOPPA CIL.+CREM.+CIL.,2194,208.31,8.01535E+12,5
15676558000CA,DOPPIA TOPPA CIL.+CREM.+CIL.,2194,208.31,8.01535E+12,5
15676558000NF,"DOPPIA TOPPA CIL.+CREM.+CIL.(SPORG CAT + 6,5 MM)",2194,208.31,8.01535E+12,5
15676558000PG,"DT.MULTIFUNCTION CIL.+CREM.+CIL.(CAT+18MM,ALIAS)",2194,208.31,8.01535E+12,5
15676558000ZG,ADL MULTIFUNCTION C83+C83 BAUXT,2194,208.31,8.01535E+12,5
156765580M8PG,"DOPPIA TOPPA CIL.+CREM.+CIL.(CAT+18MM,ALIAS,M8)",2194,208.31,8.01535E+12,1
15676558B,DOPPIA TOPPA CIL.+CREM.+CIL.,2B94,219.81,8.01535E+12,5
15676558B00PG,DOPPIA TOPPA CIL.+CREM.+CIL. +18MM,2B94,219.81,8.01535E+12,5
156766280,DOPPIA TOPPA CIL.+CREM.+CIL.,2194,210.38,8.01535E+12,1
15676628000FH,DOPPIA TOPPA CIL.+CREM.+CIL.,2194,215.72,8.01535E+12,1
15676628B,DOPPIA TOPPA CIL.+CREM.+CIL.BLOCCO,2B94,221.83,8.01535E+12,1
15676647000BZ,DOPPIA TOPPA CIL.+CREM.+CIL.(X DITTA FBS),2194,202.6,8.01535E+12,5
156766480,DOPPIA TOPPA CIL.+CREM.+CIL.,2194,202.6,8.01535E+12,5
15676648000CE,DOPPIA TOPPA CIL.+CREM.+CIL.,2194,214.91,8.01535E+12,5
15676648000GL,DOPPIA TOPPA CIL.+CREM.+CIL. (PER MASTER),2194,202.6,8.01535E+12,5
15676648000GZ,DOPPIA TOPPA CIL.+CREM.+CIL.(+18MM),2194,203.72,8.01535E+12,5
15676648B,DOPPIA TOPPA CIL.+CREM.+CIL.BLOCCO,2B94,214.14,8.01535E+12,5
156766580,DOPPIA TOPPA CIL.+CREM.+CIL.,2194,202.6,8.01535E+12,5
15676658000CA,DOPPIA TOPPA CIL.+CREM.+CIL. PER BLINFORT,2194,196.02,8.01535E+12,5
15676658000FH,"DOPPIA TOPPA CIL.+CREM.+CIL. CAT./SPORG. 43,5 MM",2194,202.6,8.01535E+12,5
15676658000NF,"DOPPIA TOPPA CIL.+CREM.+CIL.(SPORG CAT + 6,5 MM)",2194,202.6,8.01535E+12,5
15676658000PF,DOPPIA TOPPA CIL.+CREM.+CIL. (SPORG + 2 MM ),2194,202.6,8.01535E+12,5
15676658000PG,"DOPPIA TOPPA CIL.+CREM.+CIL.(CAT+18MM,ALIAS)",2194,202.6,8.01535E+12,5
15676658000ZG,ADL MULTIFUNCTION C83+C83 BAUXT,2194,202.6,8.01535E+12,5
156766580M8PG,"DOPPIA TOPPA CIL.+CREM.+CIL.(CAT+18MM,ALIAS,M8)",2194,202.6,8.01535E+12,1
15676658B,DOPPIA TOPPA CIL.+CREM.+CIL.BLOCCO,2194,214.25,8.01535E+12,5
15676658B00NF,"DOPPIA TOPPA CIL.+CREM.+CIL.(SPORG CAT + 6,5 MM)",2B94,214.14,8.01535E+12,5
15676658B00PG,DOPPIA TOPPA CIL.+CREM.+CIL.BLOCCO ALIAS,2B94,214.14,8.01535E+12,5
156767280,DOPPIA TOPPA CIL.+CREM.+CIL. CON LIMITATORE,2194,229.25,8.01535E+12,1
15676728B,DOPPIA TOPPA CIL.+CREM.+CIL.LIMITATORE BLOCCO,2B94,241.25,8.01535E+12,1
156767380,DOPPIA TOPPA CIL.+CREM.+CIL. CON LIMITATORE,2194,229.25,8.01535E+12,1
156767480,DOPPIA TOPPA CIL.+CREM.+CIL. CON LIMITATORE,2194,221.22,8.01535E+12,5
15676748B,DOPPIA TOPPA CIL.+CREM.+CIL.LIMITATORE BLOCCO,2B94,233.19,8.01535E+12,5
156767580,DOPPIA TOPPA CIL.+CREM.+CIL. CON LIMITATORE,2194,221.22,8.01535E+12,5
15676758000FH,DOPPIA TOPPA CIL.+CREM.+CIL. LIMITAORE. CAT+ 40,2194,214.91,8.01535E+12,5
15676758000PF,DOPPIA TOPPA CIL.+CREM.+CIL. CON LIMIT (SPORG. +2),2194,214.91,8.01535E+12,5
15676758000RT,DOPPIA TOPPA CIL.+CREM.+CIL. CON LIMITATORE,2194,214.91,8.01535E+12,5
156768280,DOPPIA TOPPA CIL.+CREM.+CIL. CON LIMITATORE,2194,238.4,8.01535E+12,1
15676828B,DOPPIA TOPPA CIL.+CREM.+CIL.LIMITATORE BLOCCO,2B94,250.39,8.01535E+12,1
156768480,DOPPIA TOPPA CIL.+CREM.+CIL. CON LIMITATORE,2194,230.4,8.01535E+12,5
15676848B,DOPPIA TOPPA CIL.+CREM.+CIL.LIMITATORE BLOCCO,2B94,242.32,8.01535E+12,5
156785280,DOPPIA TOPPA CIL.+CREM.+CIL.INFILARE,2194,233.12,8.01535E+12,1
15678528B,DOPPIA TOPPA CIL.+CREM.+CIL.INFILARE BLOCCO,2B94,249.35,8.01535E+12,1
156785480,DOPPIA TOPPA CIL.+CREM.+CIL.INFILARE,2194,225.28,8.01535E+12,5
15678548B,DOPPIA TOPPA CIL.+CREM.+CIL.INFILARE BLOCCO,2B94,243.89,8.01535E+12,5
156786280,DOPPIA TOPPA CIL.+CREM.+CIL.INFILARE,2194,227.35,8.01535E+12,1
15678628B,DOPPIA TOPPA CIL.+CREM.+CIL.INFILARE BLOCCO,2B94,246.02,8.01535E+12,1
156786480,DMPB DOPPIA TOPPA CIL.+CREM.+CIL.INFILARE,2194,219.51,8.01535E+12,5
15678648B,DOPPIA TOPPA CIL.+CREM.+CIL.INFILARE BLOCCO,2B94,237.52,8.01535E+12,5
15678728B,DOPPIA TOPPA CIL.+CREM.+CIL.INFIL.LIMIT BLOCCO,2B94,258.65,8.01535E+12,1
15678828B,DOPPIA TOPPA CIL.+CREM.+CIL.INFIL.LIMIT BLOCCO,2B94,267.91,8.01535E+12,1
15678848B,DOPPIA TOPPA CIL.+CREM.+CIL.INFIL.LIMIT BLOCCO,2B94,259.87,8.01535E+12,5
156815280,SERR.CIL.EMERGENZA RESIDENZIALE X P.B,2205,233.96,8.01535E+12,1
156815380,SERR.CIL.EMERGENZA RESIDENZIALE X P.B,2205,233.96,8.01535E+12,1
15681547000BZ,"SERR.CIL.EMERGENZA RESID. X PB CONF IND(SPOR.+29,5",2205,225.19,8.01535E+12,5
156815480,SERR.CIL.EMERGENZA RESIDENZIALE X P.B CONF.IND.,2205,225.19,8.01535E+12,5
15681548000CE,SERR.CIL.EMERGENZA RESID. X PB VIGHI (SPOR.+10 ),2205,218.77,8.01535E+12,5
15681548000DH,SERR.CIL.EMERGENZA RESID. X PB CONF IND(SPOR.+10 ),2205,225.19,8.01535E+12,5
156815580,SERR.CIL.EMERGENZA RESIDENZIALE X P.B CONF.IND.,2205,225.19,8.01535E+12,5
15681558000CA,SERR.CIL.EMERGENZA RESID. X PB CONF IND(SPOR.+4),2205,225.19,8.01535E+12,5
15681558000NF,"SERR.CIL.EMERGENZA RESID. PB (SPORG CAT +6,5 MM)",2205,225.19,8.01535E+12,5
15681558000PG,"SERR.CIL.EMERGENZA RESID. X PB (CAT+18MM,ALIAS)",2205,225.19,8.01535E+12,5
156815580M8PG,"SERR.CIL.EMERGENZA RESID. X PB (CAT+18MM,ALIAS,M8)",2205,225.19,8.01535E+12,1
156835280,SERR.CIL.EMERGENZA RESIDENZIALE X P.B,2215,242.14,8.01535E+12,1
156835480,SERR.CIL.EMERGENZA RESIDENZIALE X P.B  CONF.IND.,2215,233.77,8.01535E+12,5
156915280,"SERR.CIL.ANTIPANICO TIPO ""A"" X P.B.",2206,206.66,8.01535E+12,
156916280,"SERR.CIL.ANTIPANICO TIPO ""B"" X P.B.",2206,223.36,8.01535E+12,1
156916380,"SERR.CIL.ANTIPANICO TIPO ""B"" X P.B.",2206,223.36,8.01535E+12,1
156916480,"SERR.CIL.ANTIPANICO TIPO ""B"" X P.B. CONF IND",2206,214.96,8.01535E+12,5
156917280,"SERR.CIL.ANTIPANICO TIPO ""D"" X P.B.",2206,223.36,8.01535E+12,1
156917380,"SERR.CIL.ANTIPANICO TIPO ""D"" X P.B.",2206,223.36,8.01535E+12,1
156917480,"SERR.CIL.ANTIPANICO TIPO ""D"" X P.B. CONF IND",2206,214.96,8.01535E+12,5
15691748000CE,"SERR.CIL.ANTIPANICO TIPO ""D"" X P.B. SP + 10",2206,272.52,8.01535E+12,5
15691748000DH,"SERR.CIL.ANTIPANICO TIPO ""D"" X P.B. SPORG. +10 MM",2206,272.52,8.01535E+12,5
156917580,"SERR.CIL.ANTIPANICO TIPO ""D"" X P.B. CONF IND",2206,214.96,8.01535E+12,5
15691758000CA,"SERR.CIL.ANTIPANICO TIPO ""D"" SPORG. CAT + 4MM",2206,234.84,8.01535E+12,5
15691758000NF,"SERR.CIL.ANTIPANICO TIPO ""D"" X PB (CAT. + 6,5 MM)",2206,272.52,8.01535E+12,5
15691758000PG,"SERR.CIL.ANTIPANICO TIPO""D""XPB (CAT+18MM,ALIAS)",2206,272.52,8.01535E+12,5
156917580M8PG,"SERR.CIL.ANTIPANICO TIPO""D""XPB (CAT+18MM,ALIAS,M8)",2206,272.52,8.01535E+12,1
156936280,"SERR.CIL.ANTIPANICO TIPO ""B"" X P.B.",2216,244.54,8.01535E+12,1
156936480,"SERR.CIL.ANTIPANICO TIPO ""B"" X P.B.CONF.IND",2216,236.02,8.01535E+12,5
156937280,"SERR.CIL.ANTIPANICO TIPO ""D"" X P.B.",2216,244.54,8.01535E+12,1
156937480,"SERR.CIL.ANTIPANICO TIPO ""D"" X P.B.CONF.IND",2216,236.02,8.01535E+12,5
157003700,SERR.DMI BASSA ZINCATA-CHIAVE TESTA PLASTICA,1217,48.81,8.01535E+12,12
15700370A,SERR DMI BASSA ZINCATA CHIAVE TESTA PLASTICA,1217,48.81,8.01535E+12,12
157006600,SERR.DMI ZINCATA C/RINVII CHIAVE TESTA PLASTICA,1217,61.88,8.01535E+12,12
15700660A,SERR DMI ZINCATA C RINVII CHIAVE TESTA PLASTICA,1217,61.88,8.01535E+12,12
157006620,SERR.DMI ZINCATA C/RINVII-KA 12 PZ-CH.TESTA PLAST,1217,61.88,8.01535E+12,12
1570066200000KA,SERR.DMI ZINCATA C/RINVII CHIAVE TESTA PLASTICA,1217,61.88,8.01535E+12,12
15700662A0000KA,SERR DMI ZINCATA C RINVII CHIAVE TESTA PLASTICA,1217,77.43,0,12
157006700,SER.DMI ZINCATA C/RINVII-CHIAVE TESTA PLASTICA,1217,61.88,8.01535E+12,12
15700670A,SER DMI ZINCATA C RINVII CHIAVE TESTA PLASTICA,1217,61.88,8.01535E+12,12
157006720,SERR. DMI BASSA C/RINVII-KA 12PZ CH.TESTA PLASTICA,1217,61.88,8.01535E+12,12
1570067200000KA,SERR. DMI BASSA C/RINVII-CHIAVE TESTA PLASTICA,1217,61.88,8.01535E+12,12
15700672A0000KA,SERR  DMI BASSA C RINVII CHIAVE TESTA PLASTICA,1217,77.43,0,12
157010500,DMI SOLO CAT.,1213,90.9,8.01535E+12,12
1570105000000KA,SERRATURA DA INFILARE - KA,1213,90.9,0,12
15701050028,SERR.INF.DM OTTONATA,1213,90.9,8.01535E+12,1
15701050A,DMI SOLO CAT,1213,90.9,8.01535E+12,12
15701050A0000KA,SERRATURA DA INFILARE   KA,1213,106.44,0,12
15701050A28,SERR INF DM OTTONATA,1213,90.9,8.01535E+12,12
157010510,SER.DMI CON CHIAVI 00102,1213,99.17,8.01535E+12,12
157010600,DMI SOLO CAT.,1213,90.9,8.01535E+12,12
1570106000000KA,SERRATURA DA INFILARE - KA,1213,90.9,0,
15701060A,DMI SOLO CAT,1213,90.9,8.01535E+12,12
15701060A0000KA,SERRATURA DA INFILARE   KA,1213,106.44,0,12
157010610,SER.DMI CON CHIAVI 00102,1213,99.17,8.01535E+12,12
157010700,DMI SOLO CAT.,1213,90.9,8.01535E+12,12
1570107000000KA,SERRATURA DA INFILARE - KA,1213,90.9,0,12
15701070A,DMI SOLO CAT,1213,90.9,8.01535E+12,12
15701070A0000KA,SERRATURA DA INFILARE   KA,1213,106.44,0,12
1.57013E+12,DMI PER SICUR CIR,1216,267.13,8.01535E+12,
1.57014E+12,SERR.DMI BASSA ZINCATA,1217,47.41,8.01535E+12,12
15701350A,SERR DMI BASSA ZINCATA,1217,33.19,8.01535E+12,12
15701350A0000KA,SERR DMI BASSA ZINCATA   KA,1217,48.73,0,12
1.57014E+12,SERR.DMI BASSA ZINCATA,1217,47.41,8.01535E+12,12
1570135200030KA,SERR.DMI BASSA ZINCATA - KA,1217,47.41,8.01535E+12,12
1.57014E+12,SERR.DMI BASSA ZINCATA,1217,47.41,8.01535E+12,12
1570136000030KA,SERR.DMI BASSA ZINCATA - KA,1217,47.41,0,12
15701360A,SERR DMI BASSA ZINCATA,1217,33.19,8.01535E+12,12
15701360A0000KA,SERR DMI BASSA ZINCATA   KA,1217,48.73,0,12
1.57014E+12,SERR.DMI BASSA ZINCATA,1217,47.41,8.01535E+12,12
1570136200030KA,SERR.DMI BASSA ZINCATA- KA,1217,47.41,8.01535E+12,12
1.57014E+12,SERR.DMI BASSA ZINCATA,1217,47.41,8.01535E+12,12
15701370A,SERR DMI BASSA ZINCATA,1217,33.19,8.01535E+12,12
15701370A0000KA,SERR DMI BASSA ZINCATA   KA,1217,48.73,0,12
1.57014E+12,SERR.DMI BASSA ZINCATA,1217,47.41,8.01535E+12,12
1570137200030KA,SERR.DMI BASSA ZINCATA KA,1217,47.41,8.01535E+12,12
157015600,DMI SOLO CAT.4M TRIPLICE,1213,118.11,8.01535E+12,12
1570156000000KA,SERRATURA DA INFILARE - KA,1213,118.11,0,12
15701560000VGC5,DMI C/IND-5 CHIAVI-BORCHIA 06144-15+06144-50-1-18,1213,124.44,8.01535E+12,12
15701560A,DMI SOLO CAT 4M TRIPLICE,1213,118.11,8.01535E+12,12
157015610,SERRATURA DA INFILARE,1213,126.36,8.01535E+12,12
157015700,DMI SOLO CAT. 4M TRIPLICE,1213,118.11,8.01535E+12,12
1570157000000KA,SERRATURA DA INFILARE,1213,118.11,0,12
15701570A,DMI SOLO CAT  4M TRIPLICE,1213,118.11,8.01535E+12,12
157016600,SERR.DMI ZINCATA C/RINVII,1217,60.09,8.01535E+12,12
15701660A,SERR DMI ZINCATA C RINVII,1217,42.06,8.01535E+12,12
15701660A0000KA,SERR DMI ZINCATA C RINVII   KA,1217,57.61,0,12
157016620,SERR. DMI BASSA C/RINVII,1217,60.09,8.01535E+12,12
1570166200000KA,SERR. DMI ZINCATA C/RINVII - KA,1217,60.09,8.01535E+12,12
157016700,SER.DMI ZINCATA C/RINVII,1217,60.09,8.01535E+12,12
15701670A,SER DMI ZINCATA C RINVII,1217,42.06,8.01535E+12,12
15701670A0000KA,SER DMI ZINCATA C RINVII   KA,1217,57.61,0,12
157016720,SERR. DMI BASSA C/RINVII,1217,60.09,8.01535E+12,12
1570167200000KA,SERR. DMI BASSA C/RINVII - KA,1217,60.09,8.01535E+12,12
157020600,SERR.DA INF.(DOPPIA),1213,180.65,8.01535E+12,12
15702060A,SERR DA INF  DOPPIA,1213,180.65,8.01535E+12,12
157020610,DMI CHIAVI 00102 (DOPPIA),1213,188.9,8.01535E+12,12
157020700,SERR.DA INF. (DOPPIA),1213,180.65,8.01535E+12,12
15702070A,SERR DA INF   DOPPIA,1213,180.65,8.01535E+12,12
157028500,SERRATURA DMI CAT SAGOM ALUZINC,1213,107.06,8.01535E+12,12
1570285000000C5,SERRATURA DMI CAT SAGOM ALUZINC,1213,134.18,8.01535E+12,12
15702850012,SERRATURA DMI CAT SAGOM ALUZINC,1213,114.14,8.01535E+12,1
15702850A,SERRATURA DMI CAT SAGOM ALUZINC,1213,107.06,8.01535E+12,12
157028510,SERRATURA DMI CAT SAGOM ALUZINC,1213,115.28,8.01535E+12,12
157028600,SERRATURA DMI CAT SAG ALUZINC,1213,113.67,8.01535E+12,12
1570286000000C5,SERRATURA DMI CAT SAG ALUZINC,1213,140.83,8.01535E+12,12
1570286000000KA,SERRATURA DMI CAT SAG ALUZINC,1213,113.67,0,12
15702860012,SERR. DMI CAT SAG ALUZINC NK,1213,113.67,8.01535E+12,1
1570286001200C5,SERR. DMI CAT SAG ALUZINC NK C/5 CH.,1213,141.1,8.01535E+12,1
15702860A,SERRATURA DMI CAT SAG ALUZINC,1213,113.67,8.01535E+12,12
157028610,SERRATURA DMI CAT SAG ALUZINC,1213,121.9,8.01535E+12,12
157030600,SERR.DMI BASSA,1217,54.69,8.01535E+12,12
157030620,SERR.DMI BASSA,1217,54.69,8.01535E+12,12
157030700,SERR. DMI BASSA,1217,54.69,8.01535E+12,12
157035600,SERR. DMI BASSA,1217,67.52,8.01535E+12,12
15703560000VGC5,DMI C/IND-5 CHIAVI-BORCHIA 06144-15+06144-50-1-18,1217,128.35,8.01535E+12,12
157035620,SERR.DMI BASSA,1217,67.52,8.01535E+12,12
157035700,SERR. DMI BASSA,1217,67.52,8.01535E+12,12
1.57053E+12,DMI PER CIR (DOPPIA),1216,534.23,8.01535E+12,
157100000,SERR.SPEC.DI SICUREZZA,1204,441.76,8.01535E+12,1
157101000,SERR.SPEC.DI SICUREZZA,1204,518.82,8.01535E+12,1
157107000,SERR.SPEC.DI SICUREZZA,1204,561.93,8.01535E+12,1
157150602,DOPPIA MAPPA APPL.,1202,184.25,8.01535E+12,
157152601,DMA SOLO CAT. SENZA ASTE,1207,196.36,8.01535E+12,1
157152602,DMA SOLO CAT. SENZA ASTE,1207,196.36,8.01535E+12,1
157157601,DMA CON SCROCCO SENZA ASTE,1207,220.92,8.01535E+12,1
157157602,DMA CON SCROCCO SENZA ASTE,1207,220.92,8.01535E+12,1
157162601,DMA SOLO CAT SENZA ASTE TRIPLICE,1207,197.98,8.01535E+12,1
1571626010000KA,DMA SOLO CAT SENZA ASTE TRIPLICE - KA,1207,216.63,8.01535E+12,1
157162602,DMA SOLO CAT SENZA ASTE TRIPLICE,1207,197.98,8.01535E+12,1
157167601,DMA CON SCROCCO SENZA ASTE TRIPLICE,1207,222.53,8.01535E+12,1
157167602,DMA CON SCROCCO SENZA ASTE TRIPLICE,1207,222.53,8.01535E+12,1
157172601,DMA SOLO CAT SENZA ASTE 5P,1207,248.76,8.01535E+12,1
157172602,DMA SOLO CAT SENZA ASTE 5P,1207,248.76,8.01535E+12,1
157177601,DMA CON SCROCCO SENZA ASTE 5P,1207,273.36,8.01535E+12,1
157177602,DMA CON SCROCCO SENZA ASTE 5P,1207,273.36,8.01535E+12,1
157192000,DEVIATORE CATENACCI SENZA ASTE,1203,119.17,8.01535E+12,
157206500,DMI 2M.S/SCR.TRIPL.ZINC.CHIAVE TESTA PLASTICA,1218,61.88,8.01535E+12,12
157206600,DMI 2M.S/SCR.TRIPL.ZINC.CHIAVE TESTA PLASTICA,1218,61.88,8.01535E+12,12
157210400,DMI 2 MAND.TESTATA ARR.,1215,110.08,8.01535E+12,12
15721040A,DMI 2 MAND TESTATA ARR,1215,110.08,8.01535E+12,12
157210450,DMI 2 MAND.TESTATA ARR.,1215,110.08,8.01535E+12,12
15721045A,DMI 2 MAND TESTATA ARR,1215,110.08,8.01535E+12,12
157210500,DMI 2 MAND.TESTATA ARR.,1215,110.08,8.01535E+12,12
15721050A,DMI 2 MAND TESTATA ARR,1215,110.08,8.01535E+12,12
157210600,DMI 2 MAND.TESTATA ARR.,1215,110.08,8.01535E+12,12
15721060A,DMI 2 MAND TESTATA ARR,1215,110.08,8.01535E+12,12
157211400,DMI 2 MAND.TESTATA PIANA,1215,110.08,8.01535E+12,12
15721140000AC,DMI 2 MAND TESTATA PIANA CON 06281,1215,118.95,8.01535E+12,12
15721140A,DMI 2 MAND TESTATA PIANA,1215,110.08,8.01535E+12,12
157211410,DMI 2MAND.TESTATA PIANA,1215,118.31,8.01535E+12,12
157211450,DMI 2 MAND.TESTATA PIANA,1215,110.08,8.01535E+12,12
15721145000AC,DMI 2 MAND.TESTATA PIANA CON 06281,1215,118.95,8.01535E+12,1
15721145028,DMI 2M. TEST.PIANA OTTON.,1215,110.08,8.01535E+12,1
15721145A,DMI 2 MAND TESTATA PIANA,1215,110.08,8.01535E+12,12
15721145A28,DMI 2M  TEST PIANA OTTON,1215,110.08,8.01535E+12,12
157211460,DMI 2 MAND.TESTATA PIANA,1215,118.31,8.01535E+12,12
157211500,DMI 2 MAND.TESTATA PIANA,1215,110.08,8.01535E+12,12
1572115000000KA,DMI 2 MAND.TESTATA PIANA - KA,1215,110.08,0,12
15721150000AC,DMI 2 MANDATE CON 06281,1215,118.95,8.01535E+12,1
15721150000PSC5,DMI 2M. T.SQ. C/06144.15-06144.50 UCRAINA NK,1215,128.3,8.01535E+12,12
15721150A,DMI 2 MAND TESTATA PIANA,1215,110.08,8.01535E+12,12
157211510,DMI 2 MAND.TESTATA PIANA,1215,118.31,8.01535E+12,12
157211600,DMI 2 MAND.TESTATA PIANA,1215,110.08,8.01535E+12,12
1572116000000KA,DMI 2 MAND.TESTATA PIANA - KA,1215,110.08,0,12
15721160000AC,DMI 2 MANDATE CON 06281,1215,118.95,8.01535E+12,1
15721160A,DMI 2 MAND TESTATA PIANA,1215,110.08,8.01535E+12,12
157211610,DMI 2 MAND.TESTATA PIANA,1215,118.31,8.01535E+12,12
15721161000AC,DMI 2 MAND. TESTATA PIANA CON 06281,1215,127.4,8.01535E+12,1
157215450,DMI 2 MAND. TRIPLICE,1215,148.73,8.01535E+12,12
15721545000AC,DMI 2 MANDATE CON 06281,1215,158.67,8.01535E+12,1
15721545A,DMI 2 MAND  TRIPLICE,1215,148.73,8.01535E+12,12
157215460,SER.DMI CON CHIAVI 00102,1215,156.98,8.01535E+12,12
15721546000AC,SER.DMI CON CH.00102-BOCCH.06281,1215,167.1,8.01535E+12,1
157215500,DMI 2 MAND. TRIPLICE,1215,148.73,8.01535E+12,10
15721550000AC,DMI 2MAND. TRIPLICE CON 06281,1215,158.67,8.01535E+12,1
15721550A,DMI 2 MAND  TRIPLICE,1215,148.73,8.01535E+12,12
157215510,SER.DMI CON CHIAVI 00102,1215,156.98,8.01535E+12,12
15721551000AC,DMI 2 MANDATE TRIPLICE CON 06281,1215,167.1,8.01535E+12,1
157215600,DMI 2 MAND. TRIPLICE,1215,148.73,8.01535E+12,12
15721560000AC,DMI 2 MAND.TRIPLICE CON 06281,1215,158.67,8.01535E+12,1
15721560A,DMI 2 MAND  TRIPLICE,1215,148.73,8.01535E+12,12
157215610,SER.DMI CON CHIAVI 00102,1215,156.98,8.01535E+12,12
15721561000AC,SERR.DMI CON 06281,1215,167.1,8.01535E+12,1
157218450,DMI 2 MAND.TRIP.SCRO CAT PIAN PER MULTIP.,1215,115.35,8.01535E+12,12
15721845A,DMI 2 MAND TRIP SCRO CAT PIAN PER MULTIP,1215,115.35,8.01535E+12,12
157218460,DMI 2 MAND.TRIP.SCRO CAT PIAN PER MULTIP.,1215,123.6,8.01535E+12,12
157218500,DMI 2 MAND.TRIP.SCRO CAT PIAN PER MULTIP.,1215,115.35,8.01535E+12,12
15721850A,DMI 2 MAND TRIP SCRO CAT PIAN PER MULTIP,1215,115.35,8.01535E+12,12
157218510,DMI 2 MAND.TRIP.SCRO CAT PIAN PER MULTIP.,1215,123.6,8.01535E+12,12
157218600,DMI 2 MAND.TRIP.SCRO CAT PIAN PER MULTIP.,1215,115.35,8.01535E+12,12
15721860A,DMI 2 MAND TRIP SCRO CAT PIAN PER MULTIP,1215,115.35,8.01535E+12,12
157218610,DMI 2 MAND.TRIP.SCRO CAT PIAN PER MULTIP.,1215,123.6,8.01535E+12,12
157219500,DMI 2 MAND.TRIP.RULL CAT PIAN PER MULTIP.,1215,129.66,8.01535E+12,1
157219610,DMI 2 MAND.TRIP.RULL CAT PIAN PER MULTIP.,1215,129.66,8.01535E+12,
157220400,DMI 2 MAND.S/SCROCCO,1215,81.28,8.01535E+12,12
15722040A,DMI 2 MAND S SCROCCO,1215,81.28,8.01535E+12,12
157220450,DMI 2 MAND.S/SCROCCO,1215,81.28,8.01535E+12,12
1572204500000C5,DMI 2 MAND.S/SCROCCO - CON 5 CHIAVI IN DOTAZ. TAZ.,1215,108.46,8.01535E+12,12
15722045028,DMI 2 MAND.S/SCR.OTTONATA,1215,81.28,8.01535E+12,1
15722045A,DMI 2 MAND S SCROCCO,1215,81.28,8.01535E+12,12
15722045A28,DMI 2 MAND S SCR OTTONATA,1215,81.28,8.01535E+12,12
157220500,DMI 2 MAND.S/SCROCCO,1215,81.28,8.01535E+12,12
1572205000000KA,DMI 2 MAND.S/SCROCCO - KA,1215,81.28,0,12
15722050000PSC5,DMI S/SCROC. C/06144.15-06144.50 X UCRAINA NK,1215,108.88,8.01535E+12,12
15722050A,DMI 2 MAND S SCROCCO,1215,81.28,8.01535E+12,12
157220600,DMI 2 MAND.S/SCROCCO,1215,81.28,8.01535E+12,12
1572206000000C5,DMI 2 MAND.S/SCROCCO - CON 5 CHIAVI IN DOTAZ.,1215,108.46,8.01535E+12,12
15722060A,DMI 2 MAND S SCROCCO,1215,81.28,8.01535E+12,12
157223400,DMI 2M.S/SCROCCO ZINCATA,1218,47.41,8.01535E+12,12
15722340A,DMI 2M S SCROCCO ZINCATA,1218,37.93,8.01535E+12,12
15722340A0000KA,DMI 2M S SCROCCO ZINCATA   KA,1218,53.47,0,12
157223420,DMI 2M S/SCROCCO ZINCATA,1218,47.41,8.01535E+12,12
1572234200000KA,DMI 2M S/SCROCCO ZINCATA - KA,1218,47.41,8.01535E+12,12
157223450,DMI 2M.S/SCROCCO ZINCATA,1218,47.41,8.01535E+12,12
1572234500000KA,DMI 2M.S/SCROCCO ZINCATA - KA,1218,47.41,0,12
15722345A,DMI 2M S SCROCCO ZINCATA,1218,37.93,8.01535E+12,12
15722345A0000KA,DMI 2M S SCROCCO ZINCATA   KA,1218,53.47,0,12
157223500,DMI 2M.S/SCROCCO ZINCATA,1218,47.41,8.01535E+12,12
15722350A,DMI 2M S SCROCCO ZINCATA,1218,37.93,8.01535E+12,12
15722350A0000KA,DMI 2M S SCROCCO ZINCATA   KA,1218,53.47,0,12
157223520,DMI 2M S/SCROCCO ZINCATA,1218,47.41,8.01535E+12,12
1572235200000KA,DMI 2M S/SCROCCO ZINCATA - KA,1218,47.41,8.01535E+12,12
157223600,DMI 2M.S/SCROCCO ZINCATA,1218,47.41,8.01535E+12,12
15722360A,DMI 2M S SCROCCO ZINCATA,1218,37.93,8.01535E+12,12
15722360A0000KA,DMI 2M S SCROCCO ZINCATA   KA,1218,53.47,0,12
157223620,DMI 2M S/SCROCCO ZINCATA,1218,47.41,8.01535E+12,12
1572236200000KA,DMI 2M S/SCROCCO ZINCATA - KA,1218,47.41,8.01535E+12,12
157225450,DMI 2MAND.S/SCR.TRIPLICE,1215,117.52,8.01535E+12,12
15722545A,DMI 2MAND S SCR TRIPLICE,1215,117.52,8.01535E+12,12
157225500,DMI 2MAND.S/SCR.TRIPLICE,1215,117.52,8.01535E+12,12
15722550A,DMI 2MAND S SCR TRIPLICE,1215,117.52,8.01535E+12,12
157225600,DMI 2 MAND.S/SCR.TRIPLICE,1215,117.52,8.01535E+12,12
1572256000000KA,DMI 2 MAND.S/SCR.TRIPLICE - KA,1215,117.52,0,12
15722560A,DMI 2 MAND S SCR TRIPLICE,1215,117.52,8.01535E+12,12
157226450,DMI 2M.S/SCR.TRIPL.ZINC.,1218,60.09,8.01535E+12,12
15722645A,DMI 2M S SCR TRIPL ZINC,1218,48.07,8.01535E+12,12
15722645A0000KA,DMI 2M S SCR TRIPL ZINC    KA,1218,63.61,0,12
157226470,DMI 2M S/SCR.TRIPL.ZINC.,1218,60.09,8.01535E+12,12
1572264700000KA,DMI 2M S/SCR.TRIPL.ZINC. - KA,1218,60.09,8.01535E+12,12
157226500,DMI 2M.S/SCR.TRIPL.ZINC.,1218,60.09,8.01535E+12,12
15722650A,DMI 2M S SCR TRIPL ZINC,1218,48.07,8.01535E+12,12
15722650A0000KA,DMI 2M S SCR TRIPL ZINC    KA,1218,63.61,0,12
157226520,DMI 2M.S/SCR.TRIPL.ZINC.,1218,60.09,8.01535E+12,12
1572265200000KA,DMI 2M.S/SCR.TRIPL.ZINC. - KA,1218,60.09,8.01535E+12,12
157226600,DMI 2M.S/SCR.TRIPL.ZINC.,1218,60.09,8.01535E+12,12
15722660A,DMI 2M S SCR TRIPL ZINC,1218,48.07,8.01535E+12,12
15722660A0000KA,DMI 2M S SCR TRIPL ZINC    KA,1218,63.61,0,12
157226620,DMI 2M.S/SCR.TRIPL.ZINC.,1218,60.09,8.01535E+12,12
1572266200000KA,DMI 2M.S/SCR.TRIPL.ZINC. - KA,1218,60.09,8.01535E+12,12
157230450,DMI 2 MAND.S/SCR.DUPLICE,1215,174.19,8.01535E+12,12
15723045A,DMI 2 MAND S SCR DUPLICE,1215,174.19,8.01535E+12,12
157230460,DMI 2MAND.S/SCR.DUPLICE,1215,182.44,8.01535E+12,12
157230500,DMI 2 MAND.S/SCR.DUPLICE,1215,174.19,8.01535E+12,12
15723050A,DMI 2 MAND S SCR DUPLICE,1215,174.19,8.01535E+12,12
157230510,DMI 2MAND.S/SCR.DUPLICE,1215,182.44,8.01535E+12,12
157230600,DMI 2 MAND.S/SCR.DUPLICE,1215,174.19,8.01535E+12,12
15723060A,DMI 2 MAND S SCR DUPLICE,1215,174.19,8.01535E+12,12
157230610,DMI 2MAND.S/SCR.DUPLICE,1215,182.44,8.01535E+12,12
1.57232E+12,SERR. DM. X TUTOR SE,1216,534.23,8.01535E+12,
157234450,DMI 2 MAND.CAT SAG ALUZINC,1215,86.89,8.01535E+12,1
1572344500000C5,DMI 2 MAND.CAT SAG ALUZINC,1215,114.31,8.01535E+12,12
15723445012,DMI 2 MAND.CAT SAG ALUZINC IN FIN.12,1215,97.98,8.01535E+12,1
1572344501200C5,DMI 2 MAND.CAT SAG ALUZINC IN FIN.12 5 CHIAVI,1215,125.41,8.01535E+12,12
15723445A,DMI 2 MAND CAT SAG ALUZINC,1215,86.89,8.01535E+12,12
15723445A12,DMI 2 MAND CAT SAG ALUZINC IN FIN 12,1215,97.98,8.01535E+12,12
157250600,D.M.I. CON SCROCCO,1211,118.22,8.01535E+12,5
15725060028,SERR.DMI C/SCR.OTTONATA,1211,123.8,8.01535E+12,1
15725060A,D M I  CON SCROCCO,1211,118.22,8.01535E+12,6
157250610,SER.DMI CON CHIAVI 00102,1211,126.48,8.01535E+12,5
157255600,D.M.I.CON SCROCCO RINVII,1211,155.15,8.01535E+12,5
1572556000000KA,D.M.I.CON SCROCCO RINVII - KA,1211,155.15,0,5
15725560A,D M I CON SCROCCO RINVII,1211,155.15,8.01535E+12,6
157255610,SER.DMI CON CHIAVI 00102,1211,163.42,8.01535E+12,5
157256600,DMI SCROCCO TESTATA ARR.,1211,148.73,8.01535E+12,5
15725660A,DMI SCROCCO TESTATA ARR,1211,148.73,8.01535E+12,6
157260600,DMI CON SCROCCO,1211,155.4,8.01535E+12,5
15726060A,DMI CON SCROCCO,1211,155.4,8.01535E+12,6
157260610,DMI CON SCROCCO,1211,163.65,8.01535E+12,5
157265600,DMI CON SCROCCO,1211,199.16,8.01535E+12,5
15726560A,DMI CON SCROCCO,1211,199.16,8.01535E+12,6
157265610,DMI CON SCROCCO,1211,207.42,8.01535E+12,5
157291450,DM 2M C/SCR.CAT.SAGOMATI,2230,171.5,8.01535E+12,5
1572914500000C5,DM 2M C/SCR.CAT.SAGOMATI,2230,200.22,8.01535E+12,5
15729145012,DM 2M C/SCR.CAT.SAGOMATI FIN.12,2230,171.5,8.01535E+12,5
1572914501200C5,DM 2M C/SCR.CAT.SAGOMATI,2230,200.22,8.01535E+12,5
15729145A,DM 2M C SCR CAT SAGOMATI,2230,171.5,8.01535E+12,6
157291500,DM 2M C/SCR.CAT.SAGOMATI,2230,171.5,8.01535E+12,5
1572915000000C5,DM 2M C/SCR.CAT.SAGOMATI,2230,200.21,8.01535E+12,1
15729150012,DM 2M C/SCR.CAT.SAGOMATI NICH.,2230,183.25,8.01535E+12,1
15729150A,DM 2M C SCR CAT SAGOMATI,2230,171.5,8.01535E+12,6
157291600,DM 2M C/SCR.CAT.SAGOMATI,2230,171.5,8.01535E+12,5
15729160A,DM 2M C SCR CAT SAGOMATI,2230,171.5,8.01535E+12,6
157296450,DM 2M C/SCR.TRIP.CAT.SAG.,2230,216.33,8.01535E+12,5
15729645A,DM 2M C SCR TRIP CAT SAG,2230,216.33,8.01535E+12,6
157296500,DM 2M C/SCR.TRIP.CAT.SAG.,2230,216.33,8.01535E+12,5
15729650A,DM 2M C SCR TRIP CAT SAG,2230,216.33,8.01535E+12,6
157296510,DM 2M C/SCR.TRIP.CAT.SAG.,2230,225.06,8.01535E+12,5
157296600,DM 2M C/SCR.TRIP.CAT.SAG.,2230,216.33,8.01535E+12,5
15729660A,DM 2M C SCR TRIP CAT SAG,2230,216.33,8.01535E+12,6
157296610,DM 2M C/SCR.TRIP.CAT.SAG.,2230,225.06,8.01535E+12,5
157298450,DM 2M C/SCR.TRIP.CAT.SAGPER MULTIP.,2230,146.59,8.01535E+12,5
157298460,DM 2M C/SCR.TRIP.CAT.SAGPER MULTIP.,2230,155.29,8.01535E+12,5
157298500,DM 2M C/SCR.TRIP.CAT.SAGPER MULTIP.,2230,146.59,8.01535E+12,5
157298510,DM 2M C/SCR.TRIP.CAT.SAGPER MULTIP.,2230,155.29,8.01535E+12,5
157298600,DM 2M C/SCR.TRIP.CAT.SAGPER MULTIP.,2230,146.59,8.01535E+12,5
157298610,DM 2M C/SCR.TRIP.CAT.SAGPER MULTIP.,2230,155.29,8.01535E+12,5
157312730,DMI FASCIA SCROC.S/ACCES.,1222,109.29,8.01535E+12,12
1573127300000KA,DMI FASCIA SCROC.S/ACCES. - KA,1222,109.29,0,12
15731273A,DMI FASCIA SCROC S ACCES,1222,109.29,8.01535E+12,12
15731273A0000KA,DMI FASCIA SCROC S ACCES    KA,1222,124.84,0,12
157313720,DMIF MECC.VERSIONE FERRO,1225,79.31,8.01535E+12,12
1573137200000KA,DMIF MECC.VERSIONE FERRO,1225,79.31,8.01535E+12,12
157313730,DMIF MECC.VERSIONE FERRO,1225,79.31,8.01535E+12,12
1573137300000KA,DMIF MECC.VERSIONE FERRO - KA,1225,79.31,0,12
15731373A,DMIF MECC VERSIONE FERRO,1225,71.38,8.01535E+12,12
15731373A0000KA,DMIF MECC VERSIONE FERRO   KA,1225,86.92,0,12
157317710,DMI PROF.METAL.SCR.CAT.CHIAVE 00102,1222,123.97,8.01535E+12,12
157317730,DMI FASCIA SCROC.S/ACCES.,1222,115.8,8.01535E+12,12
1573177300000KA,DMI FASCIA SCROC.S/ACCES. - KA,1222,115.8,0,12
15731773A,DMI FASCIA SCROC S ACCES,1222,115.8,8.01535E+12,12
15731773A0000KA,DMI FASCIA SCROC S ACCES    KA,1222,131.35,0,12
157318720,DMIF MECC.VERSIONE FERRO,1225,88.52,8.01535E+12,12
1573187200000KA,DMIF MECC.VERSIONE FERRO,1225,88.52,8.01535E+12,12
157318730,DMIF MECC.VERSIONE FERRO,1225,88.52,8.01535E+12,12
15731873A,DMIF MECC VERSIONE FERRO,1225,79.67,8.01535E+12,12
15731873A0000KA,DMIF MECC VERSIONE FERRO   KA,1225,95.21,0,12
157320730,DMI FASCIA RULLO S/ACCES.,1222,109.29,8.01535E+12,12
15732073A,DMI FASCIA RULLO S ACCES,1222,109.29,8.01535E+12,12
15732073A0000KA,DMI FASCIA RULLO S ACCES    KA,1222,124.84,8.01535E+12,12
157325730,DMI FASCIA RULLO S/ACCES.,1222,115.8,8.01535E+12,12
15732573A,DMI FASCIA RULLO S ACCES,1222,115.8,8.01535E+12,12
15732573A0000KA,DMI FASCIA RULLO S ACCES    KA,1222,131.35,0,12
157335730,DMI FASCIA CATEN.S/ACCES.,1222,115.8,8.01535E+12,12
157336700,DMIF SOLO CATEN.S/ACCESS.,1225,88.52,8.01535E+12,12
157352100,DMI FASCIA SCROC.S/ACCES.,1222,109.29,8.01535E+12,12
15735210A,DMI FASCIA SCROC S ACCES,1222,109.29,8.01535E+12,12
157352900,DMI FASCIA SCROC.S/ACCES.,1222,109.29,8.01535E+12,12
1573529000000KA,DMI FASCIA SCROC.S/ACCES. - KA,1222,109.29,0,12
15735290A,DMI FASCIA SCROC S ACCES,1222,109.29,8.01535E+12,12
15735290A0000KA,DMI FASCIA SCROC S ACCES    KA,1222,124.84,0,12
157353900,DMIF MECC.VERSIONE FERRO,1225,79.31,8.01535E+12,12
15735390A,DMIF MECC VERSIONE FERRO,1225,71.38,8.01535E+12,12
15735390A0000KA,DMIF MECC VERSIONE FERRO   KA,1225,86.92,0,12
157357100,DMI FASCIA SCROC.S/ACCES.,1222,115.8,8.01535E+12,12
15735710A,DMI FASCIA SCROC S ACCES,1222,115.8,8.01535E+12,12
15735710A0000KA,DMI FASCIA SCROC S ACCES    KA,1222,131.35,0,12
157357110,DMI PROF.METAL.SCR.CAT.CHIAVE 00102,1222,123.97,8.01535E+12,12
157357900,DMI FASCIA SCROC.S/ACCES.,1222,115.8,8.01535E+12,12
1573579000000KA,DMI FASCIA SCROC.S/ACCES. - KA,1222,115.8,0,12
15735790A,DMI FASCIA SCROC S ACCES,1222,115.8,8.01535E+12,12
15735790A0000KA,DMI FASCIA SCROC S ACCES    KA,1222,131.35,0,12
157357910,DMI PROF.METAL.SCR.CAT.CHIAVE 00102,1222,123.97,8.01535E+12,12
157358900,DMIF MECC.VERSIONE FERRO,1225,88.52,8.01535E+12,12
15735890A,DMIF MECC VERSIONE FERRO,1225,79.67,8.01535E+12,12
15735890A0000KA,DMIF MECC VERSIONE FERRO   KA,1225,95.21,0,12
157358920,DMIF MECC.VERSIONE FERRO-KA CON 1 CHIAVE,1225,88.52,8.01535E+12,12
157360100,DMI FASCIA RULLO S/ACCES.,1222,109.29,8.01535E+12,12
15736010A,DMI FASCIA RULLO S ACCES,1222,109.29,8.01535E+12,12
157360900,DMI FASCIA RULLO S/ACCES.,1222,109.29,8.01535E+12,12
15736090A,DMI FASCIA RULLO S ACCES,1222,109.29,8.01535E+12,12
157365100,DMI FASCIA RULLO S/ACCES.,1222,115.8,8.01535E+12,12
15736510A,DMI FASCIA RULLO S ACCES,1222,115.8,8.01535E+12,12
157365110,DMI  RULLO CAT.CHIAVE 102,1222,123.97,8.01535E+12,12
157365900,DMI FASCIA RULLO S/ACCES.,1222,115.8,8.01535E+12,12
15736590A,DMI FASCIA RULLO S ACCES,1222,115.8,8.01535E+12,12
15736590A0000KA,DMI FASCIA RULLO S ACCES    KA,1222,131.35,0,12
157365910,DMI FASCIA RULLO S/ACCES.,1222,123.97,8.01535E+12,12
157370100,DMI FASCIA CATEN.S/ACCES.,1222,115.88,8.01535E+12,12
157370900,DMI FASCIA CATEN.S/ACCES.,1222,115.88,8.01535E+12,12
157375100,DMI FASCIA CATEN.S/ACCES.,1222,122.76,8.01535E+12,12
157375900,DMI FASCIA CATEN.S/ACCES.,1222,122.76,8.01535E+12,12
157409301,SERR.DMI X CASSEFORTI,795,62.89,8.01535E+12,1
157410301,SERR.DMI X CASSEFORTI,2199,55.41,8.01535E+12,1
157410351,SERR.DMIXCASSEFORTI,2199,55.41,8.01535E+12,1
157411301,SERR.DMI X CASSEFORTI,795,68.3,8.01535E+12,1
157411311,SERR.DMI X CASSEFORTI 1 STELLA,795,63.62,8.01535E+12,1
157415301,SERR.DMI X CASSEFORTI,2199,61.6,8.01535E+12,1
15741530100LM,SERR.DMI X CASSEFORTI (CHI/SERRAT. COD. CIFRAURA),2199,65.49,8.01535E+12,1
15741530100LMKA,SERR.DMI X CASSEFORTI (CHI/SERRAT. COD.CIFRTURA)KA,2199,81.46,8.01535E+12,1
157415351,SERR.DMIXCASSEFORTI,2199,61.6,8.01535E+12,1
1.57415E+12,SERR.DMIXCASSEFORTI,795,58.33,8.01535E+12,1
157415352,SERR.DMIXCASSEFORTI,2199,61.6,8.01535E+12,1
157416301,SERR.DMI X CASSEFORTI,795,74.89,8.01535E+12,1
157416311,SERR.DMI X CASSEFORTI 1 STELLA,795,64.36,8.01535E+12,1
157424301,SERR.DMI X CASSEFORTI,795,66.11,8.01535E+12,1
1.57427E+12,Ser. Blind  Doppia Mappa,2209,41.2,8.01535E+12,10
157429301,SERR.DMI X CASSEFORTI,795,56.25,8.01535E+12,1
157505280,DMA X PORTE BLINDATE,2207,167.47,8.01535E+12,1
15750528000FQ,DMA X PORTE BLINDATE,2207,164.17,8.01535E+12,1
15750528000ZC,DMA X PORTE BLINDATE  CON CH 00122,2207,172.36,8.01535E+12,1
157505320,DMA X PORTE BLINDATE,2207,167.47,8.01535E+12,1
157505380,DMA X PORTE BLINDATE,2207,167.47,8.01535E+12,1
1575054800000C5,DMPB APPL.CONF.INDUSTR. - CON 5 CHIAVI IN DOTAZ. .,2207,203.48,8.01535E+12,5
15750548000CX,DMA X PORTE BLINDATE Z110,2207,164.17,8.01535E+12,5
15750548000LX,DMA X PORTE BLINDATE Z110,2207,164.17,8.01535E+12,5
15750548000ZCC5,DMA X PORTE BLINDATE,2207,203.48,8.01535E+12,5
157506280,DMA X PORTE BLINDATE,2207,186.74,8.01535E+12,1
15750648000FQ,DMA X PORTE BLIND. (SENZA CAT.INTERM.),2207,183.97,8.01535E+12,5
157515250,DMA X PORTE BLINDATE,2207,190.65,8.01535E+12,1
15751525000CD,DMA X PB DIGIEMME,2207,168.29,8.01535E+12,1
157515270,DMA X PORTE BLINDATE,2207,190.65,8.01535E+12,1
15751527000EC,DMA X PORTE BLINDATE,2207,182.66,8.01535E+12,1
15751527000HS,DMA X PORTE BLINDATE  CAT=33MM,2207,191.36,8.01535E+12,1
157515280,DMPB 6 NOTTOLINI,2207,190.65,8.01535E+12,1
15751528000DH,DMA X PORTE BLINDATE,2207,182.66,8.01535E+12,1
15751528000ZC,DMA X PORTE BLINDATE CONCHIAVI CORTE,2207,190.65,8.01535E+12,1
15751528000ZCC5,DMA X PORTE BLINDATE,2207,227.05,8.01535E+12,1
157515320,DMA X PORTE BLINDATE,2207,190.65,8.01535E+12,1
157515380,DMA X PORTE BLINDATE,2207,190.65,8.01535E+12,1
15751538000CA,DMA X PB BLINFORT,2207,175.16,8.01535E+12,1
15751538000DH,DMA X P.BLIND.,2207,182.66,8.01535E+12,1
157515480,DMPB APPL.CONF.INDUSTR.,2207,182.66,8.01535E+12,5
1575154800000C5,DMPB APPL.CONF.INDUSTR. - CON 5 CHIAVI IN DOTAZ. .,2207,219.11,8.01535E+12,5
15751548000CX,DMPB APPL.CONF.INDUSTR. Z110,2207,182.66,8.01535E+12,5
15751548000FL,DMPB APPL.CONF.INDUSTR. X MASTER C/BORCHIA TONDA,2207,192.29,8.01535E+12,5
15751548000HR,DMPB APPL.CONF.INDUSTR. ANTIPIKING,2207,190.3,8.01535E+12,5
15751548000LX,DM APPLICARE PER PORTE BLIND.X Z110,2207,182.66,8.01535E+12,5
15751548000PQ,DMPB APPL.CONF.INDUSTR.(ECON. VIGHI),2207,182.66,8.01535E+12,5
15751548000ZC,DMPB APPL.CONF.INDUSTR. CON CHIAVE 00122,2207,182.66,8.01535E+12,5
15751548000ZCC5,DMPB APPL.CONF.INDUSTR. CON CHIAVE 00122,2207,219.11,8.01535E+12,5
15751558000HM,DMPB APPL.CONF.INDUSTR.,2207,156.07,8.01535E+12,5
15751558000ZC,DMA X PORTE BLINDATE,2207,182.66,8.01535E+12,5
157515680,DMPB APL.CONF.I.CH.CANT.,2207,188.14,8.01535E+12,5
15751568000CK,DMPB APPL.CON.I.CH.CANT. Z110,2207,188.14,8.01535E+12,5
15751568000LK,DMPB APL.CON.I.CH.CANT. Z110,2207,188.14,8.01535E+12,5
15751568000PNC5,DMPB APL.CONF.I.CH.CANT. (CHI/COIRTE SENZA BORCHIE,2207,208.13,8.01535E+12,5
15751568000SM,DMPB APPL.CON.I.CH.CANT. Z110 CON ANTIPICKING,2207,195.75,8.01535E+12,5
15751568000SP,DMPB APL.CON.I.CH.CANT. Z110 CON ANTIPICKING,2207,195.75,8.01535E+12,5
15751568000ZC,DMPB APL.CONF.I.CH.CANT. CON CHIAVI 00122,2207,188.14,8.01535E+12,5
157516280,DMA X PORTE BLINDATE,2207,216.35,8.01535E+12,1
15751628000ZC,DMA X PORTE BLINDATE CH 00122,2207,216.35,8.01535E+12,1
157516380,DMA X PORTE BLINDATE,2207,216.35,8.01535E+12,1
15751638000CA,DMA X PORTE BL.Z.125,2207,208.1,8.01535E+12,1
157516480,DMPB APPL.CONF.INDUSTR. CON CH. DI SERVIZIO,2207,208.1,8.01535E+12,5
15751648000CG,DMPB APPL.CONF.INDUSTR. CON CH. DI SERVIZIO,2207,186.16,8.01535E+12,
15751658000BL,DMA X PORTE BLINDATE CONF. IND.,2207,192.36,8.01535E+12,5
15751658000PG,DMPB APPL.CONF.INDUSTR. CON CH/SERVIZIO PER ALIAS,2207,208.1,8.01535E+12,5
15751658000QT,DMPB APPL.CONF.IND. CON CH/SERVIZIO X ALIAS NO AP,2207,208.1,8.01535E+12,5
157517280,DMPB CATENACCI SPORGENTI,2207,201.84,8.01535E+12,1
157517380,DMPB CATENACCI SPORGENTI,2207,201.84,8.01535E+12,1
157525280,DMI X PORTE BLINDATE,2217,184.74,8.01535E+12,1
1575254800000C5,DMI X PORTE BLIND. CONF. INDUSTR. CON 5 CHIAVI,2217,221.4,8.01535E+12,5
15752548000VGC5,DMI X P.BLIND.CONF.IND.+BORC 06144.15+06144.50.118,2217,152.19,8.01535E+12,5
15752548000ZLC5,DMI X PORTE BLIN.CON CH 00123 IN CONF.INDUSTR.,2217,198.93,8.01535E+12,5
157526280,DMI X PORTE BLINDATE,2217,204.17,8.01535E+12,1
157535280,DMI X PORTE BLINDATE,2217,208.08,8.01535E+12,1
15753528000CV,DMI PER PORTE BLINDATE,2217,208.08,8.01535E+12,1
157535480,DMPB INF.CONF.INDUSTR.,2217,200.03,8.01535E+12,5
1575354800000C5,DMPB INF.CONF.INDUSTR.CON 5 CHIAVI,2217,236.55,8.01535E+12,5
15753548000VGC5,DMI X P.BLIND.CONF.IND.+BORC 06144.15+06144.50.118,2217,161.07,8.01535E+12,5
15753548000ZL,DMPB INF.CONF.INDUSTR. CH/LUNGHE,2217,200.03,8.01535E+12,5
15753548000ZLC5,DMPB INF.CONF.INDUSTR.5 CHIAVI LUNGHE,2217,244.61,8.01535E+12,5
157535680,DMPB INF.CONF.I.CH.CANT.,2217,205.44,8.01535E+12,5
157535880,SERR.DMPB C/CHIAVE CANT.,2217,213.39,8.01535E+12,1
15753588000HR,SERR.DMPB C/CHIAVE CANT.PICKING RES.,2217,221.06,8.01535E+12,1
157536280,DMI X PORTE BLINDATE,2217,227.66,8.01535E+12,1
1575362800000C5,DMI X PORTE BLINDATE CON 5 CHIAVI,2217,279.53,8.01535E+12,1
15753628000ZL,DMI X PORTE BLINDATE CON CHIAVI LUNGHE,2217,234.35,8.01535E+12,1
15765528A,DM.RICIF.APPL.PB C/CANT.,2211,219.24,8.01535E+12,1
15765528A00ZC,DM.RICIF.APPL.PB C/CANT. CON CH/CORTE,2211,225.67,8.01535E+12,1
15765532A,DM.RICIF.APPL.PB C/CANT.,2211,225.67,8.01535E+12,1
15765538A,DM.RICIF.APPL.PB C/CANT.,2211,225.67,8.01535E+12,1
15765548A,DM.RICIF.APPL.PB C/CANT. IN CONF.INDUSTRIALE,2211,217.46,8.01535E+12,5
15765548A0000C5,DM.RICIF.APPL.PB C/CANT. IN CONF.INDUSTRIALE,2211,239.42,8.01535E+12,5
15765548A00ZC,DM.RICIF.APPL.PB C/CANT.CON 06520001 AL POSTO DOT,2211,217.46,8.01535E+12,5
15765548A00ZCC5,DM.RICIF.APPL.PB C/CANT.CONF/IND.N°5CH/CORTE,2211,240.24,8.01535E+12,5
15765558A,DM.RICIF.APPL.PB C/CANT. IN CONF.INDUSTRIALE,2211,217.46,8.01535E+12,5
15766525A,DM.RICIF.APPL.PB C/CANT.,2211,242.45,8.01535E+12,1
15766527A00HS,DM.RICIF.APPL.TRIP.CON SCROCCO (CAT=33MM),2211,242.45,8.01535E+12,1
15766528A,DM.RICIF.APPL.PB C/CANT.,2211,242.45,8.01535E+12,1
15766528A0000C5,DM.RICIF.APPL.PB C/CANT. CON 5 CHIAVI,2211,264.33,8.01535E+12,1
15766528A00TH,DM.RICIF.APPL.PB C/CANT.IT VIGHI,2211,242.45,8.01535E+12,1
15766528A00ZC,DM.RICIF.APPL.PB C/CANT. CON CH/CORTE,2211,242.45,8.01535E+12,1
15766538A,DM.RICIF.APPL.PB C/CANT.,2211,242.45,8.01535E+12,1
15766538A00TG,DM.RICIF.APPL.PB C/CANT.IT ALIAS,2211,242.45,8.01535E+12,1
15766545A00CD,"DOPPIA MAPPA RICIFR. X ""DIGIEMME""",2211,220.14,8.01535E+12,5
15766547A00BZ,"DOPPIA MAPPA RICIFR. X ""FBS""",2211,220.14,8.01535E+12,5
15766548000ZC,DM.RICIF.APPL.PB C/CANT.CONF/IND. CH/CORTE NO ANTI,2211,168.2,8.01535E+12,5
157665480L5ZCC5,DM.RICIF.APPL.PB C/CANT. CONF/IND. N°5 CH/CORTE G2,2211,256.42,8.01535E+12,5
15766548A,DM.RICIF.APPL.PB C/CANT. IN CONF.INDUSTRIALE,2211,234.49,8.01535E+12,5
15766548A0000C5,DM.RICIF.APPL.PB C/CANT. IN CONF.IND. 5 CHIAVI,2211,234.23,8.01535E+12,5
15766548A00BR,DM.RICIF.APPL.PB C/CANT. CONF.IND. X MADINELLI,2211,231.6,8.01535E+12,5
15766548A00CG,"SERR. RICIFR. SENZA BORCHIE, CON CHIAVI 00162",2211,220.14,8.01535E+12,5
15766548A00CX,DOPPIA MAPPA RICIFR. X ZONA 110 CH. CORTA,2211,220.14,8.01535E+12,5
15766548A00DH,DM.RICIF.APPL.PB C/CANT. IN CONF.INDUSTRIALE,2211,234.49,8.01535E+12,5
15766548A00EC,DM.RIC. KA IT. SPORG.33MM SENZA CH/CANT.,2211,220.14,8.01535E+12,5
15766548A00FL,DM.RICIF.APPL.PB KA/CANT MASTER CON BORCHIA TONDA,2211,238.14,8.01535E+12,5
15766548A00GH,DM.RICIF.APPL.PB C/CANT. IN CONF.IND GLODEN DOOR,2211,156.15,8.01535E+12,5
15766548A00GZ,DM.RICIF.APPL.PB KA/CANT MASTER CON BORCHIA TONDA,2211,238.14,8.01535E+12,5
15766548A00LX,DOPPIA MAPPA RICIFR. X ZONA 110 CH. LUNGA,2211,220.14,8.01535E+12,5
15766548A00MF,DM.RICIF.APPL.PB  PRE DITTA STARK,2211,220.14,8.01535E+12,5
15766548A00NU,DM.RICIF.APPL.PB C/CANT. IN CONF.INDUSTRIALE,2211,227.75,8.01535E+12,5
15766548A00PR,DM.RICIF.APPL.PB C/CANT. CONF.IND. X UNGHERIA,2211,159.55,8.01535E+12,5
15766548A00PRC5,DM.RICIF.APPL.PB C/CANT. CONF.IND. X UNGHERIA,2211,167.83,8.01535E+12,5
15766548A00ZC,DM.RICIF.APPL.PB C/CANT.CONF/IND. CH/CORTE,2211,234.49,8.01535E+12,5
15766548A00ZCC5,DM.RICIF.APPL.PB C/CANT. CONF/IND. N°5 CH/CORTE,2211,256.42,8.01535E+12,5
15766548A12ZC,DM.RICIF.APPL.PB C/CANT. IN CONF.INDUSTRIALE,2211,234.49,8.01535E+12,5
15766558A,DM.RICIF.APPL.PB C/CANT. IN CONF.INDUSTRIALE,2211,234.49,8.01535E+12,5
15766558A00CA,"SERR. RICIFR. SENZA BORCHIE, CON CHIAVI 00162",2211,220.14,8.01535E+12,5
15766558A00CAC5,"SERR. RICIFR. SENZA BORCHIE, CON 5 CHI. 00162",2211,242.17,8.01535E+12,5
15766558A00DH,"DOPPIA MAPPA RICIFR. X ""CERIN""",2211,234.49,8.01535E+12,5
15766558A00HF,DM.RICIF.APPL.PB C/CANT. - ALIAS A2P*,2211,238.63,8.01535E+12,5
15766558A00HFC5,DM.RICIF.APPL.PB C/CANT. - ALIAS A2P* 5CH.,2211,278.46,8.01535E+12,5
15766558A00HG,DM.RICIF.APPL.PB C/CANT. - ALIAS A2P**,2211,257.93,8.01535E+12,5
15766558A00NF,DM.RICIF.APPL.PB C/CANT. IN CONF.IND. (GREG),2211,234.49,8.01535E+12,5
15766558A00PG,DM.RICIF.APPL.PB C/CANT. IN CONF.IND. PER ALIAS,2211,234.49,8.01535E+12,5
15766558A00ZC,DM.RICIF.APPL.PB C/CANT.CONF.IND. CH/CORTE,2211,234.49,8.01535E+12,5
15766558A00ZCC5,DM.RICIF.APPL.PB C/CANT.CONF.IND. CH/CORTE 5 CH,2211,256.51,8.01535E+12,5
15767528A,DM.RICIF.INF.PB C/CANT.,2212,236.58,8.01535E+12,1
15767528A0000C5,DM.RICIF.INF.PB C/CANT. CON 5 CHIAVI,2212,258.51,8.01535E+12,1
157675480L5VGC5,DM.RICIF.INF.PB C/CANT. CON 5 CHIAVI G2,2212,216.9,8.01535E+12,5
15767548A,DM.RICIF.INF.PB C/CANT.,2212,228.61,8.01535E+12,5
15767548A0000C5,DM.RICIF.INF.PB C/CANT. CON 5 CHIAVI,2212,250.58,8.01535E+12,5
15767548A00CGC5,DM.RICIF.INF.PB C/CANT. CON 5 CHIAVI SENZA BORCHIE,2212,236.2,8.01535E+12,1
15767548A00VGC5,DM.RICIF.INF.PB C/CANT+06144.15.0+06144.50.1.18,2212,262.37,8.01535E+12,5
15768528A,DM.RICIF.INF.PB C/CANT.,2212,259.85,8.01535E+12,1
15768528A0000C5,DM.RICIF.INF.PB C/CANT. CON 5 CHIAVI,2212,281.86,8.01535E+12,1
157685480L5VGC5,DM.RICIF.INF.PB C/CANT. G2,2212,169.29,8.01535E+12,5
15768548A,DM.RICIF.INF.PB C/CANT.,2212,251.99,8.01535E+12,5
15768548A0000C5,DM.RICIF.INF.PB C/CANT.CON 5 CHIAVI,2212,273.9,8.01535E+12,5
15768548A00CGC5,DM.RICIF.INF.PB C/CANT.CON 5 CHIAVI SENZA BORCHIE,2212,259.53,8.01535E+12,1
15768548A00VGC5,DM.RICIF.INF.PB C/CANT.,2212,287.02,8.01535E+12,5
15768548A00ZLC5,DM.RICIF.INF.PB C/CANT.CON 5 CHIAVI LUNGHE,2212,273.9,8.01535E+12,5
157765280,DOPPIA TOPPA DM+CIL.APPLICARE,2191,257.11,8.01535E+12,1
157765480,DOPPIA TOPPA DM+CIL.APPLICARE,2191,249.02,8.01535E+12,5
157766280,DOPPIA TOPPA DM+CIL.APPLICARE,2191,254.13,8.01535E+12,1
157766380,DOPPIA TOPPA DM+CIL.APPLICARE,2191,254.13,8.01535E+12,1
157766480,DOPPIA TOPPA DM+CIL.APPLICARE,2191,245.99,8.01535E+12,5
15776658000PG,DOPPIA TOPPA DM+CIL.APPLICARE  PER ALIAS CH/SERV,2191,265.94,8.01535E+12,5
1577852800000C5,DOPPIA TOPPA DM+CIL.INFILARE CON 5 CHIAVI,2191,313.79,8.01535E+12,
1577864800000C5,DOPPIA TOPPA DM+CIL.INFILARE CON 5 CHIAVI,2191,306,8.01535E+12,5
157787480,DOPPIA TOPPA DM+CIL.INFILARE CON LIMITATORE,2191,273.62,8.01535E+12,5
157788480,DOPPIA TOPPA DM+CIL.INFILARE CON LIMITATORE,2191,282.88,8.01535E+12,5
157831450,MULT.TO DM TEST.TUB.CAT.P,2218,293.09,8.01535E+12,2
15783145A,MULT TO DM TEST TUB CAT P,2218,293.09,8.01535E+12,2
157831460,MULT.TO DM TEST.TUB.CAT.P,2218,301.81,8.01535E+12,2
157831500,MULT.TO DM TEST.TUB.CAT.P,2218,293.09,8.01535E+12,2
15783150A,MULT TO DM TEST TUB CAT P,2218,293.09,8.01535E+12,2
157831510,EULT.TO DM TEST.TUB.CAT.P,2218,301.81,8.01535E+12,2
157831600,MULT.TO DM TEST.TUB.CAT.P,2218,293.09,8.01535E+12,2
15783160A,MULT TO DM TEST TUB CAT P,2218,293.09,8.01535E+12,2
157831610,MULT.TO DM TEST.TUB.CAT.P,2218,301.81,8.01535E+12,2
157833450,MULT.TO DM TEST.TUB.CAT.P,2218,307.95,8.01535E+12,2
15783345A,MULT TO DM TEST TUB CAT P,2218,307.95,8.01535E+12,2
157833460,MULT.TO DM TEST.TUB.CAT.P,2218,316.64,8.01535E+12,2
157833500,MULT.TO DM TEST.TUB.CAT.P,2218,307.95,8.01535E+12,2
15783350A,MULT TO DM TEST TUB CAT P,2218,307.95,8.01535E+12,2
157833510,MULT.TO DM TEST.TUB.CAT.P,2218,316.64,8.01535E+12,2
157833600,MULT.TO DM TEST.TUB.CAT.P,2218,307.95,8.01535E+12,2
15783360A,MULT TO DM TEST TUB CAT P,2218,307.95,8.01535E+12,2
157833610,PULT.TO DM TEST.TUB.CAT.P,2218,316.64,8.01535E+12,2
157835450,MULT.TO DM TEST.TUB.CAT.P,2218,319.71,8.01535E+12,2
15783545A,MULT TO DM TEST TUB CAT P,2218,319.71,8.01535E+12,2
157835460,MULT.TO DM TEST.TUB.CAT.P,2218,328.44,8.01535E+12,2
157835500,MULT.TO DM TEST.TUB.CAT.P,2218,319.71,8.01535E+12,2
15783550A,MULT TO DM TEST TUB CAT P,2218,319.71,8.01535E+12,2
157835510,MULT.TO DM TEST.TUB.CAT.P,2218,328.44,8.01535E+12,2
157835600,MULT.TO DM TEST.TUB.CAT.P,2218,319.71,8.01535E+12,2
15783560A,MULT TO DM TEST TUB CAT P,2218,319.71,8.01535E+12,2
157835610,MULT.TO DM TEST.TUB.CAT.P,2218,328.44,8.01535E+12,2
157851450,MULT.TO DM TEST.TUB.CAT.S,2218,321.94,8.01535E+12,2
157851460,MULT.TO DM TEST.TUB.CAT.S,2218,330.67,8.01535E+12,2
157851500,MULT.TO DM TEST.TUB.CAT.S,2218,321.94,8.01535E+12,2
157851510,MULT.TO DM TEST.TUB.CAT.S,2218,330.67,8.01535E+12,2
157851600,MULT.TO DM TEST.TUB.CAT.S,2218,321.94,8.01535E+12,2
157851610,MULT.TO DM TEST.TUB.CAT.S,2218,330.67,8.01535E+12,2
157855450,MULT.TO DM TEST.TUB.CAT.S,2218,369.62,8.01535E+12,2
157855460,MULT.TO DM TEST.TUB.CAT.S,2218,378.34,8.01535E+12,2
157855500,MULT.TO DM TEST.TUB.CAT.S,2218,369.62,8.01535E+12,2
157855510,MULT.TO DM TEST.TUB.CAT.S,2218,378.34,8.01535E+12,2
157855600,MULT.TO DM TEST.TUB.CAT.S,2218,369.62,8.01535E+12,2
157855610,MULT.TO DM TEST.TUB.CAT.S,2218,378.34,8.01535E+12,2
15796558A,DOPPIA TOPPA DM.RICIFR+CIL.APPLICARE + CANTIERE,2193,295.98,8.01535E+12,5
15796628A00TH,DOPPIA TOPPA DM.RIC.+CIL SERVIZ.+ CANTIERE,2193,298.13,8.01535E+12,1
15796647A00BZ,DOPPIA TOPPA DM.RIC.+CIL CON CH/CANT.(X FBS),2193,290.2,8.01535E+12,
15796648A0000C5,DOPPIA TOPPA DM.RIC.+CIL SERVIZ.+ CANTIERE,2193,310.83,8.01535E+12,5
15796648A00BZ,DOPPIA TOPPA DM.RIC.+CIL SERV+CANT/ITA,2193,290.2,8.01535E+12,
15796648A00ZC,DOPPIA TOPPA DM.RIC.+CIL SERVIZ.+ CANTIERE,2193,290.2,8.01535E+12,5
15796648A00ZCC5,DOPPIA TOPPA DM.RIC.+CIL SERVIZ.+ CANTIERE,2193,312.3,8.01535E+12,5
15796648A18CNC5,DOPPIA TOP. DMRIC.+CIL.SERV. + CH/CANT. + CIL/MAP.,2193,608.48,8.01535E+12,5
15796658A,DOPPIA TOPPA DM.RIC.+CIL SERVIZ.+ CANTIERE,2193,290.2,8.01535E+12,5
15796658A0000C5,DOPPIA TOPPA DM.RIC.+CIL SERVIZ.+ CANTIERE,2193,312.15,8.01535E+12,5
15796658A00PG,DOPPIA TOPPA DM.RIC.+CIL SERVIZ.+ CANT. PER ALLIAS,2193,290.2,8.01535E+12,5
15796848A,DOPPIA TOPPA DM.RICIFR+CIL.C83/SERV. CON LIMITAT..,2193,311.79,8.01535E+12,5
15798548A0000C5,DOPPIA TOPPA DM.RICIFR+CIL.INFILARE + CANTIERE,2193,335.59,8.01535E+12,5
15798548A00RTC5,DOPPIA TOPPA DM.RICIFR+CIL.INFILARE + CANTIERE,2193,325,8.01535E+12,5
157986280L5ZLC5,DOPPIA TOPPA DM.RIC.+CIL SERVIZ.+ CANTIERE G2,2193,280.48,8.01535E+12,
15798628A,DOPPIA TOPPA DM.RIC.+CIL SERVIZ.+ CANTIERE INFIL.,2193,315.59,8.01535E+12,6
15798648A0000C5,DOPPIA TOPPA DM.RIC.+CIL SERVIZ.+ CANTIERE INFIL.,2193,329.73,8.01535E+12,5
15798648A00ZL,DOPPIA TOPPA DM.RIC.+CIL SERVIZ.+ CANTIERE INFIL.,2193,307.63,8.01535E+12,5
15798648A00ZLC5,DOPPIA TOPPA DM.RIC.+CIL SERVIZ.+ CANTIERE INFIL.,2193,329.73,8.01535E+12,5
15798728A,DOPPIA TOPPA DM.RIC.+CIL/SERV+ CANT. CON LIMITAT.,2193,328.88,8.01535E+12,1
15798748A,DOPPIA TOPPA DM.RIC.+CIL/SERV+ CANT. CON LIMITAT.,2193,320.23,8.01535E+12,5
15798848A,DOPPIA TOPPA DM.RIC.+CIL/SERV+ CANT. CON LIMITAT.,2193,329.27,8.01535E+12,5
158010000,COMBINATORE X CASSEFORTI,795,191.07,8.01535E+12,1
158011000,COMBINATORE 3 POMOLI,795,129.75,8.01535E+12,1
159001100,MANIGLIONE ANTIPANICO FAST PUSH,754,117.98,8.01535E+12,5
1590011000000FR,MANIGLIONE ANTIPANICO TAGLIAFUOCO FAST PUSH,754,136.83,8.01535E+12,5
15900110045,MANIGLIONE ANTIPANICO FAST PUSH,754,131.6,8.01535E+12,5
15900110097,MANIGLIONE ANTIPANICO FAST PUSH,754,117.98,8.01535E+12,5
1590011009700FR,MANIGLIONE ANTIPANICO FAST PUSH,754,137.88,8.01535E+12,5
159001100B9,MANIGLIONE ANTIPANICO FAST PUSH,754,117.98,8.01535E+12,5
159002100,MANIGLIONE ANTIPANICO FAST PUSH LIGHT,075B,83.66,8.01535E+12,6
15900210097,MANIGLIONE ANTIPANICO FAST PUSH LIGHT,075B,83.66,8.01535E+12,6
159011100,MANIGLIONE ANTIPANICO FAST PUSH,754,129.22,8.01535E+12,5
15901110045,MANIGLIONE ANTIPANICO FAST PUSH,754,142.83,8.01535E+12,5
15901110097,MANIGLIONE ANTIPANICO FAST PUSH,754,129.22,8.01535E+12,5
1590111009700FR,MANIGLIONE ANTIPANICO TAGLIAFUOCO FAST PUSH,754,148.07,8.01535E+12,5
159011100B9,MANIGLIONE ANTIPANICO FAST PUSH,754,129.22,8.01535E+12,5
159011100C2,MANIGLIONE ANTIPANICO FAST PUSH,754,366.61,8.01535E+12,5
159012100,MANIGLIONE ANTIPANICO FAST PUSH LIGHT,075B,97.29,8.01535E+12,6
15901210097,MANIGLIONE ANTIPANICO FAST PUSH LIGHT,075B,97.29,8.01535E+12,6
159014100,MANIGLIONE ANTIPANICO FAST PUSH FLOW,754,260.17,8.01535E+12,5
15901410045,MANIGLIONE ANTIPANICO FAST PUSH FLOW,754,287.39,8.01535E+12,5
15901410097,MANIGLIONE ANTIPANICO FAST PUSH FLOW,754,260.17,8.01535E+12,5
159014100B9,MANIGLIONE ANTIPANICO FAST PUSH FLOW,754,260.17,8.01535E+12,5
159014100C2,MANIGLIONE ANTIPANICO FAST PUSH FLOW,754,753.31,8.01535E+12,5
159016100,MANIGLIONE ANTIPANICO FAST PUSH,754,98.45,8.01535E+12,5
1590161000000FR,MANIGLIONE ANTIPANICO TAGLIAFUOCO FAST PUSH,754,98.45,8.01535E+12,5
15901610045,MANIGLIONE,754,112.07,8.01535E+12,5
15901610097,MANIGLIONE,754,98.45,8.01535E+12,5
1590161009700FR,MANIGLIONE FAST PUSH,754,98.45,8.01535E+12,5
15901610097VA,MANIGLIONE FAST PUSH PER BLOWTHERM,754,98.45,8.01535E+12,5
15901710097,MANIGLIONE ANTIPANICO FAST PUSH LIGHT,075B,83.66,8.01535E+12,6
159051100,PUSH PAD FAST,075A,105.35,8.01535E+12,5
1590511000000FR,PUSH PAD FAST TAGLIAFUOCO,075A,125.07,8.01535E+12,5
15905110045,PUSH PAD FAST,075A,113.2,8.01535E+12,5
15905110097,PUSH PAD FAST,075A,104.92,8.01535E+12,5
1590511009700FR,PUSH PAD FAST,075A,125.07,8.01535E+12,5
159061100,PUSH PAD FAST,075A,115.2,8.01535E+12,5
15906110045,PUSH PAD FAST,075A,129.4,8.01535E+12,5
15906110097,PUSH PAD FAST,075A,115.2,8.01535E+12,5
159061100B9,PUSH PAD FAST,075A,115.2,8.01535E+12,5
159061100C2,PUSH PAD FAST,075A,262.6,8.01535E+12,5
159061100C200FR,PUSH PAD FAST,075A,282.28,8.01535E+12,5
1590661000000FR,PUSH PAD FAST TAGLIAFUOCO,075A,87.97,8.01535E+12,5
15906610045,PUSH PAD FAST,075A,102.85,8.01535E+12,5
15906610097,PUSH PAD FAST,075A,87.97,8.01535E+12,5
1590661009700FR,PUSH PAD FAST TAGLIAFUOCO,075A,107.07,8.01535E+12,5
159301100,MANIGLIONE ANTIPANICO LATERALE,750,212.79,8.01535E+12,1
1593011000000FR,"MANIGLIONE ANTIPANICO LATERALE ""FR""",750,233.95,8.01535E+12,1
159311100,MANIGLIONE ANTIPANICO LATERALE MODULARE,750,229.53,8.01535E+12,1
1593111000000FR,"MANIGLIONE PRESTIGE   LATERALE MODULARE  ""FIRE""",750,250.7,8.01535E+12,1
15931110097,MANIGLIONE CISA PRESTIGE LATERALE MODULARE,750,244.08,8.01535E+12,1
159316100,MANIGLIONE ANTIPANICO  ALTO BASSO,750,212.79,8.01535E+12,1
1593161000000FR,MANIGLIONE ANTIPANICO  ALTO BASSO TF,750,212.79,8.01535E+12,1
15931610097,MANIGLIONE ANTIPANICO  ALTO BASSO,750,227.33,8.01535E+12,
159321100,MANIGLIONE ANTIPANICO,750,212.79,8.01535E+12,1
1593211000000FR,MANIGLIONE ANTIPANICO TAGLIA FUOCO,750,212.79,8.01535E+12,1
15932110097,MANIGLIONE ANTIPANICO,750,227.03,8.01535E+12,1
1593211009700FR,MANIGLIONE ANTIPANICO TAGLIA FUOCO,750,227.03,8.01535E+12,1
159351100,MANIGLIONE ANTIPANICO LATERALE INOX,744,581.47,8.01535E+12,1
159361100,MANIGLIONE ANTIPANICO LATERALE MODULARE INOX,744,596.93,8.01535E+12,1
1593611000000FR,MANIGLIONE ANTIPANICO INOX,744,619.14,8.01535E+12,1
159366100,MANIGLIONE ANTIPANICO ALTO/BASSO INOX,744,581.47,8.01535E+12,1
159371100,MANIGLIONE ANTIPANICO,744,581.47,8.01535E+12,1
1593711000000FR,"MANIGLIONE CISA PRESTIGE INFIL.""FR"" INOX",750,577.46,8.01535E+12,1
159607100,MANIGLIONE ANTIPANICO FAST PUSH,756,148.59,8.01535E+12,5
1596071000000FR,MANIGLIONE ANTIPANICO TAGLIAFUOCO FAST PUSH,756,148.59,8.01535E+12,5
15960710000UH,MANIGLIONE ANTIPANICO FAST PUSH MARCATO UL,756,148.59,8.01535E+12,5
15960710045,MANIGLIONE ANTIPANICO FAST PUSH,756,163.45,8.01535E+12,5
15960710097,MANIGLIONE ANTIPANICO FAST PUSH,756,148.59,8.01535E+12,5
1596071009700FR,MANIGLIONE TAGLIAFUOCO,756,148.59,8.01535E+12,5
159607100B9,MANIGLIONE ANTIPANICO FAST PUSH,756,148.59,8.01535E+12,5
159607100B900FR,MANIGLIONE ANTIPANICO TAGLIAFUOCO FAST PUSH (N.U.),756,148.59,8.01535E+12,5
159607100C2,MANIGLIONE ANTIPANICO FAST PUSH,756,408.43,8.01535E+12,5
159607100C200FR,MANIGLIONE ANTIPANICO FAST PUSH,756,408.43,8.01535E+12,5
159616000,MANIGLIONE ANTIPANICO,751,139,8.01535E+12,5
159616100,MANIGLIONE ANTIPANICO,751,139,8.01535E+12,5
15961610000UZ,MANIGLIONE ANTIPANICO,751,139,8.01535E+12,5
159616120,MANIGLIONE ANTIPANICO,751,139,8.01535E+12,5
159617000,MANIGLIONE ANTIPANICO,751,161.5,8.01535E+12,5
1596170000000FR,MANIGLIONE ANTIPANICO TAGLIAFUOCO,751,161.5,8.01535E+12,5
15961700000ED,MANIGLIONE ANTIPANICO TAGLIAFUOCO NOVOFERM GER,751,94.54,8.01535E+12,5
1596170004500FR,MANIGLIONE ANTIPANICO,751,176.7,8.01535E+12,5
15961700097,MANIGLIONE ANTIPANICO,751,161.5,8.01535E+12,5
1596170009700FR,MANIGLIONE ANTIPANICO TAGLIAFUOCO,751,161.5,8.01535E+12,5
159617120,MANIGLIONE ANTIPANICO INT 92,751,161.5,8.01535E+12,5
1596171200000FR,MANIGLIONE ANTIPANICO INT 92 TAGLIAFUOCO,751,161.5,8.01535E+12,5
15961712097,MANIGLIONE ANTIPANICO INT 92,751,161.5,8.01535E+12,5
1596171209700FR,MANIGLIONE ANTIPANICO INT 92 TAGLIAFUOCO,751,161.5,8.01535E+12,5
159647000,MANIGLIONE ANTIPANICO,751,199.18,8.01535E+12,5
159711000,MANIGLIONE ANTIPANICO FAST TOUCH,757,234.53,8.01535E+12,1
1597110000000FR,MANIGLIONE ANTIPANICO TAGLIAFUOCO FAST TOUCH,757,234.53,8.01535E+12,1
15971100000ED,MANIGLIONE ANTIPANICO TAGLIAFUOCO FAST TOUCH NG,757,141.49,8.01535E+12,1
15971100000HQ,MANIGLIONE ANTIPANICO FAST TOUCH,757,234.53,8.01535E+12,1
15971100000SB,MANIGLIONE ANTIPANICO SENZA BARRA FAST TOUCH,757,187.62,8.01535E+12,1
15971100000SBFR,MANIGLIONE ANTIPANICO FAST TOUCH,757,187.62,8.01535E+12,1
15971100044,MANIGLIONE ANTIPANICO FAST TOUCH,757,245.66,8.01535E+12,1
1597110004400FR,MANIGLIONE ANTIPANICO FAST TOUCH,757,256.74,8.01535E+12,1
1597110004500FR,MANIGLIONE ANTIPANICO FAST TOUCH,757,254,8.01535E+12,1
15971100045SB,MANIGLIONE ANTIPANICO FAST TOUCH,757,199.38,8.01535E+12,1
15971100045SBFR,MANIGLIONE ANTIPANICO FAST TOUCH,757,198.61,8.01535E+12,1
1597110009700FR,MANIGLIONE ANTIPANICO FAST TOUCH,757,234.53,8.01535E+12,1
15971100097ED,MANIGLIONE ANTIPANICO TAGLIAFUOCO FAST TOUCH NG,757,141.49,8.01535E+12,1
15971100097SB,MANIGLIONE ANTIPANICO FAST TOUCH,757,187.62,8.01535E+12,1
15971100097SBFR,MANIGLIONE ANTIPANICO FAST TOUCH,757,187.62,8.01535E+12,1
159711000B9,MANIGLIONE ANTIPANICO FAST TOUCH,757,234.53,8.01535E+12,1
159711000B900FR,MANIGLIONE ANTIPANICO TAGLIAFUOCO FAST TOUCH,757,234.53,8.01535E+12,1
159711000C200FR,MANIGLIONE ANTIPANICO FAST TOUCH,757,644.47,8.01535E+12,1
159711010,MANIGLIONE ANTIPANICO FAST TOUCH,757,207.21,8.01535E+12,1
1597110100000FR,MANIGLIONE ANTIPANICO TAGLIAFUOCO FAST TOUCH,757,207.21,8.01535E+12,1
15971101000HQ,MANIGLIONE ANTIPANICO FAST TOUCH,757,207.21,8.01535E+12,1
1597110104500FR,MANIGLIONE ANTIPANICO FAST TOUCH,757,218.24,8.01535E+12,1
159711010B900FR,MANIGLIONE ANTIPANICO TAGLIAFUOCO FAST TOUCH,757,207.21,8.01535E+12,1
159711010C2,MANIGLIONE ANTIPANICO FAST TOUCH,757,617.2,8.01535E+12,1
1597110200000FR,MANIGLIONE ANTIPANICO FAST TOUCH,757,215.99,8.01535E+12,1
15971102000HQ,MANIGLIONE ANTIPANICO FAST TOUCH,757,215.13,8.01535E+12,1
159711060,MANIGLIONE ANTIPANICO FAST TOUCH,757,242.12,8.01535E+12,1
1597110600000FR,MANIGLIONE ANTIPANICO TAGLIAFUOCO FAST TOUCH,757,242.12,8.01535E+12,1
15971106000SB,MANIGLIONE ANTIPANICO SENZA BARRA FAST TOUCH,757,193.7,8.01535E+12,1
15971106097,MANIGLIONE ANTIPANICO FAST TOUCH,757,242.12,8.01535E+12,1
159711060B9,MANIGLIONE ANTIPANICO FAST TOUCH,757,242.12,8.01535E+12,1
159711100,MANIGLIONE ANTIPANICO FAST TOUCH,757,234.53,8.01535E+12,1
1597111000000FR,MANIGLIONE ANTIPANICO TAGLIAFUOCO FAST TOUCH,757,234.53,8.01535E+12,1
15971110000SB,MANIGLIONE ANTIPANICO SENZA BARRA FAST TOUCH,757,187.62,8.01535E+12,1
15971110000SBFR,MANIGLIONE ANTIPANICO FAST TOUCH,757,187.62,8.01535E+12,1
1597111004500FR,MANIGLIONE ANTIPANICO FAST TOUCH,757,245.66,8.01535E+12,1
15971110045SB,MANIGLIONE ANTIPANICO SENZA BARRA FAST TOUCH,757,198.73,8.01535E+12,1
15971110045SBFR,MANIGLIONE ANTIPANICO SENZA BARRA FAST TOUCH,757,198.74,8.01535E+12,1
1597111009700FR,MANIGLIONE ANTIPANICO FAST TOUCH,757,234.53,8.01535E+12,1
159711100C2,MANIGLIONE ANTIPANICO FAST TOUCH,757,644.47,8.01535E+12,1
159711110,MANIGLIONE ANTIPANICO FAST TOUCH,757,207.21,8.01535E+12,1
1597111100000FR,MANIGLIONE ANTIPANICO TAGLIAFUOCO FAST TOUCH,757,207.21,8.01535E+12,1
15971111097,MANIGLIONE ANTIPANICO FAST TOUCH,757,207.21,8.01535E+12,1
1597111109700FR,MANIGLIONE ANTIPANICO FAST TOUCH,757,207.21,8.01535E+12,1
15971116097,MANIGLIONE ANTIPANICO FAST TOUCH,757,242.12,8.01535E+12,1
1597510000000FR,MANIGLIONE ANTIPANICO FAST TOUCH MOTORIZZATO,075F,549.97,8.01535E+12,1
1597510009700FR,MANIGLIONE ANTIPANICO FAST TOUCH MOTORIZZATO,075F,549.97,8.01535E+12,1
159751000C200FR,MANIGLIONE ANTIPANICO FAST TOUCH MOTORIZZATO,075F,958.29,8.01535E+12,1
1597510100000FR,MANIGLIONE ANTIPANICO FAST TOUCH MOTORIZZATO,075F,519.57,8.01535E+12,1
1597510109700FR,MANIGLIONE ANTIPANICO FAST TOUCH MOTORIZZATO,075F,519.57,8.01535E+12,1
159751010C200FR,MANIGLIONE ANTIPANICO FAST TOUCH MOTORIZZATO,075F,928.72,8.01535E+12,1
159801100,MANIGLIONE ANTIPANICO FAST TOUCH,755,198.78,8.01535E+12,1
15980110000MP,MANIGLIONE ANTIPANICO FAST TOUCH,755,412.03,8.01535E+12,1
15980110097,MANIGLIONE ANTIPANICO FAST TOUCH,755,198.78,8.01535E+12,1
1598011009700FR,MANIGLIONE ANTIPANICO FAST TOUCH,755,217.63,8.01535E+12,1
159801100B9,MANIGLIONE ANTIPANICO FAST TOUCH,755,198.78,8.01535E+12,1
159801110,MANIGLIONE ANTIPANICO FAST TOUCH,755,172.37,8.01535E+12,1
1598011100000FR,MANIGLIONE ANTIPANICO FAST TOUCH TAGLIAFUOCO,755,191.23,8.01535E+12,1
15980111000MP,MANIGLIONE ANTIPANICO FAST TOUCH,755,412.03,8.01535E+12,1
15980111097,MANIGLIONE ANTIPANICO FAST TOUCH,755,172.37,8.01535E+12,1
159801110B9,MANIGLIONE ANTIPANICO FAST TOUCH,755,172.37,8.01535E+12,1
159811090,MANIGLIONE ANTIPANICO FAST TOUCH,755,239.33,8.01535E+12,1
15981109045,MANIGLIONE ANTPANICO FAST TOUCH,755,259.72,8.01535E+12,1
15981109097,MANIGLIONE ANTIPANICO FAST TOUCH,755,239.33,8.01535E+12,1
159811090C2,MANIGLIONE ANTIPANICO FAST TOUCH,755,608.5,8.01535E+12,1
159811100,MANIGLIONE ANTIPANICO FAST TOUCH,755,214.4,8.01535E+12,1
15981110044,MANIGLIONE ANTIPANICO FAST TOUCH,755,224.63,8.01535E+12,1
15981110045,MANIGLIONE ANTPANICO FAST TOUCH,755,224.61,8.01535E+12,1
15981110097,MANIGLIONE ANTIPANICO FAST TOUCH,755,214.4,8.01535E+12,1
159811100C2,MANIGLIONE ANTIPANICO FAST TOUCH,755,583.18,8.01535E+12,1
159811110,MANIGLIONE ANTIPANICO FAST TOUCH,755,187.91,8.01535E+12,1
1598111100000FR,MANIGLIONE ANTIPANICO TAGLIAFUOCO FAST TOUCH,755,206.77,8.01535E+12,1
15981111045,MANIGLIONE ANTIPANICO FAST TOUCH,755,208.31,8.01535E+12,1
15981111097,MANIGLIONE ANTIPANICO FAST TOUCH,755,187.91,8.01535E+12,1
1598111109700FR,MANIGLIONE ANTIPANICO TAGLIAFUOCO FAST TOUCH,755,206.77,8.01535E+12,1
159811110B9,MANIGLIONE ANTIPANICO FAST TOUCH,755,187.91,8.01535E+12,1
159816100,MANIGLIONE ANTIPANICO FAST TOUCH,755,198.78,8.01535E+12,1
1598161000000FR,MANIGLIONE ANTIPANICO FAST TOUCH TAGLIAFUOCO,755,198.78,8.01535E+12,1
15981610000UA,MANIGLIONE TOUCH BAR METRO TORINO,755,198.78,8.01535E+12,
1598161009700FR,MANIGLIONE ANTIPANICO FAST TOUCH,755,198.78,8.01535E+12,1
159816100B9,MANIGLIONE ANTIPANICO FAST TOUCH,755,198.78,8.01535E+12,1
159816110,MANIGLIONE ANTIPANICO FAST TOUCH,755,172.34,8.01535E+12,1
1598161100000FR,MANIGLIONE ANTIPANICO TAGLIAFUOCO FAST TOUCH,755,172.34,8.01535E+12,1
1598161109700FR,MANIGLIONE ANTIPANICO FAST TOUCH,755,172.34,8.01535E+12,1
159816110B9,MANIGLIONE ANTIPANICO FAST TOUCH,755,172.34,8.01535E+12,1
159851090,MANIGLIONE ANTIPANICO FAST TOUCH MOTORIZZATO,075E,580.36,8.01535E+12,1
15985109045,MANIGLIONE ANTIPANICO FAST TOUCH MOTORIZZATO,075E,602.93,8.01535E+12,1
15985109097,MANIGLIONE ANTIPANICO FAST TOUCH MOTORIZZATO,075E,580.36,8.01535E+12,1
1598510909700FR,MANIGLIONE ANTIPANICO FAST TOUCH MOTORIZZATO,075E,601.77,8.01535E+12,1
159851090B9,MANIGLIONE ANTIPANICO FAST TOUCH MOTORIZZATO,075E,580.36,8.01535E+12,1
159851090C2,MANIGLIONE ANTIPANICO FAST TOUCH MOTORIZZATO,075E,989.48,8.01535E+12,1
159851100,MANIGLIONE ANTIPANICO FAST TOUCH MOTORIZZATO,075E,549.98,8.01535E+12,1
1598511000000FR,MANIGLIONE ANTIPANICO FAST TOUCH MOTORIZZATO FR,075E,570.84,8.01535E+12,1
15985110045,MANIGLIONE ANTIPANICO FAST TOUCH MOTORIZZATO,075E,572.55,8.01535E+12,1
15985110097,MANIGLIONE ANTIPANICO FAST TOUCH MOTORIZZATO,075E,549.98,8.01535E+12,1
1598511009700FR,MANIGLIONE ANTIPANICO FAST TOUCH MOTORIZZATO,075E,570.84,8.01535E+12,1
159851100B9,MANIGLIONE ANTIPANICO FAST TOUCH MOTORIZZATO,075E,549.98,8.01535E+12,1
159851100C2,MANIGLIONE ANTIPANICO FAST TOUCH MOTORIZZATO,075E,958.29,8.01535E+12,1
159851110,MANIGLIONE ANTIPANICO FAST TOUCH MOTORIZZATO,075E,519.58,8.01535E+12,1
1598511100000FR,MANIGLIONE ANTIPANICO FAST TOUCH MOTORIZZATO,075E,541.08,8.01535E+12,1
15985111097,MANIGLIONE ANTIPANICO FAST TOUCH MOTORIZZATO,075E,519.58,8.01535E+12,1
1598511109700FR,MANIGLIONE ANTIPANICO FAST TOUCH MOTORIZZATO,075E,541.08,8.01535E+12,1
159851110B9,MANIGLIONE ANTIPANICO FAST TOUCH MOTORIZZATO,075E,519.58,8.01535E+12,1
159851110C2,MANIGLIONE ANTIPANICO FAST TOUCH MOTORIZZATO,075E,928.72,8.01535E+12,1
15A30070020,SERRATURA APH3-INGRESSO-INOX,6311,79.57,8.01535E+12,6
15A30170020AF,SERRATURA APH3-INGRESSO-INOX,6311,39.55,8.01535E+12,1
15A50260012,SERR APH3 ING AUTOMATICA WAVE MODE ACC NICH,6321,143.14,8.01535E+12,6
15C012200,SERRATURA INF. ACCIAIO,2115,32.93,8.01535E+12,12
15C012250,SERRATURA INF. ACCIAIO,2115,32.93,8.01535E+12,12
15C012300,SERRATURA INF. ACCIAIO,2115,32.93,8.01535E+12,12
15C021250,SERRATURA INF. ACCIAIO,2115,33.88,8.01535E+12,
15C031200,SERRATURA INF. ACCIAIO,2115,32.93,8.01535E+12,
15C03130012,SERRATURA INF. ACCIAIO-NICHELATO,2115,44.48,8.01535E+12,
15C032200,SERRATURA INF. ACCIAIO,2115,32.93,8.01535E+12,12
15C032250,SERRATURA INF. ACCIAIO,2115,32.93,8.01535E+12,12
15C032300,SERRATURA INF. ACCIAIO,2115,32.93,8.01535E+12,12
15C110350,NUOVA INF. OTTONE SC+CAT.,3111,35.6,8.01535E+12,12
15C11035012,NUOVA INF. OTTONE SC+CAT. -NK-,3111,38.69,8.01535E+12,12
15C11035020,NUOVA INF. OTTONE SC+CAT. INOX,3111,47.17,8.01535E+12,1
15C110400,NUOVA INF.OTTONE SC+CAT.,3111,32.06,8.01535E+12,12
15C11040012,NUOVA INF.OTTONE SC+CAT. -NK-,3111,35.16,8.01535E+12,12
15C11040020,NUOVA INF.OTTONE SC+CAT. FIN.20 INOX,3111,43.63,8.01535E+12,1
15C110450,NUOVA INF. OTTONE SC+CAT.,3111,32.06,8.01535E+12,12
15C11045012,NUOVA INF. OTTONE SC+CAT.,3111,35.16,8.01535E+12,12
15C11045020,NUOVA INF. OTTONE SC+CAT. INOX,3111,43.63,8.01535E+12,1
15C110500,NUOVA INF. OTTONE SC+CAT.,3111,32.06,8.01535E+12,12
15C11050012,NUOVA INF. OTTONE SC+CAT. -NK-,3111,35.16,8.01535E+12,12
15C110600,NUOVA INF. OTTONE SC+CAT.,3111,32.06,8.01535E+12,12
15C11060012,NUOVA INF. OTTONE SC+CAT. -NK-,3111,35.16,8.01535E+12,12
15C11060020,NUOVA INF. OTTONE SC+CAT. FIN.20 (INOX),3111,43.63,8.01535E+12,1
15C110700,NUOVA INF. OTTONE SC+CAT.,3111,35.6,8.01535E+12,12
15C11070012,NUOVA INF. OTTONE SC+CAT. NK FIN.12,3111,38.69,8.01535E+12,12
15C11070020,NUOVA INF. OTTONE SC+CAT. INOX,3111,47.17,8.01535E+12,12
15C120350,NUOVA.INF.OTTONE RULLO+CAT,3111,63.25,8.01535E+12,12
15C12035012,NUOVA INF.OTTONE RULLO+CAT,3111,65.21,8.01535E+12,12
15C120400,NUOVA INF.OTTONE RULLO+CAT,3111,33.99,8.01535E+12,12
15C12040012,NUOVA INF.OTTONE RULLO+CAT,3111,37.05,8.01535E+12,12
15C120450,NUOVA INF.OTTONE RULLO,3111,33.99,8.01535E+12,12
15C12045012,NUOVA INF.OTTONE RULLO FIN.12,3111,37.05,8.01535E+12,12
15C12045020,PLOVA INF.OTTONE RULLO FIN.20,3111,45.57,8.01535E+12,
15C120500,NUOVA INF.OTTONE RULLO+CAT.,3111,33.99,8.01535E+12,12
15C12050012,NUOVA INF.OTTONE RULLO+CAT.,3111,37.05,8.01535E+12,12
15C120600,NUOVA INF.OTTONE RULLO+CAT.,3111,33.99,8.01535E+12,12
15C12060012,NUOVA INF.OTTONE RULLO+CAT.,3111,37.05,8.01535E+12,12
15C12060020,NUOVA INF.OTTONE RULLO+CAT. INOX,3111,45.57,8.01535E+12,1
15C120700,NUOVA INF.OTTONE RULLO+CAT,3111,37.75,8.01535E+12,12
15C12070012,NUOVA INF.OTTONE RULLO+CAT,3111,40.82,8.01535E+12,12
15C130350,NUOVA INF. OTTONE SC+CAT. B.TONDI,3111,35.6,8.01535E+12,12
15C13035012,NUOVA INF. OTTONE SC+CAT. B.TONDI -12-,3111,38.69,8.01535E+12,1
15C13035020,NUOVA INF. OTTONE SC+CAT. B.TONDI INOX,3111,47.17,8.01535E+12,1
15C130400,NUOVA INF.OTTONE SC+CAT. B.TONDI,3111,32.06,8.01535E+12,12
15C13040012,NUOVA INF.OTTONE SC+CAT. B.TONDI -12-,3111,35.14,8.01535E+12,12
15C130450,NUOVA INF. OTTONE SC+CAT. B.TONDO,3111,32.06,8.01535E+12,12
15C13045012,NUOVA INF. OTTONE SC+CAT. B.TONDO -12-,3111,35.14,8.01535E+12,12
15C13045020,NUOVA INF. OTTONE SC+CAT. B.TONDO INOX,3111,43.63,8.01535E+12,1
15C130500,NUOVA INF. OTTONE SC+CAT. B.TONDO,3111,32.06,8.01535E+12,12
15C13050012,NUOVA INF. OTTONE SC+CAT. B.TONDO -12-,3111,35.14,8.01535E+12,12
15C130600,NUOVA INF. OTTONE SC+CAT. B.TONDO,3111,32.06,8.01535E+12,12
15C13060012,NUOVA INF. OTTONE SC+CAT. B.TONDO -12-,3111,35.14,8.01535E+12,12
15C13060020,NUOVA INF. OTTONE SC+CAT. B.TONDO INOX,3111,43.63,8.01535E+12,1
15C130700,NUOVA INF. OTTONE SC+CAT. B.TONDO,3111,35.6,8.01535E+12,12
15C13070012,NUOVA INF. OTTONE SC+CAT. B.TONDO -12-,3111,38.69,8.01535E+12,12
15C13070020,NUOVA INF. OTTONE SC+CAT. B.TONDO INOX,3111,46.95,8.01535E+12,12
15C140350,NUOVA.INF.OTTONE RULLO+CAT B.TONDI,3111,37.75,8.01535E+12,12
15C14035012,NUOVA.INF.OTTONE RULLO+CAT B.TONDI,3111,40.82,8.01535E+12,12
15C140400,NUOVA INF.OTTONE RULLO+CAT B.TONDI,3111,33.99,8.01535E+12,12
15C14040012,NUOVA INF.OTTONE RULLO+CAT B.TONDI,3111,37.05,8.01535E+12,12
15C140450,NUOVA INF.OTTONE RULLO B.TONDI,3111,33.99,8.01535E+12,12
15C14045012,NUOVA INF.OTTONE RULLO B.TONDI,3111,37.05,8.01535E+12,12
15C140500,NUOVA INF.OTTONE RULLO+CAT. B.TONDI,3111,33.99,8.01535E+12,12
15C14050012,NUOVA INF.OTTONE RULLO+CAT. B.TONDI FIN.12,3111,37.05,8.01535E+12,12
15C140600,NUOVA INF.OTTONE RULLO+CAT. B.TONDI,3111,33.99,8.01535E+12,12
15C14060012,NUOVA INF.OTTONE RULLO+CAT. B.TONDI NICHELATA,3111,37.05,8.01535E+12,1
15C140700,NUOVA INF.OTTONE RULLO+CAT B.TONDI,3111,37.75,8.01535E+12,12
15C14070012,NUOVA INF.OTTONE RULLO+CAT B.TONDI,3111,40.82,8.01535E+12,1
15C150350,NUOVA INF.OTTONE SC+CAT X WC,3111,44.33,8.01535E+12,1
15C150400,NUOVA INF.OTTONE SC+CAT X WC,3111,40.98,8.01535E+12,12
15C150450,NUOVA INF.OTTONE SC+CAT X WC,3111,40.98,8.01535E+12,12
15C15045012,NUOVA INF.OTTONE SC+CAT X WC FIN.12,3111,44.03,8.01535E+12,12
15C150500,NUOVA INF.OTTONE SC+CAT X WC,3111,40.98,8.01535E+12,1
15C15050012,NUOVA INF.OTTONE SC+CAT X WC,3111,44.03,8.01535E+12,12
15C150600,NUOVA INF.OTTONE SC+CAT. X WC,3111,40.98,8.01535E+12,12
15C15060012,NUOVA INF.OTTONE SC+CAT. X WC FIN.12,3111,44.03,8.01535E+12,1
15C150700,NUOVA INF.OTTONE SC+CAT X WC,3111,44.33,8.01535E+12,12
15C15070012,NUOVA INF.OTTONE SC+CAT X WC NICHELATA,3111,47.4,8.01535E+12,12
15C170450,NUOVA INF.OTTONE SC+CAT X WC B.TONDI,3111,40.98,8.01535E+12,12
15C17045012,NUOVA INF.OTTONE SC+CAT X WC B.TONDI,3111,44.03,8.01535E+12,12
15C170500,NUOVA INF.OTTONE SC+CAT X WC B.TONDI,3111,40.98,8.01535E+12,1
15C17050012,NUOVA INF.OTTONE SC+CAT. X WC B.TONDI,3111,44.03,8.01535E+12,12
15C170600,NUOVA INF.OTTONE SC+CAT. X WC B.TONDI,3111,40.98,8.01535E+12,12
15C17060012,NUOVA INF.OTTONE SC+CAT. X WC B.TONDI,3111,44.03,8.01535E+12,12
15C170700,NUOVA INF.OTTONE SC+CAT X WC B.TONDI,3111,44.33,8.01535E+12,12
15C17070012,NUOVA INF.OTTONE SC+CAT X WC B.TONDI,3111,47.4,8.01535E+12,1
15C17070020,NUOVA INF.OTTONE SC+CAT X WC B.TONDI-INOX,3111,55.89,8.01535E+12,1
15C611350,SERR.INF.T.SQAD. SCR.BICONICO,4212,18.05,8.01535E+12,12
15C61135000SB,SERR.INF.QUALITY T.PIANA,4212,20.05,8.01535E+12,12
15C61135012,SERR.INF.T.SQAD. SCR.BICONICO,4212,20.91,8.01535E+12,12
15C61135047,SERR.INF.T.SQAD. SCR.BICONICO,4212,20.91,8.01535E+12,12
15C611400,SERR.INF.T.SQUAD. SCR/BICONICO,4212,16.61,8.01535E+12,12
15C61140000SB,SERR.INF.QUALITY T.PIANA -SB-,4212,18.64,8.01535E+12,12
15C61140012,SERR.INF.T.SQUAD. SCR/BICONICO,4212,19.51,8.01535E+12,12
15C61140047,SERR.INF.T.SQUAD. SCR/BICONICO,4212,19.51,8.01535E+12,12
15C611400B3,SERR.INF.T.SQUAD. SCR/BICONICO,4212,28.07,8.01535E+12,
15C611450,SERR.INF.T.SQUAD. SCR/BICONICO,4212,16.61,8.01535E+12,12
15C61145000SB,SERR.INF.LOCKING LINE T.PIANA,4212,18.64,8.01535E+12,12
15C61145012,SERR.INF.T.SQUAD. SCR/BICONICO FIN.12,4212,19.51,8.01535E+12,12
15C61145047,SERR.INF.T.SQUAD.SCR/BICONICO,4212,19.51,8.01535E+12,12
15C611500,SERR.INF.T.SQUAD.SCR/BICONICO,4212,16.61,8.01535E+12,12
15C61150000SB,SERR.INF.LOCKING LINE PIANA,4212,18.64,8.01535E+12,12
15C61150012,SERR.INF.T.SQUAD.SCR/BICONICO FIN.12 (NK),4212,19.51,8.01535E+12,12
15C61150047,SERR.INF.T.SQUAD.SCR/BICONICO,4212,19.51,8.01535E+12,12
15C611600,SERR.INF.T.SQUAD.SCR/BICONICO,4212,16.61,8.01535E+12,12
15C61160000SB,SERR.INF.LOCKING LINE T.PIANA,4212,18.64,8.01535E+12,12
15C61160012,SERR.INF.T.SQUAD.SCR/BICONICO -NK-,4212,19.51,8.01535E+12,12
15C61160047,SERR.INF.T.SQUAD.SCR/BICONICO FIN.47,4212,19.51,8.01535E+12,12
15C611700,SERR.INF.T.SQUAD.SCR/BICONICO,4212,18.05,8.01535E+12,12
15C61170000GT,SERR.INF.SCROCCO SPORGENZA MAGGIORATA,4212,26.34,8.01535E+12,12
15C61170000SA,SERR.INF.LOCKING LINE T.PIANA -SA-,4212,15.36,8.01535E+12,1
15C61170000SB,SERR.INF.LOCKING LINE T.PIANA,4212,20.05,8.01535E+12,12
15C61170012,SERR.INF.T.SQUAD.SCR/BICONICO FIN.12 (NK),4212,20.91,8.01535E+12,12
15C621400,SERR.INF.T.SQUAD. C/RULLO,4212,23.61,8.01535E+12,12
15C62140012,SERR.INF.T.SQUAD. C/RULLO -NK-,4212,26.48,8.01535E+12,12
15C621450,SERR.INF.T.SQUAD C/RULLO,4212,23.61,8.01535E+12,12
15C62145012,SERR.INF.T.SQUAD C/RULLO,4212,26.48,8.01535E+12,12
15C621500,SERR.INF.T.SQUAD. C/RULLO,4212,23.61,8.01535E+12,12
15C62150012,SERR.INF.T.SQUAD. C/RULLO -12-,4212,26.48,8.01535E+12,12
15C621600,SERR.INF.T.SQUAD. C/RULLO,4212,23.61,8.01535E+12,12
15C62160012,SERR.INF.T.SQUAD. C/RULLO -NK-,4212,26.48,8.01535E+12,12
15C631350,SERR.INF.T.TONDA SCR/BICONICO,4212,18.05,8.01535E+12,12
15C63135012,SERR.INF.T.TONDA SCR/BICONICO -NK-,4212,20.91,8.01535E+12,12
15C63135012US,SERR.INF.T.TONDA SCR/BICONICO FIN.12,4212,20.91,8.01535E+12,12
15C63135047,SERR.INF.T.TONDA SCR/BICONICO,4212,20.91,8.01535E+12,12
15C631400,SERR.INF.T.TONDA SCR/BICONICO,4212,16.61,8.01535E+12,12
15C63140012,SERR.INF.T.TONDA SCR/BICONICO -12-,4212,19.51,8.01535E+12,12
15C63140012US,SERR.INF.T.TONDA SCR/BICONICO FIN.12,4212,19.51,8.01535E+12,12
15C63140047,SERR.INF.T.TONDA SCR/BICONICO,4212,19.51,8.01535E+12,12
15C631450,SERR.INF.T.TONDA SCR/BICONICO,4212,16.61,8.01535E+12,12
15C63145012,SERR.INF.T.TONDA SCR/BICONICO -12-,4212,19.51,8.01535E+12,12
15C63145012US,SERR.INF.T.TONDA SCR/BICONICO FIN.12,4212,19.51,8.01535E+12,12
15C63145047,SERR.INF.T.TONDA SCR/BICONICO,4212,19.51,8.01535E+12,12
15C631500,SERR.INF.T.TONDA SCR/BICONICO,4212,16.61,8.01535E+12,12
15C63150012,SERR.INF.T.TONDA SCR/BICONICO -12-,4212,19.51,8.01535E+12,12
15C63150012US,SERR.INF.T.TONDA SCR/BICONICO FIN.12,4212,19.51,8.01535E+12,12
15C63150047,SERR.INF.T.TONDA SCR/BICONICO BRONZATA FIN.47,4212,19.51,8.01535E+12,12
15C631600,SERR.INF.T.TONDA SCR/BICONICO,4212,16.61,8.01535E+12,12
15C63160012,SERR.INF.T.TONDA SCR/BICONICO -12-,4212,19.51,8.01535E+12,12
15C63160012US,SERR.INF.T.TONDA SCR/BICONICO FIN.12,4212,19.51,8.01535E+12,12
15C63160047,SERR.INF.T.TONDA SCR/BICONICO FIN.47,4212,19.51,8.01535E+12,12
15C631700,SERR.INF.T.TONDA SCR/BICONICO,4212,18.05,8.01535E+12,12
15C63170012,SERR.INF.T.TONDA SCR/BICONICO FIN.12,4212,20.91,8.01535E+12,1
15C63170012US,SERR.INF.T.TONDA SCR/BICONICO FIN.12,4212,20.91,8.01535E+12,12
15C63170047,SERR.INF.T.TONDA SCR/BICONICO FIN.47,4212,20.91,8.01535E+12,12
15C641350,SERR.INF.T.TONDA C/RULLO,4212,25.61,8.01535E+12,
15C641450,SERR.INF.T.TONDA C/RULLO,4212,23.61,8.01535E+12,
15C671450,SERR.X BAGNI T.TONDA SCR/BICONICO,4212,28.98,8.01535E+12,12
15C67145012,SERR.X BAGNI T.TONDA SCR/BICONICO,4212,31.88,8.01535E+12,12
15C671500,SERR.X BAGNI T.TONDA SCR/BICONICO,4212,28.98,8.01535E+12,12
15C67150012,SERR.X BAGNI T.TONDA SCR/BICONICO,4212,31.88,8.01535E+12,12
15C671600,SERR.X BAGNI T.TONDA SCR/BICONICO,4212,28.98,8.01535E+12,12
15C67160012,SERR.X BAGNI T.TONDA SCR/BICONICO (FIN.12),4212,31.88,8.01535E+12,12
15C671700,SERR.X BAGNI T.TONDA SCR/BICONICO,4212,31.23,8.01535E+12,12
15C67170012,SERR.X BAGNI T.TONDA SCR/BICONICO FIN.12,4212,34.1,8.01535E+12,12
15M001100,MANIGLIONE PUSH 1P N,854,103.08,8.01535E+12,6
15M0011000000FR,MANIGLIONE PUSH 1P N,854,119.55,8.01535E+12,6
15M00110000CF,MANIGLIONE PUSH 1P N,854,73.1,8.01535E+12,6
15M00110097,MANIGLIONE PUSH 1P G,854,103.08,8.01535E+12,6
15M0011009700FR,MANIGLIONE PUSH 1P G,854,119.55,8.01535E+12,6
15M00110097CF,MANIGLIONE PUSH 1P G,854,73.1,8.01535E+12,6
15M001100P1,MANIGLIONE PUSH 1P SS,854,103.08,8.01535E+12,6
15M011100,MANIGLIONE PUSH MODULARE N,854,112.92,8.01535E+12,6
15M0111000000FR,MANIGLIONE PUSH MODULARE N,854,129.38,8.01535E+12,6
15M01110000CF,MANIGLIONE PUSH MODULARE N,854,85.02,8.01535E+12,6
15M01110045,MANIGLIONE PUSH MODULARE B,854,112.92,8.01535E+12,6
15M01110097,MANIGLIONE PUSH MODULARE G,854,112.92,8.01535E+12,6
15M0111009700FR,MANIGLIONE PUSH MODULARE G,854,129.38,8.01535E+12,6
15M01110097CF,MANIGLIONE PUSH MODULARE G,854,85.02,8.01535E+12,6
15M011100C2,MANIGLIONE PUSH MODULARE PVD,854,355.93,8.01535E+12,6
15M011100C200FR,MANIGLIONE PUSH MODULARE PVD,854,374.24,8.01535E+12,6
15M011100P1,MANIGLIONE PUSH MODULARE SS,854,112.92,8.01535E+12,6
15M011100S1,MANIGLIONE PUSH MODULARE AS,854,234.43,8.01535E+12,6
15M016100,MANIGLIONE PUSH 2P N,854,86.03,8.01535E+12,6
15M0161000000FR,MANIGLIONE PUSH 2P N,854,86.03,8.01535E+12,6
15M01610000CF,MANIGLIONE PUSH 2P N,854,73.1,8.01535E+12,6
15M01610097,MANIGLIONE PUSH 2P G,854,86.03,8.01535E+12,6
15M0161009700FR,MANIGLIONE PUSH 2P G,854,86.03,8.01535E+12,6
15M01610097CF,MANIGLIONE PUSH 2P G,854,73.1,8.01535E+12,6
15M016100P1,MANIGLIONE PUSH 2P SS,854,86.03,8.01535E+12,6
15M6071000000FR,PUSH INFILARE 27° N,856,144.26,8.01535E+12,1
15M60710000UH,PUSH INFILARE 27° N,856,144.26,8.01535E+12,1
15M6071004500FR,PUSH INFILARE 27° B,856,144.26,8.01535E+12,1
15M6071009700FR,PUSH INFILARE 27° G,856,144.26,8.01535E+12,1
15M607100C200FR,PUSH INFILARE 27° PVD,856,396.53,8.01535E+12,1
15M607100P100FR,PUSH INFILARE 27° SS,856,144.26,8.01535E+12,1
15M607100S100FR,PUSH INFILARE 27° AS,856,270.4,8.01535E+12,1
15M6081000000FR,PUSH INFILARE 45° N,856,144.26,8.01535E+12,1
15M6081004500FR,PUSH INFILARE 45° B,856,144.26,8.01535E+12,1
15M6081009700FR,PUSH INFILARE 45° G,856,144.26,8.01535E+12,1
15M608100C200FR,PUSH INFILARE 45° PVD,856,396.53,8.01535E+12,1
15M608100P100FR,PUSH INFILARE 45° SS,856,144.26,8.01535E+12,1
15M608100S100FR,PUSH INFILARE 45° AS,856,270.4,8.01535E+12,1
15M6170000000FR,PUSH INFILARE 27° INT.72 N,856,156.8,8.01535E+12,1
15M6170009700FR,PUSH INFILARE 27° INT.72 G,856,156.8,8.01535E+12,1
15M617000C200FR,PUSH INFILARE 27° INT.72 PVD,856,396.53,8.01535E+12,1
15M617000P100FR,PUSH INFILARE 27° INT.72 SS,856,156.8,8.01535E+12,1
15M617000S100FR,PUSH INFILARE 27° INT.72 AS,856,276.44,8.01535E+12,1
15M6171200000FR,PUSH INFILARE 27° INT.92 N,856,156.8,8.01535E+12,1
15M6171209700FR,PUSH INFILARE 27° INT.92 G,856,156.8,8.01535E+12,1
15M617120C200FR,PUSH INFILARE 27° INT.92 PVD,856,396.53,8.01535E+12,1
15M617120P100FR,PUSH INFILARE 27° INT.92 SS,856,156.8,8.01535E+12,1
15M617120S100FR,PUSH INFILARE 27° INT.92 AS,856,276.44,8.01535E+12,1
15M6181200000FR,PUSH INFILARE 27° INT.45 N,856,156.8,8.01535E+12,1
15M6181209700FR,PUSH INFILARE 45° INT.92 G,856,156.8,8.01535E+12,1
15M618120C200FR,PUSH INFILARE 45° INT.92 PVD,856,396.53,8.01535E+12,1
15M618120S100FR,PUSH INFILARE 45° INT.92 AS,856,276.44,8.01535E+12,1
15M7110000000FR,TOUCH INFILARE 27° 1200 N,857,227.7,8.01535E+12,1
15M71100000HQFR,TOUCH INFILARE 27° 1130 SCHIEVANO N,857,227.7,8.01535E+12,1
15M71100000SBFR,TOUCH INFILARE 27° 1200 SB N,857,182.16,8.01535E+12,1
15M71100000UQFR,TOUCH INFILARE 27° 610 N,857,183.34,8.01535E+12,1
15M7110004500FR,TOUCH INFILARE 27° 1200 B,857,227.7,8.01535E+12,1
15M7110009700FR,TOUCH INFILARE 27° 1200 G,857,227.7,8.01535E+12,1
15M71100097SBFR,TOUCH INFILARE 27° 1200 SB G,857,182.16,8.01535E+12,1
15M711000C200FR,TOUCH INFILARE 27° 1200 PVD,857,625.7,8.01535E+12,1
15M711000P100FR,TOUCH INFILARE 27° 1200 SS,857,227.7,8.01535E+12,1
15M711000S100FR,TOUCH INFILARE 27° 1200 AS,857,426.71,8.01535E+12,1
15M7110100000FR,TOUCH INFILARE 27° 840 N,857,201.17,8.01535E+12,1
15M71101000HQFR,TOUCH INFILARE 27° 840 SCHIEVANO N,857,208.86,8.01535E+12,1
15M7110104500FR,TOUCH INFILARE 27° 840 B,857,201.17,8.01535E+12,1
15M7110109700FR,TOUCH INFILARE 27° 840 G,857,201.17,8.01535E+12,1
15M711010C200FR,TOUCH INFILARE 27° 840 PVD,857,553.21,8.01535E+12,1
15M711010P100FR,TOUCH INFILARE 27° 840 SS,857,201.17,8.01535E+12,1
15M71102000HQFR,TOUCH INFILARE 27° 680 SCHIEVANO N,857,201.17,8.01535E+12,1
15M7110600000FR,TOUCH INFILARE 27° 1300 N,857,235.07,8.01535E+12,1
15M71106000SBFR,TOUCH INFILARE 27° 1300 SB N,857,188.06,8.01535E+12,1
15M7110609700FR,TOUCH INFILARE 27° 1300 G,857,235.07,8.01535E+12,1
15M71106097SBFR,TOUCH INFILARE 27° 1300 SB G,857,188.06,8.01535E+12,1
15M711060C200FR,TOUCH INFILARE 27° 1300 PVD,857,633.08,8.01535E+12,1
15M711060P100FR,TOUCH INFILARE 27° 1300 SS,857,235.07,8.01535E+12,1
15M711060P1SBFR,TOUCH INFILARE 27° 1300 SB SS,857,188.06,8.01535E+12,1
15M7111000000FR,TOUCH INFILARE 45° 1200 N,857,227.7,8.01535E+12,1
15M7111004500FR,TOUCH INFILARE 45° 1200 B,857,227.7,8.01535E+12,1
15M7111009700FR,TOUCH INFILARE 45° 1200 G,857,227.7,8.01535E+12,1
15M711100C200FR,TOUCH INFILARE 45° 1200 PVD,857,625.7,8.01535E+12,1
15M711100P100FR,TOUCH INFILARE 45° 1200 SS,857,227.7,8.01535E+12,1
15M711100S100FR,TOUCH INFILARE 45° 1200 AS,857,426.71,8.01535E+12,1
15M7111100000FR,TOUCH INFILARE 45° 840 N,857,201.17,8.01535E+12,1
15M7111109700FR,TOUCH INFILARE 45° 840 G,857,201.17,8.01535E+12,1
15M711110C200FR,TOUCH INFILARE 45° 840 PVD,857,553.21,8.01535E+12,1
15M711110P100FR,TOUCH INFILARE 45° 840 SS,857,201.17,8.01535E+12,1
15M7111600000FR,TOUCH INFILARE 45° 1300 N,857,235.07,8.01535E+12,1
15M71116000SBFR,TOUCH INFILARE 45° 1300 SB N,857,188.06,8.01535E+12,1
15M7111609700FR,TOUCH INFILARE 45° 1300 G,857,235.07,8.01535E+12,1
15M71116097SBFR,TOUCH INFILARE 45° 1300 SB G,857,188.06,8.01535E+12,1
15M711160C200FR,TOUCH INFILARE 45° 1300 PVD,857,633.08,8.01535E+12,1
15M711160P100FR,TOUCH INFILARE 45° 1300 SS,857,235.07,8.01535E+12,1
15M711160P1SBFR,TOUCH INFILARE 45° 1300 SB SS,857,188.06,8.01535E+12,1
15M7510000000FR,TOUCH INFILARE 27° 1200 MOTORIZZATO N,085F,533.95,8.01535E+12,1
15M7510009700FR,TOUCH INFILARE 27° 1200 MOTORIZZATO G,085F,533.95,8.01535E+12,1
15M751000C200FR,TOUCH INFILARE 27° 1200 MOTORIZZATO PVD,085F,930.38,8.01535E+12,1
15M751000P100FR,TOUCH INFILARE 27° 1200 MOTORIZZATO SS,085F,533.95,8.01535E+12,1
15M7510100000FR,TOUCH INFILARE 27° 840 MOTORIZZATO N,085F,504.44,8.01535E+12,1
15M7510109700FR,TOUCH INFILARE 27° 840 MOTORIZZATO G,085F,504.44,8.01535E+12,1
15M751010C200FR,TOUCH INFILARE 27° 840 MOTORIZZATO PVD,085F,901.67,8.01535E+12,1
15M751010P100FR,TOUCH INFILARE 27° 840 MOTORIZZATO SS,085F,504.44,8.01535E+12,1
15M751010S100FR,TOUCH INFILARE 27° 840 MOTORIZZATO AS,085F,732.17,8.01535E+12,1
15M801100,MANIGLIONE TOUCH 1P 1200 N,855,173.69,8.01535E+12,1
15M80110000MP,MANIGLIONE TOUCH 1P 1200 N,855,420.63,8.01535E+12,1
15M80110097,MANIGLIONE TOUCH 1P 1200 G,855,173.69,8.01535E+12,1
15M801100P1,MANIGLIONE TOUCH 1P 1200 SS,855,173.69,8.01535E+12,1
15M801110,MANIGLIONE TOUCH 1P 840 N,855,150.6,8.01535E+12,1
15M80111000MP,MANIGLIONE TOUCH 1P 840 N,855,400.03,8.01535E+12,1
15M80111097,MANIGLIONE TOUCH 1P 840 G,855,150.6,8.01535E+12,1
15M801110P1,MANIGLIONE TOUCH 1P 840 SS,855,150.6,8.01535E+12,1
15M811090,MANIGLIONE TOUCH MODULARE 1300 N,855,209.12,8.01535E+12,1
15M8110900000FR,MANIGLIONE TOUCH MODULARE 1300 N,855,225.59,8.01535E+12,1
15M81109000SB,MANIGLIONE TOUCH MODULARE 1300 SB N,855,140.43,8.01535E+12,1
15M81109000SBFR,MANIGLIONE TOUCH MODULARE 1300 SB N,855,156.89,8.01535E+12,1
15M81109045,MANIGLIONE TOUCH MODULARE 1300 B,855,209.12,8.01535E+12,1
15M81109045SB,MANIGLIONE TOUCH MODULARE 1300 SB B,855,140.43,8.01535E+12,1
15M81109097,MANIGLIONE TOUCH MODULARE 1300 G,855,209.12,8.01535E+12,1
15M81109097SB,MANIGLIONE TOUCH MODULARE 1300 SB G,855,140.43,8.01535E+12,1
15M811090C2,MANIGLIONE TOUCH MODULARE 1300 PVD,855,590.78,8.01535E+12,1
15M811090P1,MANIGLIONE TOUCH MODULARE 1300 SS,855,209.12,8.01535E+12,1
15M811090S1,MANIGLIONE TOUCH MODULARE 1300 AS,855,399.95,8.01535E+12,1
15M811100,MANIGLIONE TOUCH MODULARE 1200 N,855,187.35,8.01535E+12,1
15M8111000000FR,MANIGLIONE TOUCH MODULARE 1200 N,855,203.84,8.01535E+12,1
15M81110097,MANIGLIONE TOUCH MODULARE 1200 G,855,187.35,8.01535E+12,1
15M8111009700FR,MANIGLIONE TOUCH MODULARE 1200 G,855,203.84,8.01535E+12,1
15M811100P1,MANIGLIONE TOUCH MODULARE 1200 SS,855,187.35,8.01535E+12,1
15M811110,MANIGLIONE TOUCH MODULARE 840 N,855,164.2,8.01535E+12,1
15M8111100000FR,MANIGLIONE TOUCH MODULARE 840 N,855,180.67,8.01535E+12,1
15M81111097,MANIGLIONE TOUCH MODULARE 840 G,855,164.2,8.01535E+12,1
15M8111109700FR,MANIGLIONE TOUCH MODULARE 840 G,855,180.67,8.01535E+12,1
15M811110P1,MANIGLIONE TOUCH MODULARE 840 SS,855,164.2,8.01535E+12,1
15M816100,MANIGLIONE TOUCH 2P 1200 N,855,173.69,8.01535E+12,1
15M8161000000FR,MANIGLIONE TOUCH 2P 1200 N,855,173.69,8.01535E+12,1
15M81610000UA,MANIGLIONE TOUCH 2P 1200 OCLAP N,855,192.99,8.01535E+12,1
15M81610097,MANIGLIONE TOUCH 2P 1200 G,855,173.69,8.01535E+12,1
15M8161009700FR,MANIGLIONE TOUCH 2P 1200 G,855,173.69,8.01535E+12,1
15M816100P1,MANIGLIONE TOUCH 2P 1200 SS,855,173.69,8.01535E+12,1
15M816110,MANIGLIONE TOUCH 2P 840 N,855,150.6,8.01535E+12,1
15M81611097,MANIGLIONE TOUCH 2P 840 G,855,150.6,8.01535E+12,1
15M816110P1,MANIGLIONE TOUCH 2P 840 SS,855,150.6,8.01535E+12,1
15M851090,MANIGLIONE TOUCH MODULARE 1300 MOTORIZZATO N,085E,507.12,8.01535E+12,1
15M85109045,MANIGLIONE TOUCH MODULARE 1300 MOTORIZZATO B,085E,507.12,8.01535E+12,1
15M85109097,MANIGLIONE TOUCH MODULARE 1300 MOTORIZZATO G,085E,507.12,8.01535E+12,1
15M851090C2,MANIGLIONE TOUCH MODULARE 1300 MOTORIZZATO PVD,085E,960.66,8.01535E+12,1
15M851090P1,MANIGLIONE TOUCH MODULARE 1300 MOTORIZZATO SS,085E,507.12,8.01535E+12,1
15M851100,MANIGLIONE TOUCH MODULARE 1200 MOTORIZZATO N,085E,480.57,8.01535E+12,1
15M8511000000FR,MANIGLIONE TOUCH MODULARE 1200 MOTORIZZATO N,085E,498.79,8.01535E+12,1
15M85110045,MANIGLIONE TOUCH MODULARE 1200 MOTORIZZATO B,085E,480.57,8.01535E+12,1
15M85110097,MANIGLIONE TOUCH MODULARE 1200 MOTORIZZATO G,085E,480.57,8.01535E+12,1
15M8511009700FR,MANIGLIONE TOUCH MODULARE 1200 MOTORIZZATO G,085E,498.79,8.01535E+12,1
15M851100C2,MANIGLIONE TOUCH MODULARE 1200 MOTORIZZATO PVD,085E,930.38,8.01535E+12,1
15M851100C200FR,MANIGLIONE TOUCH MODULARE 1200 MOTORIZZATO PVD,085E,951.25,8.01535E+12,1
15M851100P1,MANIGLIONE TOUCH MODULARE 1200 MOTORIZZATO SS,085E,480.57,8.01535E+12,1
15M851100S1,MANIGLIONE TOUCH MODULARE 1200 MOTORIZZATO AS,085E,732.18,8.01535E+12,1
15M851110,MANIGLIONE TOUCH MODULARE 840 MOTORIZZATO N,085E,454,8.01535E+12,1
15M85111045,MANIGLIONE TOUCH MODULARE 840 MOTORIZZATO B,085E,454,8.01535E+12,1
15M85111097,MANIGLIONE TOUCH MODULARE 840 MOTORIZZATO G,085E,454,8.01535E+12,1
15M851110C2,MANIGLIONE TOUCH MODULARE 840 MOTORIZZATO PVD,085E,901.67,8.01535E+12,1
15M851110P1,MANIGLIONE TOUCH MODULARE 840 MOTORIZZATO SS,085E,454,8.01535E+12,1
16013001097,CHIUDIPORTA TRADIZIONALE,701,199.04,8.01535E+12,2
16013001098,CHIUDIPORTA TRADIZIONALE,701,199.04,8.01535E+12,2
16013101097,CHIUDIPORTA TRADIZIONALE,701,256.17,8.01535E+12,
16013101098,CHIUDIPORTA TRADIZIONALE,701,256.17,8.01535E+12,2
16014002097,CHIUDIPORTA TRADIZIONALE,701,232.65,8.01535E+12,2
16014002098,CHIUDIPORTA TRADIZIONALE,701,232.65,8.01535E+12,2
16014102098,CHIUDIPORTA TRADIZIONALE,701,289.61,8.01535E+12,2
16015003097,CHIUDIPORTA TRADIZIONALE,701,269.94,8.01535E+12,2
16015003098,CHIUDIPORTA TRADIZIONALE,701,269.94,8.01535E+12,2
16015103098,CHIUDIPORTA TRADIZIONALE,701,337.27,8.01535E+12,2
16016004097,CHIUDIPORTA TRADIZIONALE,701,362.01,8.01535E+12,2
16016004098,CHIUDIPORTA TRADIZIONALE,701,362.01,8.01535E+12,2
16016104098,CHIUDIPORTA TRADIZIONALE,701,429.66,8.01535E+12,2
16046003044,CHIUDIPORTA A CREMAGLIERA TIPO FAR EAST,718,36.04,8.01535E+12,
16046003045,CHIUDIPORTA A CREMAGLIERA TIPO FAR EAST,718,36.04,8.01535E+12,
16046003087,CHIUDIPORTA A CREMAGLIERA TIPO FAR EAST,718,36.04,8.01535E+12,
16046003088,CHIUDIPORTA A CREMAGLIERA TIPO FAR EAST,718,36.04,8.01535E+12,
16046003097,CHIUDIPORTA A CREMAGLIERA TIPO FAR EAST,718,36.04,8.01535E+12,
16046103044,CHIUDIPORTA A CREMAGLIERA TIPO FAR EAST(CON FERMO),718,41.2,8.01535E+12,
16046103045,CHIUDIPORTA A CREMAGLIERA TIPO FAR EAST(CON FERMO),718,41.2,8.01535E+12,
16046103087,CHIUDIPORTA A CREMAGLIERA TIPO FAR EAST(CON FERMO),718,41.2,8.01535E+12,
16046103097,CHIUDIPORTA A CREMAGLIERA TIPO FAR EAST(CON FERMO),718,41.2,8.01535E+12,
16047003044,CHIUDIPORTA A CREMAGLIERA TIPO FAR EAST,718,36.04,8.01535E+12,1
16047003045,CHIUDIPORTA A CREMAGLIERA TIPO FAR EAST,718,36.04,8.01535E+12,1
16047003087,CHIUDIPORTA A CREMAGLIERA TIPO FAR EAST,718,36.04,8.01535E+12,1
16047003088,CHIUDIPORTA A CREMAGLIERA TIPO FAR EAST,718,36.04,8.01535E+12,1
16047003090,CHIUDIPORTA A CREMAGLIERA TIPO FAR EAST,718,36.04,8.01535E+12,1
16047003097,CHIUDIPORTA A CREMAGLIERA TIPO FAR EAST,718,36.04,8.01535E+12,1
16047103044,CHIUDIPORTA A CREMAGLIERA TIPO FAR EAST(CON FERMO),718,41.2,8.01535E+12,1
16047103045,CHIUDIPORTA A CREMAGLIERA TIPO FAR EAST(CON FERMO),718,41.2,8.01535E+12,1
16047103087,CHIUDIPORTA A CREMAGLIERA TIPO FAR EAST(CON FERMO),718,41.2,8.01535E+12,1
16047103088,CHIUDIPORTA A CREMAGLIERA TIPO FAR EAST(CON FERMO),718,41.2,8.01535E+12,1
16047103090,CHIUDIPORTA A CREMAGLIERA TIPO FAR EAST(CON FERMO),718,41.2,8.01535E+12,1
16047103097,CHIUDIPORTA A CREMAGLIERA TIPO FAR EAST(CON FERMO),718,41.2,8.01535E+12,1
172010000,SERRATURA CILINDRO,1822,37.61,8.01535E+12,6
17201000012,SERR. CILINDRO NICH.,1822,39.36,8.01535E+12,6
172022000,CILINDRO ERRETI 0971206523R,1822,19.91,0,
172024100,CILINDRO ERRETI 097120804 KA.435.,1822,10.41,0,50
172025010,CILINDRO GIESSE 097120350,1822,6.68,0,100
172026010,CILINDRO GIESSE 097120676/1,1822,7.2,0,100
172027000,CILINDRO GIESSE 097120726 CON CIFR. 212,1822,8.47,8.01535E+12,100
172210160,CIL. FIL. INF. X MOBILI,1827,21.75,8.01535E+12,12
17221016012,CIL. FIL. INF. X MOBILI,1827,23.71,8.01535E+12,12
172210200,CIL. FIL. INF. X MOBILI,1827,23.14,8.01535E+12,12
17221020012,CIL. FIL. INF. X MOBILI,1827,25.12,8.01535E+12,12
172210250,CIL. FIL. INF. X MOBILI,1827,24.83,8.01535E+12,12
17221025012,CIL. FIL. INF. X MOBILI,1827,26.69,8.01535E+12,12
172210300,CILINDRI FILETTATI PER MOBILI,1827,26.74,8.01535E+12,12
17221030012,CIL. FIL. INF. X MOBILI,1827,28.69,8.01535E+12,12
172215160,CIL. FIL. INF. X MOBILI,1827,35.71,8.01535E+12,12
172215200,CIL. FIL. INF. X MOBILI,1827,38.49,8.01535E+12,12
17221520000AS,CILINDRO FILETTATO    KA PROF.946,1827,56.56,8.01535E+12,12
17221520000ES,CILINDRO  PER MOBILI PROF.946 CIF.DIVERSA GARANT.,1827,139.23,8.01535E+12,12
172215250,CIL. FIL. INF. X MOBILI,1827,40.87,8.01535E+12,12
172250260,CILINDRO FILETTATO,1828,44.43,8.01535E+12,6
1722502600000SX,CILINDRO FILETTATO,1828,48.68,8.01535E+12,6
1.7225E+12,CILINDRO FILETTATO,1828,40.42,8.01535E+12,1
172251010,CIL.SPEC.OTTONE,1828,134.96,8.01535E+12,6
1722510100000SX,CIL.SPEC.OTTONE,1828,139.2,8.01535E+12,6
172251030,CILINDRO CON MICRO INTERRUTTORE,1828,99.32,8.01535E+12,6
182010100,CASSAFORTE SOLO CHIAVE,760,217.76,8.01535E+12,1
182010110,CASSAFORTE SOLO CHIAVE,760,217.76,8.01535E+12,1
182010200,CASSAFORTE SOLO CHIAVE,760,243.51,8.01535E+12,1
182010210,CASSAFORTE SOLO CHIAVE,760,243.51,8.01535E+12,1
182010300,CASSAFORTE SOLO CHIAVE,760,279.81,8.01535E+12,1
182010310,CASSAFORTE SOLO CHIAVE,760,279.81,8.01535E+12,1
182010320,CASSAFORTE SOLO CHIAVE,760,279.81,8.01535E+12,1
182010400,CASSAFORTE SOLO CHIAVE,760,369.5,8.01535E+12,1
182010410,CASSAFORTE SOLO CHIAVE,760,369.5,8.01535E+12,1
182010420,CASSAFORTE SOLO CHIAVE,760,369.5,8.01535E+12,1
182010500,CASSAFORTE SOLO CHIAVE,760,449.28,8.01535E+12,1
182010510,CASSAFORTE SOLO CHIAVE,760,449.28,8.01535E+12,1
182010520,CASSAFORTE SOLO CHIAVE,760,449.28,8.01535E+12,1
182010700,CASSAFORTE SOLO CHIAVE,760,516.53,8.01535E+12,1
182010710,CASSAFORTE SOLO CHIAVE,760,516.53,8.01535E+12,1
182010720,CASSAFORTE SOLO CHIAVE,760,516.53,8.01535E+12,1
182010800,CASSAFORTE,760,630.02,8.01535E+12,1
182010810,CASSAFORTE,760,630.02,8.01535E+12,1
182010820,CASSAFORTE SOLO CHIAVE,760,630.02,8.01535E+12,1
182010900,CASSAFORTE,760,698.26,8.01535E+12,1
182010910,CASSAFORTE,760,698.26,8.01535E+12,1
182010920,CASSAFORTE,760,698.26,8.01535E+12,1
182050340,CASSAFORTE,766,405.8,8.01535E+12,1
182050430,CASSAFORTE,766,516.07,8.01535E+12,1
182050530,CASSAFORTE,766,570.7,8.01535E+12,1
182050740,CASSAFORTE,766,594.02,8.01535E+12,1
182050850,CASSAFORTE,766,724.61,8.01535E+12,1
182050950,CASSAFORTE,766,838.91,8.01535E+12,1
182210200,CASSAFORTE,764,363.29,8.01535E+12,1
182210210,CASSAFORTE,764,363.29,8.01535E+12,1
182210300,CASSAFORTE,764,399.66,8.01535E+12,1
182210310,CASSAFORTE,764,399.66,8.01535E+12,1
182210320,CASSAFORTE,764,399.66,8.01535E+12,1
182210400,CASSAFORTE,764,489.31,8.01535E+12,1
182210410,CASSAFORTE,764,489.31,8.01535E+12,1
182210420,CASSAFORTE CH. COMB. 3POM,764,489.31,8.01535E+12,1
182210500,CASSAFORTE,764,569.17,8.01535E+12,1
182210510,CASSAFORTE,764,569.17,8.01535E+12,1
182210520,CASSAF.CHIAVE COMBIN.,764,569.17,8.01535E+12,1
182210700,CASSAFORTE,764,636.33,8.01535E+12,1
182210710,CASSAFORTE,764,636.33,8.01535E+12,1
182210720,CASSAFORTE CH. TRE POM.,764,636.33,8.01535E+12,1
182210800,CASSAFORTE,764,749.99,8.01535E+12,1
182210810,CASSAFORTE,764,749.99,8.01535E+12,1
182210820,CASSAFORTE,764,749.99,8.01535E+12,1
182210900,CASSAFORTE,764,818.02,8.01535E+12,1
182210910,CASSAFORTE,764,818.02,8.01535E+12,1
182210920,CASSAFORTE,764,818.02,8.01535E+12,1
182250340,CASSAFORTE,769,525.37,8.01535E+12,1
182250430,CASSAFORTE,769,636.54,8.01535E+12,1
182250530,CASSAFORTE,769,690.62,8.01535E+12,1
182250740,CASSAFORTE,769,713.81,8.01535E+12,1
182250850,CASSAFORTE,769,844.45,8.01535E+12,1
182250950,CASSAFORTE,769,958.63,8.01535E+12,1
182410200,CASSAFORTE,765,347.43,8.01535E+12,1
182410210,CASSAFORTE,765,347.43,8.01535E+12,1
182410300,CASSAFORTE,765,383.76,8.01535E+12,1
182410310,CASSAFORTE,765,383.76,8.01535E+12,1
182410320,CASSAFORTE,765,383.76,8.01535E+12,1
182410400,CASSAFORTE,765,473.66,8.01535E+12,1
182410410,CASSAFORTE,765,473.66,8.01535E+12,1
182410420,CASSAFORTE,765,473.66,8.01535E+12,1
182410500,CASSAFORTE,765,553.54,8.01535E+12,1
182410510,CASSAFORTE,765,553.54,8.01535E+12,1
182410520,CASSAFORTE,765,553.54,8.01535E+12,1
182410700,CASSAFORTE,765,620.75,8.01535E+12,1
182410710,CASSAFORTE,765,620.75,8.01535E+12,1
182410720,CASSAFORTE SOLO COMBIN.,765,620.75,8.01535E+12,1
182410800,CASSAFORTE,765,734.19,8.01535E+12,1
182410810,CASSAFORTE,765,734.19,8.01535E+12,1
182410820,CASSAFORTE,765,734.19,8.01535E+12,1
182410900,CASSAFORTE,765,802.09,8.01535E+12,1
182410910,CASSAFORTE SOLO COMBIN.,765,802.09,8.01535E+12,1
182410920,CASSAFORTE,765,802.09,8.01535E+12,1
182450340,CASSAFORTE,770,509.77,8.01535E+12,1
182450430,CASSEFORTE,770,620.75,8.01535E+12,1
182450530,CASSAFORTE,770,674.87,8.01535E+12,1
182450740,CASSAFORTE,770,698.26,8.01535E+12,1
182450850,CASSAFORTE,770,828.57,8.01535E+12,1
182450950,CASSAFORTE,770,942.8,8.01535E+12,1
182710300,CASSAFORTE DGT VISION MURARE,782,528.14,8.01535E+12,1
182710310,CASSAFORTE DGT VISION DA MURARE,782,528.14,8.01535E+12,1
18271031000TF,CASSAFORTE DGT VISION DA MURARE,782,545.54,8.01535E+12,1
182710320,CASSAFORTE DGT VISION DA MURARE,782,528.14,8.01535E+12,1
18271032000TF,CASSAFORTE DGT VISION DA MURARE,782,545.54,8.01535E+12,1
182710400,CASSAFORTE DGT VISION MURARE,782,623.2,8.01535E+12,1
18271040000TF,CASSAFORTE DGT VISION MURARE MASTER CODE,782,640.63,8.01535E+12,1
182710410,CASSAFORTE DGT VISION MURARE,782,623.2,8.01535E+12,1
18271041000TF,CASSAFORTE DGT VISION MURARE,782,640.63,8.01535E+12,1
182710420,CASSAFORTE DGT VISION MURARE,782,623.2,8.01535E+12,1
18271042000TF,CASSAFORTE DGT VISION MURARE MASTER CODE,782,640.65,8.01535E+12,1
182710500,CASSAFORTE DGT VISION MURARE,782,709.41,8.01535E+12,1
182710510,CASSAFORTE DGT VISION MURARE,782,709.41,8.01535E+12,1
182710520,CASSAFORTE DGT VISION MURARE,782,709.41,8.01535E+12,1
18271052000TF,CASSAFORTE DGT VISION MURARE,782,726.88,8.01535E+12,1
182710700,CASSAFORTE DGT VISION MURARE,782,779.98,8.01535E+12,1
18271070000TF,CASSAFORTE DGT VISION MURARE MASTER CODE,782,797.37,8.01535E+12,1
182710710,CASSAFORTE DGT VISION MURARE,782,779.98,8.01535E+12,1
182710720,CASSAFORTE DGT VISION MURARE,782,779.98,8.01535E+12,1
182710800,CASSAFORTE DGT VISION MURARE,782,877.57,8.01535E+12,1
182710810,CASSAFORTE DGT VISION MURARE,782,877.57,8.01535E+12,1
182710820,CASSAFORTE DGT VISION MURARE,782,877.57,8.01535E+12,1
18271082000TF,CASSAFORTE DGT VISION MURARE MASTER CODE,782,894.97,8.01535E+12,1
182710900,CASSAFORTE DGT VISION MURARE,782,1002.93,8.01535E+12,1
182710910,CASSAFORTE DGT VISION MURARE,782,1002.93,8.01535E+12,1
182710920,CASSAFORTE DGT VISION MURARE,782,1002.93,8.01535E+12,1
182750340,CASSAFORTE DGT VISION A MOBILE,783,660.71,8.01535E+12,1
18275034000TF,CASSAFORTE DGT VISION A MOBILE MASTER CODE,783,678.14,8.01535E+12,1
182750430,CASSAFORTE DGT VISION A MOBILE,783,781.28,8.01535E+12,1
182750530,CASSAFORTE DGT VISION A MOBILE,783,839.87,8.01535E+12,1
18275053000TF,CASSAFORTE DGT VISION A MOBILE MASTER CODE,783,737.22,8.01535E+12,1
182750740,CASSAFORTE DGT VISION A MOBILE,783,865.29,8.01535E+12,1
182750850,CASSAFORTE DGT VISION A MOBILE,783,955.9,8.01535E+12,1
18275085000TF,CASSAFORTE DGT VISION A MOBILE,783,972.95,8.01535E+12,1
182750950,CASSAFORTE DGT VISION A MOBILE,783,1128.25,8.01535E+12,1
182751350,CASSAFORTE DGT VISION CASH,780,718.16,8.01535E+12,1
182751750,CASSAFORTE DGT VISION CASH,780,940.33,8.01535E+12,1
183000400,CARCASSA DARWIN,779,129.64,8.01535E+12,1
183000410,CARCASSA DARWIN,779,129.64,8.01535E+12,1
183010400,CASS.DARWIN FRONT.CHIAVE,776,389.35,8.01535E+12,1
183710400,CASS.DARWIN FRONT. ELETTR DGT VISION,777,647.96,8.01535E+12,1
18371040000TF,CASS.DARWIN FRONT. ELETTR MASTER CODE,777,669.55,8.01535E+12,1
18A010200,CASS.SOLO CHIAVE MURO 1 STELLA,1SC,175.94,8.01535E+12,1
18A010210,CASS.SOLO CHIAVE MURO 1 STELLA,1SC,182.94,8.01535E+12,1
18A010300,CASS.SOLO CHIAVE MURO 1 STELLA,1SC,199.8,8.01535E+12,1
18A010310,CASS.SOLO CHIAVE MURO 1 STELLA,1SC,208.16,8.01535E+12,1
18A010400,CASS.SOLO CHIAVE MURO 1 STELLA,1SC,259.07,8.01535E+12,1
18A010410,CASS.SOLO CHIAVE MURO 1 STELLA,1SC,269.54,8.01535E+12,1
18A050230,CASS.SOLO CHIAVE ESTERNI 1 STELLA,1SCE,328.64,8.01535E+12,1
18A050340,CASS.SOLO CHIAVE ESTERNI 1 STELLA,1SCE,378.31,8.01535E+12,1
18A050430,CASS.SOLO CHIAVE ESTERNI 1 STELLA,1SCE,485.75,8.01535E+12,1
1A0501010,E.S. MODELLO MICROSWITCH - NERO,6156,109.37,8.01535E+12,
1A0C11020,E-SIGNO KEYFOB GREEN (MIFARE 1K),6248,5.54,8.01535E+12,1
1A0C11030,E-SIGNO KEYFOB RED (MIFARE 4K),6248,7.09,8.01535E+12,1
1A0C1500000D0,CARD DESFIRE LIGHT WHITE LOGO RECYC. PLAST.,6289,3.83,8.01535E+12,1
1A0C150000B,CARD DESFIRE LIGHT BLANK RECYC. PLAST.,6289,3.83,8.01535E+12,1
1A0C150001B,KEYFOB DESFIRE LIGHT WHITE,6289,8.33,8.01535E+12,1
1A0C1503800D0,CARD DESFIRE EV3 8K BLACK LOGO RECYC. PLAST.,6289,12.8,8.01535E+12,1
1A0L0101093,E-SIGNO CASSAF.DX GRAFITE AP4,6412,654.14,8.01535E+12,1
1A0L01014,E-SIGNO CASSAF.SX SILICIO AP4,6412,697.96,8.01535E+12,1
1A0L0101493,E-SIGNO CASSAF.SX GRAFITE AP4,6412,700.2,8.01535E+12,1
1A0L01100,E-SIGNO CASSAF. CHIAVI AP4,6415,103.62,8.01535E+12,1
1A0L01310,E-SIGNO CASSAF.DX PS SILIC.AP4,6413,871.58,8.01535E+12,1
1A0L0131093,E-SIGNO CASSAF.DX PS GRAF.AP4,6413,822.56,8.01535E+12,1
1A0L02000,E-SIGNO CASSAF. CHIAVI C2000,6416,14.89,8.01535E+12,1
1A0L02010,E-SIGNO CASSAF.DX SILICIUM C2000,6410,715.48,8.01535E+12,1
1A0L0201093,E-SIGNO CASSAF.DX GRAFITE C2000,6410,649.55,8.01535E+12,1
1A0L02014,E-SIGNO CASSAF.SX SILICIO C2000,6410,747.31,8.01535E+12,1
1A0L0201493,E-SIGNO CASSAF.SX GRAFITE C2000,6410,697.94,8.01535E+12,1
1A0L02310,E-SIGNO CASSAF.DX PS SILIC.C2000,6411,868.5,8.01535E+12,1
1A0L0231093,E-SIGNO CASSAF.DX PS GRAF.C2000,6411,723.3,8.01535E+12,1
1A0L02314,E-SIGNO CASSAF.SX PS SILIC.C2000,6411,576.19,8.01535E+12,1
1A0L0231493,E-SIGNO CASSAF.SX PS GRAF.C2000,6411,850.53,8.01535E+12,1
1A0RC1030,WALL READER BLE5 PLAST.OUTDOOR,6367,1259.79,8.01535E+12,1
1A0RC2000,WALL READER BLE5 GLASS - NO COVER,6367,1197.88,8.01535E+12,1
1B6505280,SERR.CIL.CREM.APPL. X PB (TIPO M),3200,131.59,8.01535E+12,1
1B6505380,SERR.CIL.CREM.APPL. X PB (TIPO M),3200,131.59,8.01535E+12,1
1B6505480,SERR.CIL.CREM.APPL. X PB (TIPO M),3200,123.82,8.01535E+12,5
1B650548000FQ,SERR.CIL.CREM.APPL. X PB (TIPO M) INTERASSE 56 MM,3200,123.82,8.01535E+12,5
1B6505580,SERR.CIL.CREM.APPL. X PB (TIPO M),3200,123.82,8.01535E+12,5
1B6515250,SER.CIL.CREM.APPL. X PB (TIPO M),3200,154.27,8.01535E+12,1
1B6515280,SER.CIL.CREM.APPL. X PB (TIPO M),3200,154.27,8.01535E+12,1
1B651528B,SER.CIL.CREM.APPL. X PB (TIPO M)BLOCCO,3B00,165.75,8.01535E+12,1
1B6515380,SER.CIL.CREM.APPL. X PB (TIPO M),3200,154.27,8.01535E+12,1
1B651538B,SER.CIL.CREM.APPL. X PB (TIPO M)BLOCCO,3B00,165.75,8.01535E+12,1
1B6515480,SERR.CIL.CREM.APPL. X PB (TIPO M),3200,146.33,8.01535E+12,5
1B651548000DH,"SERR.CIL.CREM.APPL. X PB (TIPO M) SPORG/CAT.13,5MM",3200,146.33,8.01535E+12,5
1B651548000LD,SERR.CIL.CREM.APPL. X PB (TIPO M)(+4 MM SCROCCO),3200,146.33,8.01535E+12,5
1B651548000NB,SERR.CIL.CREM.APPL. X PB (TIPO M),3200,146.33,8.01535E+12,5
1B651548000RM,SERR.CIL.CREM.APPL. X PB (TIPO M),3200,146.33,8.01535E+12,5
1B651548B,SERR.CIL.CREM.APPL. X PB (TIPO M) BLOCCO,3B00,157.86,8.01535E+12,5
1B651548B00DH,SERR.CIL.CREM.APPL. X PB (TIPO M) BLOCCO,3B00,157.86,8.01535E+12,5
1B6515580,SERR.CIL.CREM.APPL. X PB (TIPO M),3200,146.33,8.01535E+12,5
1B651558000RM,SERR.CIL.CREM.APPL. X PB (TIPO M),3200,146.33,8.01535E+12,5
1B651558B,SERR.CIL.CREM.APPL. X PB (TIPO M) BLOCCO,3B00,157.86,8.01535E+12,5
1B651558B00DH,SERR.CIL.CREM.APPL. X PB (TIPO M) BLOCCO,3B00,157.86,8.01535E+12,5
1B651558B00MA,SERR.CIL.CREM.APPL.XPB(TIPO M)BLOCCO SCR PBE,3B00,157.86,8.01535E+12,5
1B651558B00ST,SERR.CIL.CREM.APPL. X PB (TIPO M) BLOCCO PD,3B00,157.86,8.01535E+12,5
1B6525280,SER.CIL.CREM.INFIL. X PB (TIPO M),3210,148.42,8.01535E+12,1
1B6525380,SER.CIL.CREM.INFIL. X PB (TIPO M),3210,148.42,8.01535E+12,1
1B6525480,SERR.CIL.CREM.INFIL. X PB (TIPO M),3210,140.5,8.01535E+12,5
1B6535280,SERR.CIL.CREM.INFIL. X PB  (TIPO M),3210,171.09,8.01535E+12,1
1B653528B,SERR.CIL.CREM.INFIL. X PB (TIPO M)BLOCCO,3B10,182.61,8.01535E+12,1
1B653538B,SERR.CIL.CREM.INFIL. X PB  (TIPO M)BLOCCO,3B10,182.61,8.01535E+12,1
1B653548B,SERR.CIL.CREM.INFIL. X PB (TIPO M)BLOCCO,3B10,174.84,8.01535E+12,5
1B6535580,SERR.CIL.CREM.INFIL. X PB (TIPO M),3210,163.34,8.01535E+12,5
1B6615280,SER.CIL.CREM.APPL. X PB (TIPO M),3200,154.27,8.01535E+12,1
1B6764280,DOPPIA TOPPA CIL.+CREM.+CIL. (TIPO M),3194,222.49,8.01535E+12,1
1B6764380,DOPPIA TOPPA CIL.+CREM.+CIL. (TIPO M),3194,222.49,8.01535E+12,1
1B6764480,DOPPIA TOPPA CIL.+CREM.+CIL. (TIPO M),3194,214.39,8.01535E+12,5
1B6765280,DOPPIA TOPPA CIL.+CREM.+CIL. (TIPO M),3194,222.49,8.01535E+12,1
1B6765480,DOPPIA TOPPA CIL.+CREM.+CIL. (TIPO M),3194,214.39,8.01535E+12,5
1B6765580,DOPPIA TOPPA CIL.+CREM.+CIL. (TIPO M),3194,214.39,8.01535E+12,5
1B676628B,DOPPIA TOPPA CIL.+CREM.+CIL. (TIPO M)BLOCCO,3B94,228.5,8.01535E+12,1
1B6766380,DOPPIA TOPPA CIL.+CREM.+CIL. (TIPO M),3194,216.51,8.01535E+12,1
1B676638B,DOPPIA TOPPA CIL.+CREM.+CIL. (TIPO M)BLOCCO,3B94,228.5,8.01535E+12,1
1B6766480,DOPPIA TOPPA CIL.+CREM.+CIL. (TIPO M),3194,208.55,8.01535E+12,5
1B676648B,DOPPIA TOPPA CIL.+CREM.+CIL. (TIPO M)BLOCCO,3B94,220.57,8.01535E+12,5
1B676658B,DOPPIA TOPPA CIL.+CREM.+CIL. (TIPO M)BLOCCO,3B94,220.57,8.01535E+12,5
1B7409301,SERR.X CASSEFORTI 82010-1X/2X,795,62.89,8.01535E+12,1
1B7410301,SERR.X CASSEFORTI 82010-3X/82210-3X/82050+82250-34,795,68.3,8.01535E+12,1
1B7411301,SERR.X CASS.82410-2X-3X/82710-3X/82450+82750-34,795,66.11,8.01535E+12,1
1B7412301,SERR.X CASSEFORTI 82010-4X/82210-4X/82050+82250-43,795,68.3,8.01535E+12,1
1B7413301,SERR.X CASSEFORTI 82410-4X/82710-4X/82450+82750-43,795,66.11,8.01535E+12,1
1B7414301,SERR.X CASSEFORTI 82010-5X/82210-5X/82050+82250-53,795,74.89,8.01535E+12,1
1B7415301,SERR.X CASSEFORTI 82410-5X/82710-5X/82450+82750-53,795,66.11,8.01535E+12,1
1B7424301,SERR.X CASSEFORTI 82010-7X/82210-7X/82050+82250-74,795,74.89,8.01535E+12,1
1B7425301,SERR.X CASSEFORTI 82410-7X/82710-7X/82450+82750-74,795,66.11,8.01535E+12,1
1B7426301,SERR.X CASSEFORTI 82010-8X/82210-8X/82050+82250-85,795,74.89,8.01535E+12,1
1B7428301,SERR.X CASSEFORTI 82010-9X/82210-9X/82050+82250-95,795,74.89,8.01535E+12,1
1B7429301,SERR.X CASSEFORTI 82410-9X/82710-9X/82450+82750-95,795,66.11,8.01535E+12,1
1B7505250,DMA X PORTE BLINDATE (TIPO M),3207,165.81,8.01535E+12,1
1B7505280,DMA X PORTE BLINDATE (TIPO M),3207,165.81,8.01535E+12,1
1B7505380,DMA X PORTE BLINDATE (TIPO M),3207,165.81,8.01535E+12,1
1B7505580,DMA X PORTE BLINDATE (TIPO M),3207,157.98,8.01535E+12,5
1B7515250,DMA X PORTE BLINDATE (TIPO M),3207,188.82,8.01535E+12,1
1B7515280,DMA X PORTE BLINDATE (TIPO M),3207,188.82,8.01535E+12,1
1B7515380,DMA X PORTE BLINDATE (TIPO M),3207,188.82,8.01535E+12,1
1B7515480,DMPB APPL.CONF.INDUSTR. (TIPO M),3207,180.93,8.01535E+12,5
1B751548000DH,DMPB APPL.CONF.INDUSTR. (TIPO M.SPORG. CAT + 10),3207,180.93,8.01535E+12,5
1B7515580,DMPB APPL.CONF.INDUSTR. (TIPO M),3207,180.93,8.01535E+12,5
1B751568000LK,DMPB APL.CONF.I.CH.CANT.,3207,186.28,8.01535E+12,5
1B7525280,DMI X PORTE BLINDATE (TIPO M),3217,182.97,8.01535E+12,1
1B7535280,DMI X PORTE BLINDATE (TIPO M),3217,206.08,8.01535E+12,1
1B766528A,DM.RICIF.APPL.PB C/CANT. (TIPO M),3211,237.79,8.01535E+12,1
1B766538A,DM.RICIF.APPL.PB C/CANT. (TIPO M),3211,237.79,8.01535E+12,1
1B766548A,DM.RICIF.APPL.PB C/CANT. IN CONF.INDUSTR (TIPO M),3211,229.96,8.01535E+12,5
1B766548A00DH,DM.RICIF.APPL.C/CAT CH/CORTE CON/IND (+10)(TIPO M),3211,229.96,8.01535E+12,5
1B766548A00ZC,DM.RICIF.APPL.PB C/CANT.CONF/IND.CH/CORTE(TIPO M),3211,229.96,8.01535E+12,5
1B766548A12DH,DM.RICIF.APPL.C/CAT CH/CORTE CON/IND (+10)(TIPO M),3211,229.96,8.01535E+12,5
1B766558A,DM.RICIF.APPL.PB C/CANT. IN CONF.INDUSTR (TIPO M),3211,229.96,8.01535E+12,5
1B767548A0000C5,DM.RICIF.INF.PB C/CANT. (TIPO M) C5,3212,259.02,8.01535E+12,
1B7764280,DOPPIA TOPPA DM+CIL.APPLICARE (TIPO M),3191,257.11,8.01535E+12,1
1B7764480,DOPPIA TOPPA DM+CIL.APPLICARE (TIPO M),3191,241.87,8.01535E+12,5
1B778448000ZMC5,DOPPIA TOPPA DM+CIL.INFILARE (TIPO M)5 CHIAVI 0124,3191,227.66,8.01535E+12,
1B798648A,DOPPIA TOPPA DM.RIC.+CIL SERVIZ.+ CAN INF (TIPO M),3193,313.6,8.01535E+12,
1C1310010,CHIUDICANCELLO,710,258.37,8.01535E+12,1
1C131001097,CHIUDICANCELLO,710,258.37,8.01535E+12,1
1C1310111,CHIUDICANCELLO CON BRACCIO A SLITTA MANO DX,710,146.04,8.01535E+12,1
1C131011197,CHIUDICANCELLO CON BRACCIO A SLITTA MANO DX,710,146.04,8.01535E+12,1
1C1310112,CHIUDICANCELLO CON BRACCIO A SLITTA MANO SX,710,146.04,8.01535E+12,1
1C131011297,CHIUDICANCELLO CON BRACCIO A SLITTA MANO SX,710,146.04,8.01535E+12,1
1C141003097EA,"CHIUDIPORTA PER ""PORTER""",711,81.89,8.01535E+12,6
1C141503044,"C/PORTA CREMAGLIERA ""CE""",711,70.93,8.01535E+12,6
1C141503045,"C/PORTA CREMAGLIERA ""CE""",711,70.93,8.01535E+12,6
1C141503087,"C/PORTA CISA SMART ""CE""",711,70.93,8.01535E+12,6
1C141503088,"C/PORTA CREMAGLIERA ""CE""",711,70.93,8.01535E+12,6
1C141503090,"C/PORTA CREMAGLIERA ""CE""",711,70.93,8.01535E+12,6
1C141503097,"C/PORTA CREMAGLIERA ""CE""",711,70.93,8.01535E+12,6
1C141603044,"C/PORTA CREMAGLIERA ""EN""",711,76.31,8.01535E+12,6
1C141603045,"C/PORTA CREMAGLIERA ""EN""",711,76.31,8.01535E+12,1
1C141603087,"C/PORTA CISA SMART ""EN""",711,76.31,8.01535E+12,6
1C141603088,"C/PORTA CREMAGLIERA ""EN""",711,76.31,8.01535E+12,6
1C141603090,"C/PORTA CREMAGLIERA ""EN""",711,76.31,8.01535E+12,6
1C141603097,"C/PORTA CREMAGLIERA ""EN""",711,76.31,8.01535E+12,6
1C145503044,C/PORTA CREMAGLIERA,711,107.35,8.01535E+12,6
1C145503045,C/PORTA CREMAGLIERA,711,107.35,8.01535E+12,6
1C145503087,C/PORTA CREMAGLIERA,711,107.35,8.01535E+12,1
1C145503088,C/PORTA CREMAGLIERA,711,107.35,8.01535E+12,6
1C145503090,C/PORTA CREMAGLIERA,711,107.35,8.01535E+12,6
1C145503097,C/PORTA CREMAGLIERA,711,107.35,8.01535E+12,6
1C145603044,C/PORTA CREMAGLIERA CON ARRESTO,711,138.7,8.01535E+12,6
1C145603045,C/PORTA CREMAGLIERA CON ARRESTO,711,138.7,8.01535E+12,6
1C145603087,C/PORTA CREMAGLIERA CON ARRESTO,711,138.7,8.01535E+12,1
1C145603088,C/PORTA CREMAGLIERA CON ARRESTO,711,138.7,8.01535E+12,6
1C145603090,C/PORTA CREMAGLIERA,711,138.7,8.01535E+12,6
1C145603097,C/PORTA CREMAGLIERA CON ARRESTO,711,138.7,8.01535E+12,6
1C151003044,"C/PORTA CREMAGLIERA PROFESSIONAL ""CE""",712,100.92,8.01535E+12,1
1C151003045,"C/PORTA CREMAGLIERA PROFESSIONAL ""CE""",712,100.92,8.01535E+12,1
1C151003087,"C/PORTA CREMAGLIERA PROFESSIONAL ""CE""",712,100.92,8.01535E+12,1
1C151003088,"C/PORTA CREMAGLIERA PROFESSIONAL ""CE""",712,100.92,8.01535E+12,1
1C151003090,"C/PORTA CREMAGLIERA PROFESSIONAL ""CE""",712,100.92,8.01535E+12,6
1C151003097,"C/PORTA CREMAGLIERA PROFESSIONAL ""CE""",712,100.92,8.01535E+12,6
1C151005044,C PORTA CREMAGLIERA PROFESSIONAL 2 5  CE,712,108.15,8.01535E+12,1
1C151005045,C PORTA CREMAGLIERA PROFESSIONAL 2 5  CE,712,108.15,8.01535E+12,1
1C151005087,C PORTA CREMAGLIERA PROFESSIONAL 2 5  CE,712,108.15,8.01535E+12,1
1C151005088,C PORTA CREMAGLIERA PROFESSIONAL 2 5  CE,712,108.15,8.01535E+12,1
1C151005090,C PORTA CREMAGLIERA PROFESSIONAL 2 5  CE,712,108.15,8.01535E+12,1
1C151005097,C PORTA CREMAGLIERA PROFESSIONAL 2 5  CE,712,108.15,8.01535E+12,1
1C151103044,"C/PORTA CREMAGLIERA PROFESSIONAL ""EN""",712,117.23,8.01535E+12,6
1C151103045,"C/PORTA CREMAGLIERA PROFESSIONAL ""EN""",712,117.23,8.01535E+12,6
1C151103087,"C/PORTA CREMAGLIERA PROFESSIONAL ""EN""",712,117.23,8.01535E+12,6
1C151103088,"C/PORTA CREMAGLIERA PROFESSIONAL ""EN""",712,117.23,8.01535E+12,6
1C151103090,"C/PORTA CREMAGLIERA PROFESSIONAL ""EN""",712,117.23,8.01535E+12,6
1C151103097,"C/PORTA CREMAGLIERA PROFESSIONAL ""EN""",712,117.23,8.01535E+12,6
1C151105044,C PORTA CREMAGLIERA PROFESSIONAL 2 5  EN,712,122.57,8.01535E+12,1
1C151105045,C PORTA CREMAGLIERA PROFESSIONAL 2 5  EN,712,122.57,8.01535E+12,1
1C151105087,C PORTA CREMAGLIERA PROFESSIONAL 2 5  EN,712,122.57,8.01535E+12,1
1C151105088,C PORTA CREMAGLIERA PROFESSIONAL 2 5  EN,712,122.57,8.01535E+12,1
1C151105090,C PORTA CREMAGLIERA PROFESSIONAL  EN,712,122.57,8.01535E+12,1
1C151105097,C PORTA CREMAGLIERA PROFESSIONAL 2 5  EN,712,122.57,8.01535E+12,1
1C161003044,"C/PORTA CREMAGLIERA FORZA REG. ""CE""",712,119.16,8.01535E+12,1
1C161003045,"C/PORTA CREMAGLIERA FORZA REG. ""CE""",712,119.16,8.01535E+12,1
1C161003088,"C/PORTA CREMAGLIERA FORZA REG. ""CE""",712,119.16,8.01535E+12,1
1C161003090,"C/PORTA CREMAGLIERA FORZA REG. ""CE""",712,119.16,8.01535E+12,1
1C161003097,"C/PORTA CREMAGLIERA FORZA REG. ""CE""",712,119.16,8.01535E+12,6
1C161005044,"C/PORTA CREMAGLIERA PROFESSIONAL 2-6 ""CE""",712,161.15,8.01535E+12,1
1C161005045,"C/PORTA CREMAGLIERA PROFESSIONAL 2-6 ""CE""",712,161.15,8.01535E+12,1
1C161005088,"C/PORTA CREMAGLIERA PROFESSIONAL 2-6 ""CE""",712,161.15,8.01535E+12,1
1C161005090,"C/PORTA CREMAGLIERA PROFESSIONAL 2-6 ""CE""",712,161.15,8.01535E+12,1
1C161005097,"C/PORTA CREMAGLIERA PROFESSIONAL 2-6 ""CE""",712,161.15,8.01535E+12,6
1C161103044,"C/PORTA CISA PROFESSIONAL FORZA REG ""EN""",712,134.74,8.01535E+12,1
1C161103045,"C/PORTA CISA PROFESSIONAL FORZA REG ""EN""",712,134.74,8.01535E+12,1
1C161103087,"C/PORTA CISA PROFESSIONAL FORZA REG ""EN""",712,134.74,8.01535E+12,1
1C161103088,"C/PORTA CISA PROFESSIONAL FORZA REG ""EN""",712,134.74,8.01535E+12,1
1C161103090,"C/PORTA CISA PROFESSIONAL FORZA REG ""EN""",712,134.74,8.01535E+12,1
1C161103097,"C/PORTA CISA PROFESSIONAL FORZA REG ""EN""",712,134.74,8.01535E+12,6
1C161105044,"C/PORTA CREMAGLIERA PROFESSIONAL 2-6 ""EN""",712,181.69,8.01535E+12,1
1C161105045,"C/PORTA CREMAGLIERA PROFESSIONAL 2-6 ""EN""",712,181.69,8.01535E+12,1
1C161105088,"C/PORTA CREMAGLIERA PROFESSIONAL 2-6 ""EN""",712,181.69,8.01535E+12,1
1C161105090,"C/PORTA CREMAGLIERA PROFESSIONAL 2-6 ""EN""",712,181.69,8.01535E+12,6
1C161105097,"C/PORTA CREMAGLIERA PROFESSIONAL 2-6 ""EN""",712,181.69,8.01535E+12,6
1C201002045UL ,C PORTA CREMAGLIERA PROFESSIONALE  CE  USO MARINO,712,175.55,8.01535E+12,
1C201002097UL,C PORTA CREMAGLIERA PROFESSIONALE  CE  USO MARINO,712,175.55,8.01535E+12,
1C201003044,"C/PORTA CREMAGLIERA PROFESSIONALE ""CE""",712,113.24,8.01535E+12,1
1C201003045,"C/PORTA CREMAGLIERA PROFESSIONALE ""CE""",712,113.24,8.01535E+12,1
1C201003087,"C/PORTA CREMAGLIERA PROFESSIONALE ""CE""",712,113.24,8.01535E+12,1
1C201003088,"C/PORTA CREMAGLIERA PROFESSIONALE ""CE""",712,113.24,8.01535E+12,1
1C201003090,"C/PORTA CREMAGLIERA PROFESSIONALE ""CE""",712,113.24,8.01535E+12,1
1C201003097,"C/PORTA CREMAGLIERA PROFESSIONALE ""CE""",712,113.24,8.01535E+12,6
1C211003044,"C/PORTA PROFESSIONAL 1-4 ""CE""",712,191.73,8.01535E+12,6
1C211003045,"C/PORTA PROFESSIONAL 1-4 ""CE""",712,191.73,8.01535E+12,1
1C211003087,"C/PORTA PROFESSIONAL 1-4 ""CE""",712,191.73,8.01535E+12,1
1C211003088,"C/PORTA PROFESSIONAL 1-4 ""CE""",712,191.73,8.01535E+12,1
1C211003090,"C/PORTA PROFESSIONAL 1-4 ""CE""",712,191.73,8.01535E+12,6
1C211003097,"C/PORTA PROFESSIONAL 1-4 ""CE""",712,191.73,8.01535E+12,6
1D520003044,CHIUDIPORTA MODULO VARIABILE FORZA REGOLABILE 1-4,725,172.44,8.01535E+12,6
1D520003045,CHIUDIPORTA MODULO VARIABILE FORZA REGOLABILE 1-4,725,172.44,8.01535E+12,6
1D520003088,CHIUDIPORTA MODULO VARIABILE FORZA REGOLABILE 1-4,725,172.44,8.01535E+12,6
1D520003097,CHIUDIPORTA MODULO VARIABILE FORZA REGOLABILE 1-4,725,172.44,8.01535E+12,6
1D521003044,CHIUDIPORTA MOD VAR FORZA REG 1-4 CON ARRESTO,725,195.37,8.01535E+12,6
1D521003045,CHIUDIPORTA MOD VAR FORZA REG 1-4 CON ARRESTO,725,195.37,8.01535E+12,6
1D521003088,CHIUDIPORTA MOD VAR FORZA REG 1-4 CON ARRESTO,725,195.37,8.01535E+12,6
1D521003097,CHIUDIPORTA MOD VAR FORZA REG 1-4 CON ARRESTO,725,195.37,8.01535E+12,6
1D620003044,CHIUDIPORTA A CAMME FORZA REGOLABILE 2-4 SPINGERE,725,302.53,8.01535E+12,6
1D620003045,CHIUDIPORTA A CAMME FORZA REGOLABILE 2-4,725,302.53,8.01535E+12,1
1D620003087,CHIUDIPORTA A CAMME FORZA REGOLABILE 2-4 SPINGERE,725,302.53,8.01535E+12,1
1D620003088,CHIUDIPORTA A CAMME FORZA REGOLABILE 2-4 SPINGERE,725,302.53,8.01535E+12,1
1D620003090,CHIUDIPORTA A CAMME FORZA REGOLABILE 2-4 SPINGERE,725,302.53,8.01535E+12,6
1D620003097,CHIUDIPORTA A CAMME FORZA REGOLABILE 2-4 SPINGERE,725,302.53,8.01535E+12,6
1D621003044,CHIUDIPORTA A CAMME FORZA REGOLABILE 2-4 TIRARE,725,302.53,8.01535E+12,1
1D621003045,CHIUDIPORTA A CAMME FORZA REGOLABILE 2-4 TIRARE,725,302.53,8.01535E+12,1
1D621003087,CHIUDIPORTA A CAMME FORZA REGOLABILE 2-4 TIRARE,725,302.53,8.01535E+12,1
1D621003088,CHIUDIPORTA A CAMME FORZA REGOLABILE 2-4 TIRARE,725,302.53,8.01535E+12,1
1D621003090,CHIUDIPORTA A CAMME FORZA REGOLABILE 2-4 TIRARE,725,302.53,8.01535E+12,6
1D621003097,CHIUDIPORTA A CAMME FORZA REGOLABILE 2-4 TIRARE,725,302.53,8.01535E+12,6
1D720004044,C/PORTA HIGH EFFICIENCY A TIRARE SENZA ARRESTO,725,451.78,8.01535E+12,6
1D720004087,C/PORTA HIGH EFFICIENCY A TIRARE SENZA ARRESTO,725,458.9,8.01535E+12,6
1D720004097,C/PORTA HIGH EFFICIENCY A TIRARE SENZA ARRESTO,725,451.78,8.01535E+12,6
1D7200040C2,C/PORTA HIGH EFFICIENCY A TIRARE SENZA ARRESTO,725,486.55,8.01535E+12,6
1D721004044,C/PORTA HIGH EFFICIENCY A SPINGERE SENZA ARRESTO,725,451.78,8.01535E+12,1
1D721004045,C/PORTA HIGH EFFICIENCY A SPINGERE SENZA ARRESTO,725,451.78,8.01535E+12,6
1D721004087,C/PORTA HIGH EFFICIENCY A SPINGERE SENZA ARRESTO,725,451.78,8.01535E+12,6
1D721004090,C/PORTA HIGH EFFICIENCY A SPINGERE SENZA ARRESTO,725,451.78,8.01535E+12,6
1D721004097,C/PORTA HIGH EFFICIENCY A SPINGERE SENZA ARRESTO,725,451.78,8.01535E+12,6
1D7210040C2,C/PORTA HIGH EFFICIENCY A SPINGERE SENZA ARRESTO,725,486.55,8.01535E+12,6
1D820003097,CHIUDIPORTA A CAMME FORZA REGOLABILE 2-4 NASCOSTO,725,273.06,8.01535E+12,6
1.00E+00,ATTUATORE LITE PER MATIC E EXIT,3066,240.2,8.01535E+12,1
1.00E+01,MOTORE EACT PER ALPHA,898,389.1,8.01535E+12,1
1E651538000NF,"SER.ELETTRON.APPL. X PB ""GREG""",2202,1339.97,8.01535E+12,
1E6515880,SER.ELETTRON.APPL. X PB SENZA DOTAZIONE (RICAMBIO),2202,805.36,8.01535E+12,
1E651598000NF,SER.ELETTRON.APPL. X PB SENZA DOTAZIONE (RICAMBIO),2202,805.36,8.01535E+12,
1E6516280,EADL APPL+STATO PORTA,2202,862.76,8.01535E+12,1
1E651628000DH,EADL APPL+STATO PORTA(+10MM),2202,862.76,8.01535E+12,1
1E651628000HV,EADL APPL+STATO PORTA(ATAC),2202,888.84,8.01535E+12,1
1E651628000VM,"EADL APPL+STATO PORTA (+2MM,ATT LATERALI)",2202,862.76,8.01535E+12,1
1E651628000VR,"EADL APPL+STATO PORTA (+21,5MM)",2202,862.76,8.01535E+12,1
1E6516380,EADL APPL+STATO PORTA,2202,862.76,8.01535E+12,1
1E651638000CA,EADL APPL+STATO PORTA(BLINFORT),2202,862.76,8.01535E+12,1
1E651638000DH,EADL APPL+STATO PORTA(+10MM),2202,862.76,8.01535E+12,1
1E651638000NF,EADL APPL+STATO PORTA(STEELPROJECT),2202,862.76,8.01535E+12,1
1E651638000PG,"EADL APPL+STATO PORTA (CAT+18MM,ALIAS)",2202,862.76,8.01535E+12,1
1E6516380M8PG,"EADL APPL+STATO PORTA (CAT+18MM,ALIAS,M8)",2202,862.76,8.01535E+12,1
1E6516480,EADL APPL+STATO PORTA (CONF INDUS),2202,836.12,8.01535E+12,4
1E651648000DH,EADL APPL+STATO PORTA(+10MM) (CONF INDUS),2202,836.12,8.01535E+12,4
1E651658000CA,EADL APPL+STATO PORTA(BLINFORT) (CONF. INDUS),2202,836.12,8.01535E+12,4
1E651658000NF,EADL APPL+STATO PORTA(STEELPROJECT) (CONF. INDUS),2202,836.12,8.01535E+12,4
1E651658000PG,"EADL APPL+STATO PORTA (CAT+18MM,ALIAS) (CONF. IND)",2202,836.12,8.01535E+12,4
1E6516580M8PG,"EADL APPL+STATO PORTA(CAT+18MM,ALIAS,M8)(CONF IND)",2202,836.12,8.01535E+12,4
1E6517280,DOMO-SERR MOTOR APPL X PB+STATO PORTA,2202,897.04,8.01535E+12,1
1E651728000DH,DOMO-SERR MOTOR APPL X PB+STATO PORTA (+10MM),2202,897.04,8.01535E+12,1
1E651728000VM,"DOMO-SERR MOTOR APPL X PB+STATO PORTA (+2MM,ATT L)",2202,897.04,8.01535E+12,1
1E651728000VR,"DOMO-SERR MOTOR APPL X PB+STATO PORTA (+21,5MM)",2202,897.04,8.01535E+12,1
1E6517380,DOMO-SERR MOTOR APPL X PB+STATO PORTA,2202,897.04,8.01535E+12,1
1E651738000CA,DOMO-SERR MOTOR APPL X PB+STATO PORTA (BLINFORT),2202,897.04,8.01535E+12,1
1E651738000NF,DOMO-SERR MOTOR APPL X PB+STATO PORTA (STEELPR),2202,897.04,8.01535E+12,1
1E651738000PG,DOMO-SERR MOTOR APPL X PB+STATO PORTA (ALIAS),2202,897.04,8.01535E+12,1
1E6517380M8PG,"DOMO-SERR MOTOR APPL X PB+STATO PORTA (ALIAS,M8)",2202,897.04,8.01535E+12,1
1E651748000DH,DOMO-SERR MOTOR APPL X PB+STATO PORTA (+10MM)(CI),2202,869.58,8.01535E+12,4
1E6517580,DOMO-SERR MOTOR APPL X PB+STATO PORTA (CONF INDUS),2202,869.58,8.01535E+12,4
1E651758000CA,DOMO-SERR MOTOR APPL XPB+STATO PORTA(BLINFORT),2202,869.58,8.01535E+12,4
1E651758000NF,DOMO-SERR MOTOR APPL XPB+STATO PORTA(STEELPR),2202,869.58,8.01535E+12,4
1E651758000PG,DOMO-SERR MOTOR APPL XPB+STATO PORTA(ALIAS),2202,869.58,8.01535E+12,4
1E651758000ZG,DOMO RIM LOCK INT.38 BAUXT,2202,869.57,8.01535E+12,4
1E6517580M8PG,"DOMO-SERR MOTOR APPL XPB+STATO PORTA(ALIAS,M8)",2202,869.58,8.01535E+12,4
1E6536280,EADL INF.+STATO PORTA,2202,862.76,8.01535E+12,1
1E6537280,DOMO-SERR MOTOR INF. X PB+STATO PORTA,2202,907.17,8.01535E+12,1
1N1001000,NUKI SMARTLOCK V2 - CISA - SOUTH EUROPE,5100,461.4,8.01535E+12,
1N100101A,NUKI FOB,5101,79.31,8.01535E+12,1
1N100101B,NUKI KEYPAD,5101,158.62,8.01535E+12,1
1N100101G,NUKI POWER PACK (WHITE),5101,100.3,8.01535E+12,1
1N100101H,NUKI DOOR SENSOR (WHITE),5101,80.21,8.01535E+12,1
1N100101K,NUKI ADATTATORE PER CILINDRI CON POMOLO,5101,7.34,8.01535E+12,1
1N100101M,NUKI SMARTLOCK PRO (BRUSHLESS),5100,437.75,8.01535E+12,1
1N100101R,REMOTE ACCESS PER DOMO CONNEXA,910,545.24,8.01535E+12,1
1N100101T,NUKI KEYPAD 2.0 (RIM FINGERPRINT),5101,285.93,8.01535E+12,1
1N100101U,NUKI KEYPAD 2.0 PRO (MORTICE FINGERPRINT),5101,570.89,8.01535E+12,1
1N100102C,NUKI OPENER (WHITE),5101,203.38,8.01535E+12,1
1N100102D,NUKI BRIDGE (WHITE),5101,203.38,8.01535E+12,1
1N100102L,NUKI SMARTLOCK 4.0 LIGHT (WHITE),5100,305.15,8.01535E+12,1
1N100102Q,NUKI SMARTLOCK 4.0 PRO (WHITE),5100,509.91,8.01535E+12,1
1N100103L,NUKI SMARTLOCK GO,5100,242.05,8.01535E+12,1
1S691748000CE,"SERR.CIL.ANTIP. TIPO ""D"" SPORG.SCR. +64 MM (VIGHI)",2206,280.77,8.01535E+12,5
2329071009,COPPIA PLACCHE ESTERNE INOX CON FORO CILINDRO,7201,101.78,8.01535E+12,1
2329100009,COPPIA PLACCHE ESTERNE INOX SENZA FORO CILINDRO,7201,101.78,8.01535E+12,1
2823.PS,C/PORTA PAV. SENZA FERMO FORZA 3 BRITON INOX L,721,140.87,0,1
2824.PS,C/PORTA PAV. SENZA FERMO FORZA 4 BRITON INOX L,721,142.56,0,1
2980014,SET VITI PER MANIGLIA INOX (4 PCS),986,6.02,0,4
2980046009,PLACCA ESTERNA INOX SENZA FORO CILINDRO,7201,61.07,8.01535E+12,1
3050100700,E-CYLINDER READER MULTISTD 3LED,6357,935.22,8.01535E+12,1
3050100830,E-CYLINDER READER IP66 MULTISTD 3L,6357,1030.52,8.01535E+12,1
3050102600,E-CYLINDER BATTERY CHANGE TOOL (5PCS),6361,75.01,8.01535E+12,
3050104000,"E-CYLINDER KNOB 29,5MM",6361,31.92,8.01535E+12,
3050105000,E-CYLINDER BODY 30-30,6353,109.63,8.01535E+12,
3050106100,E-CYLINDER BODY 30-35,6353,124.57,8.01535E+12,
3050106200,E-CYLINDER BODY 30-40,6353,139.51,8.01535E+12,
3050106900,E-CYLINDER BODY 35-35,6353,139.51,8.01535E+12,
3050107000,E-CYLINDER BODY 35-40,6353,154.44,8.01535E+12,
3050107800,E-CYLINDER BODY 45-40,6353,184.3,8.01535E+12,
3050108100,E-CYLINDER BODY 40-60,6353,229.09,8.01535E+12,
3050108400,E-CYLINDER BODY 45-45,6353,199.22,8.01535E+12,
3050115000,E-CYLINDER HALF BODY 30-10,6353,243.13,8.01535E+12,
389M.N.SE,PUSH PAD INFILARE BRITON,740,123.57,0,1
500709021,ASTE SPING.X L30-L40-C82-FILETT. (13853),AUX,30.53,0,1
503309024,MACC.X CAR.P.M.C82 OVALE,AUX,689.32,0,1
503329141,SCARPINE PER C.82 OVALE,AUX,191.5,0,1
606602026,PINZE SERRAG.GHIERE OVALE,AUX,198.59,0,1
6303144000,PLACCA ESTERNA INOX CON FORO CILINDRO,7201,61.07,8.01535E+12,1
84PD11PZ11200,CILINDRETTO NICHEL PROF  PZ CON FORI AT SBAVATO,S216,4.48,0,
84PD17PZ11200,CILINDRETTO NICHEL PROF  PZ CON FORI AT SBAVATO,S216,6.27,0,
84QP115000000,GAMBO POMOLO PER MODULARE,SLNT,7.53,0,1
95002,MAGNETE APPLICARE MEGALED,8020,323.98,8.01535E+12,
95005,SUPPORTO PER MAGNETE - L,8021,68.18,8.01535E+12,
BAC671030300009,CORPO CILINDRO DOPPIO 30/30 PROFILO EUROPEO,6353,105.94,8.01535E+12,1
BAC671035450009,CORPO CILINDRO DOPPIO 35/45 PROFILO EUROPEO,6353,163.64,8.01535E+12,1
BAC671035500009,CORPO CILINDRO DOPPIO 35/50 PROFILO EUROPEO,6353,178.07,8.01535E+12,1
BAC671040400009,CORPO CILINDRO DOPPIO 40/40 PROFILO EUROPEO,6353,163.64,8.01535E+12,1
BAC671040450009,CORPO CILINDRO DOPPIO 40/45 PROFILO EUROPEO,6353,178.07,8.01535E+12,1
BAC671050500009,CORPO CILINDRO DOPPIO 50/50 PROFILO EUROPEO,6353,221.34,8.01535E+12,1
BAC671135100009,CORPO CILINDRO MEZZO 35/10 PROFILO EUROPEO,6353,249.32,8.01535E+12,1
BAC671140100009,CORPO CILINDRO MEZZO 40/10 PROFILO EUROPEO,6353,263.76,8.01535E+12,1
BAC671145100009,CORPO CILINDRO MEZZO 45/10 PROFILO EUROPEO,6353,278.19,8.01535E+12,1
BAC671155100009,CORPO CILINDRO MEZZO 55/10 PROFILO EUROPEO,6353,307.03,8.01535E+12,1
BAC671160100009,CORPO CILINDRO MEZZO 60/10 PROFILO EUROPEO,6353,321.46,8.01535E+12,1
BAC671165100009,CORPO CILINDRO MEZZO 65/10 PROFILO EUROPEO,6353,335.88,8.01535E+12,1
BAC671170100009,CORPO CILINDRO MEZZO 70/10 PROFILO EUROPEO,6353,350.31,8.01535E+12,1
BAC671200000009,POMOLO MECC. DIAM. 29 PER CORPO CILINDRO,6361,30.84,8.01535E+12,1
D9232412500VG,GRUP.MAZ.CHIAV.FORM.DA 5 CH.CORTE,SL,5.59,0,1
D923241450000,GRUPCHX DMPB RICIFCON 5 CHLUNGHE,SL,25.62,0,1
D97013555,"CHIAVE LUNGA X DMPBR""CANTIERE""",SL,5.2,0,1
J33101260,NASELLO PISTONE ANTISCASSO,SL,1.12,8.01535E+12,500
J33101740,QUADRO ADATTATORE 9-8,SL,1.3,0,1
J3505406200PP,CIL.TTO  L.50 CON PROF. PERS.,SL,12.27,8.01535E+12,1
J35054190,SPINA CILINDRETTO L50,SL,204.99,8.01535E+12,1
J3505419012,SPINA CILINDRETTO L50,SL,0.43,8.01535E+12,1
J35060190,SPINA CILINDRETTO L60,SL,204.99,8.01535E+12,1000
J35550005,GR. LUCCHETTO L.50 CROMATO,SL,49.04,8.01535E+12,1
J37251150,PIASTRINO,SL,9.86,0,1
J37411180,PROTEZIONE,SL,2.66,0,1
J4047206000PP,CILINDRETTO  X 02500,S004,4.9,8.01535E+12,1
J4130108012,CIL.TTO X NUOVO ASTRAL,SL,2.78,8.01535E+12,100
J4130112012,CIL.TTO ASTRAL  PROFILO W12,SL,3.86,8.01535E+12,1
J4130118012,CILINDRETTO ASTRAL,S001,2.99,0,1
J4130120012,CILINDRETTO,SL,3.86,0,1
J41301222,GRUPPO INGEGNO X NUOVO ASTRAL (DOPPIO),SL02,0.63,8.01535E+12,1
J4130124012,CILINDRETTO ASTRAL NICHELATO PROF W24,SL,3.44,0,1
J4130128012,CILINDRETTO ASTRAL NICHELATO PROF W28,SL,3.44,0,1
J41301600,CILINDRETTO,SL,3.41,0,1
J4130160012,CILINDRETTO  ASTRAL,SL,3.12,0,1
J4130308012,CIL.TTO X NUOVO ASTRAL,SL,2.96,0,100
J4130312012,CIL.TTO PER NUOVO ASTRAL NICH.,SL,4.16,0,1
J4130315012,CILINDRETTO ASTRAL PROFILO W15,SL,3.79,0,1
J4130318012,CILINDRETTO ASTRAL PROFILO,SL,4.84,0,1
J4130320012,CILINDRETTO ASTRAL PROFILO W20,SL,4.16,0,1
J4130324012,CILINDRETTO ASTRAL NICHELATO PROF W24,SL,3.79,0,1
J4130328012,CILINDRETTO ASTRAL NICHELATO PROF W28,SL,3.79,0,1
J41303600,CILINDRETTO ASTRAL,SL,3.5,0,1
J4130360012,CILINDRETTO ASTRAL,SL,3.57,0,1
J4130508012,CIL.TTO X NUOVO ASTRAL,SL,3.12,0,100
J4130512012,CIL.TTO LATO 40 ASTRAL NICH.,SL,4.16,0,1
J4130518012,CIL.TTO X NUOVO ASTRAL,SL,5.25,0,1
J4130520012,CILINDRETTO ASTRAL PROFILO W20,SL,4.33,0,1
J4130524012,"CIL.TTO ASTRAL PROF 8.900.24 ""6+4"" L=38,5",S132,3.85,0,1
J4130528012,CILINDRETTO ASTRAL NICHELATO PROF W28,SL,4.01,0,1
J4130560012,CILINDRETTO ASTRAL,SL,3.78,0,1
J42401220,INGEGNO X NUOVO ASTRAL CON POMOLO,SL,0.67,0,1
J42401500,GAMBO POMOLO X NUOVO ASTRAL,SL,7.28,0,1
J42401584,INNESTO PER ASTRAL POMOLO,SL,9.54,0,1
J42402500,GAMBO POMOLO,SL,7.74,0,1
J42403500,GAMBO POMOLO X NUOVO ASTRAL,SL,8.02,0,1
J42405500,GAMBO POMOLO X NUOVO ASTRAL,SL,8.73,0,1
J42407500,GAMBO POMOLO X NUOVO ASTRAL,SL,9.51,0,1
J42408500,GAMBO POMOLO X NUOVO ASTRAL,SL,10.16,0,1
J42409500,GAMBO POMOLO X NUOVO ASTRAL,SL,10.9,0,1
J42410500,GAMBO POMOLO X NUOVO ASTRAL,SL,11.68,0,1
J42412500,GAMBO POMOLO IN OTTONE X NUOVO ASTRAL,SL,11.89,0,1
J42413500,GAMBO POMOLO,SL,12.94,0,1
J42415500,GAMBO POMOLO,SL,14.74,0,1
J42801220,INGEGNO,S004,0.57,8.01535E+12,1
J4340100212,CILINDRO ASTRAL,SL,12.81,0,1
J44601500,GAMBO POMOLO RASABILE X ASTRAL,SL,11.96,0,100
J4AF11584,GRUPPO INNESTO,SL,4.34,0,1
J4AF13584,GRUPPO INNESTO,SL,4.74,0,1
J4AF17584,GRUPPO INNESTO,SL,5.05,0,1
J4AL11584,GRUPPO INNESTO AP3 CAMMA LIBERA,SL,4.74,0,1
J4AL13584,GRUPPO INNESTO AP3 CAMMA LIBERA,SL,5.05,0,1
J4AL17584,GRUPPO INNESTO AP3 CAMMA LIBERA,SL,5.45,0,1
J4AP11584,GRUPPO INNESTO POMOLO,SL,5.71,8.01535E+12,1
J4AP17584,GRUPPO INNESTO POMOLO,SL,5.94,0,1
J4BE01011,"LINGUETTA  (PU 0,170)",SL,0.35,0,1
J4BE010D312,MODULO L30 NICHEL.,SL,24.66,0,1
J4BE010D314,MODULO L30 SABB/NICHEL.,SL,25.83,0,1
J4BE020D314,MODULO L35 SABB/NICHEL.,SL,27.58,0,1
J4BM2204081,GIUNTO MEZZO CILINDRO MODULO 105/10,SL,22.06,8.01535E+12,1
J4CD11B2000PP,CILINDRETTO,S004,4.64,8.01535E+12,1
J4CD11B2012PP,CILINDRETTO,S004,4.64,8.01535E+12,1
J4CD14B2012PP,CILINDRETTO,S004,4.78,8.01535E+12,
J4CD15B2000PP,CILINDRETTO,S004,4.91,8.01535E+12,1
J4CD15B2012PP,CILINDRETTO,S004,5.05,8.01535E+12,1
J4CD16B2012PP,CILINDRETTO,S004,5.12,8.01535E+12,
J4CD17B2000PP,CILINDRETTO,S004,5.14,8.01535E+12,1
J4CD17B2012PP,CILINDRETTO,S004,5.2,8.01535E+12,1
J4CD19B2012PP,CILINDRETTO,S004,5.33,8.01535E+12,
J4CD20B2012PP,CILINDRETTO,S004,5.46,8.01535E+12,
J4CD22B2012PP,CILINDRETTO,S004,5.74,8.01535E+12,
J4CD23B2012PP,CILINDRETTO   X C2000,S004,6.02,8.01535E+12,
J4CD24B2012PP,CILINDRETTO   X C2000,S004,6.29,8.01535E+12,
J4CD26B2012PP,CILINDRETTO,S004,6.57,8.01535E+12,
J4CD29B2012PP,CILINDRETTO,S004,7.4,8.01535E+12,
J4CDK1B2012PP,CILINDRETTO,S004,4.43,8.01535E+12,
J4CDK3B2012PP,CILINDRETTO,S004,4.85,8.01535E+12,
J4CDK4B2012PP,CILINDRETTO,S004,5.05,0,
J4KF200M0,"ESTENSIONE MODULO RS5-RX ""K20"" IN ZAMA",SL,11.54,8.01535E+12,1
J4MD1103012,CILINDRETTO NK ASTRAL TEKNO PROF S03,S215,6.72,8.01535E+12,1
J4MD1112012,CIL.TTO ASTRAL TEKNO,S215,6.72,0,1
J4MD1120012,CIL.TTO ASTRAL TEKNO,S215,6.18,0,1
J4MD117B312,CIL.ASTRAL SIGILLO 30-30,S101,25.83,0,1
J4MD1503012,CILINDRETTO NK ASTRAL TEKNO PROF S03,S215,7.2,8.01535E+12,1
J4MD1520012,CIL.TTO ASTRAL TEKNO,S215,6.62,0,1
J4MD1703012,CILINDRETTO NK ASTRAL TEKNO PROF S03,S215,8.37,8.01535E+12,1
J4MD1712012,CILINDRETTO,S215,8.37,8.01535E+12,1
J4MM020D212,1/2 CILINDRO CHIAVE PIATTA 30/10,SL,9.87,0,1
J4ND110B212,CILINDRO TEKNO PRO NICHELATO 30/30,S010,16.02,0,1
J4ND1117112,CILINDRETTO TEKNO PRO NICH PROF.S17 SBAVATO,S216,15.58,0,1
J4ND1517112,CILINDRETTO TEKNO PRO NICH PROF.S17 SBAVATO,S216,17.08,0,1
J4ND1717112,CILINDRETTO TEKNO PRO NICH PROF.S17 SBAVATO,S216,17.43,0,1
J4ND250B212,CILINDRO TEKNO PRO NICHELATO 30/50,S137,18.88,0,1
J4ND280B212,CILINDRO TEKNO PRO NICHELATO 40/40,S010,18.88,0,1
J4PD11PG112,CILINDRETTO AP4 PROF. PG  L.30,S073,9.22,8.01535E+12,1
J4PD11PG166,CILINDRETTO AP4 PROF. PG  L.30  LUCIDO,S073,9.22,8.01535E+12,1
J4PD15PG112,CILINDRETTO AP4 PROF. PG  L.35,S073,9.94,8.01535E+12,1
J4PD15PG166,CILINDRETTO AP4 PROF. PG  L.35  LUCIDO,S073,9.94,8.01535E+12,1
J4PD17PG112,CILINDRETTO AP4 PROF. PG  L.40,S073,10.63,8.01535E+12,1
J4PD17PG166,CILINDRETTO AP4 PROF. PG  L.40  LUCIDO,S073,10.63,8.01535E+12,1
J4PE5104081,BARRA MODULO PER 40-65,978,31.22,8.01535E+12,1
J4PE5504081,BARRA MODULO PER 35-75,978,34.05,8.01535E+12,1
J4PE5704081,BARRA MODULO PER 45-65,978,34.05,8.01535E+12,1
J4PE6004081,BARRA MODULO PER 30-85,978,36.92,8.01535E+12,1
J4PE6104081,BARRA MODULO PER 35-80,978,36.92,8.01535E+12,1
J4PE6204081,BARRA MODULO PER 40-75,978,36.92,8.01535E+12,1
J4PE6304081,BARRA MODULO PER 45-70,978,36.92,8.01535E+12,1
J4PE6604081,BARRA MODULO PER 30-90,978,39.74,8.01535E+12,1
J4PE6704081,BARRA MODULO PER 35-85,978,39.74,8.01535E+12,1
J4PE6904081,BARRA MODULO PER 45-75,978,39.74,8.01535E+12,1
J4PE7004081,BARRA MODULO PER 50-70,978,39.74,8.01535E+12,1
J4PE7404081,BARRA MODULO PER 35-90,978,42.58,8.01535E+12,1
J4PE7504081,BARRA MODULO 40-85,SL,38.04,8.01535E+12,1
J4PE7604081,BARRA MODULO PER 45-80,978,42.58,8.01535E+12,1
J4PE7704081,BARRA MODULO PER 50-75,978,42.58,8.01535E+12,1
J4PE8004081,BARRA MODULO PER 30-100,978,45.41,8.01535E+12,1
J4PE8104081,BARRA MODULO PER 35-95,978,45.41,8.01535E+12,1
J4PE8204081,BARRA MODULO 40-90,SL,39.03,8.01535E+12,1
J4PE8604081,BARRA MODULO 60-70,SL,39.03,8.01535E+12,1
J4PE8704081,BARRA MODULO 65-65,SL,39.03,8.01535E+12,1
J4PE8804081,BARRA MODULO 70-70,SL,41.04,8.01535E+12,1
J4PEF104081,BARRA MODULO 30-105,SL,40.04,8.01535E+12,1
J4PEF204081,BARRA MODULO 35-100,SL,40.04,8.01535E+12,1
J4PEF404081,BARRA MODULO 45-60,SL,40.04,8.01535E+12,1
J4PEG104081,BARRA MODULO 30-110,SL,41.04,8.01535E+12,1
J4PEG204081,BARRA MODULO 35-105,SL,41.04,8.01535E+12,1
J4PEG304081,BARRA MODULO 40-100,SL,41.04,8.01535E+12,1
J4PEL104081,BARRA MODULO 30-115,SL,42.03,8.01535E+12,1
J4PEL204081,BARRA MODULO 35-110,SL,42.03,8.01535E+12,1
J4PEL304081,BARRA MODULO 40-105,SL,42.03,8.01535E+12,1
J4PEL404081,BARRA MODULO 45-100,SL,42.03,8.01535E+12,1
J4PEM004081,BARRA MODULO 75-75,SL,43.03,8.01535E+12,1
J4PEM104081,BARRA MODULO 30-120,SL,43.03,8.01535E+12,1
J4PEM304081,BARRA MODULO 40-110,SL,43.03,8.01535E+12,1
J4PEM404081,BARRA MODULO 45-105,SL,43.03,8.01535E+12,1
J4PEM504081,BARRA MODULO 50-100,SL,43.03,8.01535E+12,1
J4PEN004081,BARRA MODULO 30-125,SL,44.03,8.01535E+12,1
J4PEN104081,BARRA MODULO 35-120,SL,44.03,8.01535E+12,1
J4PEN304081,BARRA MODULO 45-110,SL,44.03,8.01535E+12,1
J4PEQ004081,BARRA MODULO 30-130,SL,45.69,8.01535E+12,1
J4PEQ104081,BARRA MODULO 40-120,SL,45.69,8.01535E+12,1
J4PEQ304081,BARRA MODULO 50-110,SL,45.69,8.01535E+12,1
J4PEQ504081,BARRA MODULO 60-100,SL,45.69,8.01535E+12,1
J4PER004081,BARRA MODULO 35-130,SL,46.69,8.01535E+12,1
J4PER104081,BARRA MODULO 45-120,SL,46.69,8.01535E+12,1
J4PES004081,BARRA MODULO 30-140,SL,46.69,8.01535E+12,1
J4PES104081,BARRA MODULO 50-120,SL,46.69,8.01535E+12,1
J4PES904081,BARRA MODULO 40-130,SL,46.69,8.01535E+12,1
J4PET004081,BARRA MODULO 35-140,SL,48.69,8.01535E+12,1
J4PET804081,BARRA MODULO 45-130,SL,48.69,8.01535E+12,1
J4PEU004081,BARRA MODULO 40-140,SL,49.68,8.01535E+12,1
J4QP11500,GAMBO POMOLO PER MODULARE,SL,7.53,0,1
J4QR11500,GAMBO POMOLO RASABILE PER MODULARE,SL,11.96,0,1
J4TD1102012PP,CILINDRETTO L=30 PP NK,SL,6.99,8.01535E+12,200
J4TD1502012PP,CILINDRETTO L=35 PP NK,SL,6.99,8.01535E+12,200
J4TD1702012PP,CILINDRETTO L=40 PP NK,SL,7.44,8.01535E+12,200
J89152970,ETICHETTA,SL,0.13,8.01535E+12,1
J89152980,ETICHETTA,SL,0.13,8.01535E+12,1
J90312369,SBOZZO ASTRAL TEKNO COLLO LUNGO NO TESTA S12 ALPAC,3909,8.25,0,50
J98061711,"PIASTRINO GUIDA (FORO 10,5)",SL,1.92,0,1
K19192810,MANIGLIA DX.X ART.11721,SL,5.26,8.01535E+12,50
K19193810,MANIGLIA SN.X ART.11721,SL,5.26,8.01535E+12,50
K19492810,MANIGLIA DX.X ART.11610,SL,5,8.01535E+12,1
K19493810,MANIGLIA SN.X ART.11610,SL,5.26,8.01535E+12,1
K19592810,MANIGLIA DX.X ART.11630,SL,5.26,8.01535E+12,1
K19592850,PULSANTE DX.PC-PONTE,SL,2.39,8.01535E+12,1
K19593810,MANIGLIA SN.X ART.11630,SL,5.26,8.01535E+12,1
K19593850,PULSANTE SN.PC-PONTE,SL,2.39,8.01535E+12,1
K19901132,GR. CARTER X ELETTRICA,SL,18.95,8.01535E+12,1
K1990113279,GR. CARTER ZINCATO X ELETTRIKA,SL,17.2,8.01535E+12,1
K19921850,PULSANTE X ELETTIKA,SL,2.31,8.01535E+12,1
K29971081,TESTATA X 53130,SL,103.76,8.01535E+12,1
K37205112,ARCO 16CRNI4PB X 28550-75,SL,7.57,8.01535E+12,1
K37207112,ARC.16CRNI4PB X 28550-84,SL,8.36,8.01535E+12,1
K40103200,INNESTO PER 08320-13+XP1,SL,0.95,8.01535E+12,1
K40347220,INGEGNO X CILINDRO TRIANGOLARE,SL,1.42,8.01535E+12,1
K40471850,PIASTRINO DI FISSAGGIO,SL,0.54,8.01535E+12,1
K40472060,CILINDRETTO DEST.,SL,3.88,8.01535E+12,1
K4047300266,CIL.TONDO D. 25,S004,6.51,8.01535E+12,1
K40629110,GHIERA,SL,0.19,8.01535E+12,1
K41001222,GRUPPO ING.X ABUS 08318,SL,2.14,8.01535E+12,1
K4100122200PG,GRUPPO ING.A CREMAGLIERA,SL,15.3,8.01535E+12,1
K41301220,INGEGNO,S007,0.57,8.01535E+12,1
K43101220,INGEGNO X MEZZI C83 ABUS (17844),SL,0.57,8.01535E+12,1
K45787222,GRUPPO INGEGNO PER SIVER,SL,2.14,8.01535E+12,1
K4801206214,CIL.TTO SP SABB./NK.,SL,17.29,8.01535E+12,1
K48111900,TAPPO IN ZAMA PER CIL.TSP,S012,155.8,8.01535E+12,1
K49607222,GR. INGEGNO CREMAGLIERA EUROBLIND 5P,SL,6.49,8.01535E+12,1
K4CD110A3,CIL.SMERIGLIATO CONIATO CISA 97030385,S001,10.36,8.01535E+12,1
K4CD110A312,CIL.NICHELATO CONIATO CISA 97030385,S001,5.98,8.01535E+12,1
K4CD11B1012,CILINDRETTO NICHELATO,SL,2.79,8.01535E+12,1
K4CD11B20,CILINDRETTO,SL,2.46,8.01535E+12,1
K4CD11B2012,CILINDRETTO NICHELATO,SL,2.73,8.01535E+12,500
K4CD15B20,CILINDRETTO,SL,2.76,8.01535E+12,1
K4CD15B2012,CILINDRETTO NICHELATO,SL,2.8,8.01535E+12,1
K4CD17B20,CILINDRETTO,SL,2.88,8.01535E+12,1
K4CD17B2012,CILINDRETTO NICHELATO,SL,3.65,8.01535E+12,1
K4CD20B20,CILINDRETTO,SL,3.49,8.01535E+12,1
K4CD20B2012,CILINDRETTO NICHELATO,SL,4.27,8.01535E+12,1
K4CD220A3,CIL.SMERIGLIATO CONIATO CISA 97030385,S001,10.36,8.01535E+12,1
K4CD22B20,CILINDRETTO,SL,4.02,8.01535E+12,1
K4CD22B2012,CILINDRETTO NICHELATO,SL,4.11,8.01535E+12,1
K4CD23B2012,CILINDRETTO NICHELATO,SL,4.61,8.01535E+12,500
K4CD24B2012,CILINDRETTO NICHELATO,SL,5.63,8.01535E+12,1
K4CD27B2012,CILINDRETTO,SL,6.61,8.01535E+12,
K4CF11220,INGEGNO,SL,0.57,8.01535E+12,1
K4CF11584,GRUPPO INNESTO,SL,4.34,8.01535E+12,1
K4CF13584,GRUPPO INNESTO,SL,4.74,8.01535E+12,1
K4CF17584,GRUPPO INNESTO,SL,5.05,8.01535E+12,1
K4CL11584,GRUPPO INNESTO CAMMA LIBERA,SL,4.74,8.01535E+12,1
K4CL13584,GRUPPO INNESTO CAMMA LIBERA,SL,5.05,8.01535E+12,1
K4CL17584,GRUPPO INNESTO CAMMA LIBERA,SL,5.45,8.01535E+12,1
K4CR11500,GAMBO POMOLO,S001,12.25,8.01535E+12,1
K4MD750A312,CIL. NICHELATO CONIATO CISA 97030385,S008,15.75,8.01535E+12,1
K4TD11020,CILINDRETTO L=30 T02,SL,2.83,8.01535E+12,1
K4TD1102012,CILINDRETTO L=30 T02 NK,SL,3.41,8.01535E+12,1
K4TD15020,CILINDRETTO L=35 T02,SL,3.28,8.01535E+12,1
K4TD1502012,CILINDRETTO L=35 T02 NK,SL,3.84,8.01535E+12,1
K4TD17020,CILINDRETTO L=40 T02,SL,3.67,8.01535E+12,1
K4TD1702012,CILINDRETTO L=40 T02 NK,SL,4.25,8.01535E+12,1
K67002810,PIASTRA SOTTO TESTATA PER TOUCH BAR,SL,2.85,8.01535E+12,1
K85000122,CONF.VITI E PIASTR.02500,SL,4.14,8.01535E+12,1
K8500012212,CONF.VITI-PIASTR.02500 NK,SL,4.31,8.01535E+12,1
K89133040,SIGILLO DI GARANZIA,SL,174.23,8.01535E+12,1
K89139140,ETIC. PER ASTUCCIO ASTRAL,SL,0.4,8.01535E+12,1
K89152310,ETIC. PER SCATOLA,SL,0.43,8.01535E+12,1
K89201150,CARTA DI PR.X TSP CISA,SL,4.96,8.01535E+12,1
K89204430,CARTA DI PROPR.AP3 SIGILLO X BKP,SL,0.95,0,1
K89205210,CARTA DI PROPRIETA' SP MARCATA BKP,SL,1.42,8.01535E+12,1
K89206860,CARTA DI PROPRIETA' C 3000,SL,1.7,0,1
K89207100,"CARTA DI PROPRIETA' AP4 STD SP. 0,76 MM",SL,1.15,8.01535E+12,1
K89207320,CARTA DI PROPRIETA' ASTRAL TEKNO PRO PERSONALIZ,SL80,0.56,0,100
K89207580,CARTA DI PROPRIETA'ASIX P8,SL,0.56,0,100
K89301640,TUBO X MULTIP.D60 X 2400,SL,14.8,0,1
K89301760,SUPPORTO INTERNO PER COFANETTI IN CARTONE,SL,0.69,0,1
K89502310,SAC.POL.NERO SCRITTA ORO X DM,SL,0.29,8.01535E+12,1
K89502400,SACCHETTO POLIESTERE,SL,0.3,8.01535E+12,1
K89502410,SACCHETTO POLIESTERE 100X60 VIOLA (PANT. P5265 C),SL,0.12,8.01535E+12,1
K89502420,"SACCH. IN PLASTICA 145 X 82,5 (NERO)",SL,0.94,8.01535E+12,1
K89601290,GRUPPO SCATOLA CONFEZIONE,SL,1.07,8.01535E+12,1
K89657993,ASTUCCIO PER CILINDRI C3000 L 90,SL,1.14,8.01535E+12,1
K89658053,ASTUCCIO PER CILINDRI C2000,SL,0.43,8.01535E+12,1
K89658200,SCATOLA PER CILINDRI C2000,SL,0.63,8.01535E+12,1
K89658203,ASTUCCIO PER CILINDRI C2000,SL,0.56,8.01535E+12,1
K89658313,ASTUCCIO PER CILINDRI C2000,SL,0.64,8.01535E+12,1
K89659883,ASTUCCIO ASTRAL BSI,SL,0.63,8.01535E+12,1
K89671009,ASTUCCIO X 46225.25,SL,0.3,8.01535E+12,1
K89676650,SCATOLA,SL,3.41,8.01535E+12,1
K89678340,SCATOLA CONFEZIONE X 11721-60-1,SL,1.56,0,1
K89737062,FONDO PER COFANETTO BIANCO,SL,1.66,0,1
K89737281,COPERCHIO COFANETTO ASTRAL TEKNO PRO L=165 MM,SL,1.46,0,1
K95228020,"SBOZZO NICHELATO CISA 97014015 SP.2,2 OTTONE",SL,1.13,8.01535E+12,1
K97030659,INGEGNO A INGRANAGGIO,S004,10.58,8.01535E+12,1
K97030660,INGEGNO A INGRANAGGIO,SL,7.58,8.01535E+12,1
K97120106,DADO X CILINDRI,S006,2.8,8.01535E+12,1
K97120108,VITE X CILINDRI VEGA,S006,1.16,8.01535E+12,1
K97120113,PERNO FILETTATO,S006,3.81,8.01535E+12,1
K9712016612,BORCHIA X CILINDRI,S006,8.77,8.01535E+12,1
K97120373,MICROSWITCH PER CILINDRI,SL,65.73,8.01535E+12,1
K97120696,SFERA DI CANTIERE,SL,188.36,8.01535E+12,1
K97120699,CARTA DI PROPRIETA' NUOVI CILINDRI ASTRAL,SL,0.79,0,1
K97120744,INSERTO PLAST NERO  CISA TESTA ASTRAL PERS,980,1.15,8.01535E+12,100
K97120745,INSERTO PLAST ROSSA CISA TESTA ASTRAL PERS,980,1.15,8.01535E+12,100
K97120746,INSERTO CISA ROSSO RAL 3000,980,1.15,8.01535E+12,100
K97120795,INSERTO IN PLASTICA ROSSO,SL,1.31,0,1
K97120885,INSERTO IN PLASTICA ROSSO RS3 X CHIAVI ALI,SL,1.51,8.01535E+12,1
K97120913,TESTA IN PLASTICA ASTRAL,SL,1.91,8.01535E+12,100
K97120914,INGEGNO A INGRANAGGI 10 DENTI,SL01,3.35,8.01535E+12,1
K97120917,GRUPPO INNESTO CAMMA LIBERA,SL,10.19,8.01535E+12,1
K97120949,LETTORE DI CIFRATURA X C3000,SL,96.83,8.01535E+12,1
K97121008,INSERTO IN PLASTICA GRIGIO,SL,1.14,8.01535E+12,1
K97121020,"INSERTO IN PLASTICA BLU 97.01.5420  ""AMSEVA""",SL,1.14,8.01535E+12,1
K97121029,INSERTO IN PLASTICA MARC. CISA BLU,SL,1.28,8.01535E+12,1
K97121030,INSERTO IN PLASTICA MARC. CISA VERDE,SL,1.28,8.01535E+12,1
K97121031,INSERTO IN PLASTICA MARC. CISA GIALLO,SL,1.28,8.01535E+12,1
K97121032,INSERTO IN PLASTICA MARC. CISA GRIGIO,SL,1.28,8.01535E+12,1
K97121083,"INS.SCUDO ""F.LLI TORCHIO"" CH. AP4 097015637",SL90,1.28,8.01535E+12,1
K97121206,INSERTO IN PLAST BIANCO NEUTRO,SL90,1.28,8.01535E+12,1
K97121225N1,TESTA IN PLASTICA ASIX P8 COLORE GRIGIO,SL,0.74,8.01535E+12,200
K97121225N2,TESTA IN PLASTICA ASIX P8 COLORE ROSSO,SL,0.74,8.01535E+12,200
K97121248,"INSERTO IN PLAST ROSSO RAL 3000 97.01.5964 ""ARMOR""",SL90,1.15,8.01535E+12,1000
K9806850079,ASTA ZINCATA L.1100 MM.,SL,18.2,8.01535E+12,1
K9807510079,PUNTALE ASTA,SL,1.16,8.01535E+12,1
K9827370095,PIASTRINO ALLUMINIO 3 MM.,SL,5.56,8.01535E+12,1
K98274470,PIASTRINO PER BOCCHETTA,SL,0.4,8.01535E+12,1
K98275132,BOCCHETTA DMIF,SL,4.1,8.01535E+12,1
K99001890,PERNO LATERALE X 08810 - 17831,SL,105.24,8.01535E+12,1
K99001900,PERNO X C83 TSP,SL,0.06,8.01535E+12,1
K99002190,PERNO X 08330/08334(17833),SL,169.34,8.01535E+12,1
K99006680,PROLUNGA 10 MM.X NUOVO CIL.ASTRAL CON POMOLO,SL,0.67,0,1
K99006700,PROLUNGA 15 MM.X NUOVO CIL.ASTRAL CON POMOLO,SL,0.67,0,1
K99006710,PROLUNGA 20 MM.X NUOVO CIL.ASTRAL CON POMOLO,SL,0.84,0,1
K99006720,PROLUNGA,SL,0.84,0,1
K99006730,PROLUNGA 30 MM,SL,0.84,0,1
K99006740,PROLUNGA,SL,0.97,8.01535E+12,1
K99006760,PROLUNGA 40 MM,SL,0.97,0,1
K99010010,PERNO/PROLUNGA X C83 POM.,SL,254.01,8.01535E+12,1
K99010020,PROLUNGA 08320-08328/12,SL,309.55,8.01535E+12,1
K99028340,SPINA IN ACCIAIO TEMPRATO,SL,229.92,8.01535E+12,1
K99029220,SPINA ARR.GAMBO POM.NICH.,SL,197.11,8.01535E+12,1
K99029860,SPINA  PROLUNGA,SL,0.4,8.01535E+12,1
K99029880,SPINA    PROLUNGA,SL,0.43,8.01535E+12,1
K99029890,PROLUNGA,SL,0.43,8.01535E+12,1
K99029900,SPINA   PROLUNGA,SL,0.43,8.01535E+12,1
K99029910,PROLUNGA 20 MM.X NUOVO CIL.ASTRAL (DOPPIO),SL,0.43,0,1
K99029920,PROLUNGA,SL,0.57,0,1
K99029930,PROLUNGA,SL,0.57,0,1
K99029940,PROLUNGA,SL,0.57,0,1
K99029950,PROLUNGA,SL,0.57,0,1
K99040720,MOLLA X 08320-08328,SL,143.95,8.01535E+12,1000
K99042330,MOLLA,SL,55.53,8.01535E+12,1
K99042580,MOLLA,SL,35.06,8.01535E+12,1
K9904303012,ANEL.PER CHIAV.X 090211,SL,99.36,8.01535E+12,1
K99043740,MOLLA X RS3,SL,84.67,8.01535E+12,1
K9904602079,LINGUETT.MM.30 ZINCATA,SL,254.01,8.01535E+12,
K9904605079,LINGUETT.MM.80 ZINCATA,SL,0.79,8.01535E+12,1
K99056160,CONTROPERNO,SL,483.34,8.01535E+12,1
K99056210,CONTROPERNO ACCIAIO,SL,483.34,8.01535E+12,1
K99058010,CONTROPERNO ACCIAIO BKP,SL,376.67,8.01535E+12,1
K99060380,CONTROPERNO ACCIAIO,SL,379.91,8.01535E+12,1
K99060390,CONTROPERNO ACCIAIO,SL,379.91,8.01535E+12,1
K99075020,GHIERA,SL,55.53,8.01535E+12,1
K99075070,GHIERA,SL,197.11,8.01535E+12,1
K9907517079,GHIERA MODULARE,SL,0.42,8.01535E+12,1
K99082100,VITE M4 AGGANCIO A DISEGNO,SL,1.58,8.01535E+12,1000
K9908401012,VITE M6X80 NICHELATA,SL,0.71,8.01535E+12,1
K9908504012,VITE 5X95,SL,0.92,8.01535E+12,1
K9908504079,VITE 5X95 ZINCATA,SL,1.23,8.01535E+12,1
K9908601012,VITE M5X75 NICHELATA,SL,0.71,8.01535E+12,1
K9908601028,VITE M5X75 OTTONATA,SL,0.71,8.01535E+12,1
K9908601079,VITE M5X75 ZINCATA,SL,0.71,8.01535E+12,1
K9908606012,VITE DI FISSAGGIO M5 X 80,SL,1.01,0,1
K9908606028,VITE DI FISSAGGIO M5 X 80,SL,0.84,0,1
K9910002079,"VITE M 2,6 X 7 ZINCATA",SL,254.01,8.01535E+12,1
K99105120,VITE M4X90,SL,0.88,8.01535E+12,1
K99105850,VITE M5X35 DIN 912 CON RIPORTO DI ESLOCK,SL,0.88,8.01535E+12,1
K99105870,VITE M5X45 DIN 912 CON RIPORTO DI ESLOCK,SL,1.65,8.01535E+12,1
K9910715079,VITE M4 X 8 ZINCATA,SL,55.62,8.01535E+12,1
K99107460,VITE TCEI M2.5X4 ISO 4762,SL,0.61,8.01535E+12,1000
K99107530,VITE M5X16 DIN 912 CON RIPORTO DI ESLOCK A DISEGNO,SL,0.88,8.01535E+12,1
K9910757079,VITE M3 105,SL,13.51,8.01535E+12,1
K9910758079,VITE M3 110,SL,13.51,8.01535E+12,1
K9910759079,VITE M3 115,SL,13.51,8.01535E+12,1
K9910760079,VITE M3 120,SL,13.51,8.01535E+12,1
K9910761079,VITE M3 125,SL,13.51,8.01535E+12,1
K9910762079,VITE M3 130,SL,13.51,8.01535E+12,1
K9910763079,VITE AUTOFRENANTE M3 140,SL,13.51,8.01535E+12,1
K99110010,SFERA D.4 X LUC. CORAZZ.,SL,112.43,8.01535E+12,1000
K99110050,SFERA D.2.5 AISI 420     (17832),SL,197.11,8.01535E+12,1
K99110070,SFERA D. 2 AISI 420,SL,197.11,8.01535E+12,1
K99110100,SFERA D.5 X LUCCH.CORAZZ.,SL,112.43,8.01535E+12,1
K99161100,PERNO BOMBATO D.2.5,SL,84.67,8.01535E+12,1
K99161110,PERNO BOMBATO D.2.5,SL,84.67,8.01535E+12,1
K99161120,PERNO BOMBATO D.2.5,SL,84.67,8.01535E+12,1
K99161130,PERNO BOMBATO D.2.5,SL,84.67,8.01535E+12,1
K99161140,PERNO BOMBATO D.2.5,SL,84.67,8.01535E+12,1
K99161150,PERNO BOMBATO D.2.5,SL,84.67,8.01535E+12,1
K99167510,PERNO RS3,SL,0.43,8.01535E+12,1
K99167530,PERNO X RS3,SL,0.45,8.01535E+12,1
K99167540,PERNO RS3,SL,0.47,8.01535E+12,1
K99170090,PASTIGLIA D.2.8,SL,42.88,8.01535E+12,1
K99170100,PASTIGLIA D.2.8,SL,42.88,8.01535E+12,1
K99170110,PASTIGLIA D.2.8,SL,42.88,8.01535E+12,1
K99170120,PASTIGLIA D.2.8,SL,42.88,8.01535E+12,1
K99170130,PASTIGLIA D.2.8,SL,42.88,8.01535E+12,1
K99171010,CONTROPERNO,SL,0.43,8.01535E+12,1
K99171020,CONTROPERNO RS3,SL,0.43,8.01535E+12,1
K99310010,DISTANZIALE PER CILINDRETTI D. 13 L 14,SL,2.15,8.01535E+12,1
K99310020,DISTANZIALE PER CILINDRETTI D.13 L. 20,SL,2.15,8.01535E+12,500
K99310030,DISTANZIALE PER CILINDRETTI D.13 L. 30,SL,2.15,8.01535E+12,1
K99310040,DISTANZIALE PER CILINDRETTI D.13 L 40,SL,2.15,8.01535E+12,1
K99310070,DISTANZIALE PER CILINDRETTI D.13 P 15,SL,2.15,8.01535E+12,500
K99310100,TERMINALE X 1/2 CILINDRO,SL,0.4,8.01535E+12,1
N401012200000,INGEGNO X POMOLO ABUS,SL,0.33,0,1
N401215000000,"GAMBO POMOLO L.37,65",SL,4.31,0,1
Y40101220,INGEGNO POMOLO,SL,0.67,8.01535E+12,1
Y40111500,GAMBO POMOLO C2000/C3000 30MM,SL,7.28,8.01535E+12,1
Y40121500,GAMBO POMOLO C2000 40MM,SL,8.72,8.01535E+12,1
Y40123500,GAMBO POMOLO C2000 35MM,SL,8.01,8.01535E+12,1
Y40125500,GAMBO POMOLO,SL,8.26,8.01535E+12,1
Y40135500,"GAMBO POMOLO L 42,65 C2000 45MM",SL,9.46,8.01535E+12,1
Y40137500,"GAMBO POMOLO L 57,65",SL,11.59,8.01535E+12,1
Y40139500,"GAMBO POMOLO L 47,65 C2000 50MM",SL,10.12,8.01535E+12,1
Y40141500,"GAMBO POMOLO L 62,65",SL,12.29,8.01535E+12,1
Y40145500,"GAMBO POMOLO L 52,65",SL,10.87,8.01535E+12,1
Y40151500,"GAMBO POMOLO L 67,65",SL,12.99,8.01535E+12,1
Y40189500,"GAMBO POMOLO L 77,65",SL,6.06,8.01535E+12,1
Y4130122200DA,GRUPPO INGEGNO A INGRANAGGI 10 Z,SL,2.53,8.01535E+12,1
Z97120364L2D5,MAZZ.CHIAVI NICH.PF 904D GIESSE CIFR.E MARCATE 212,SL,3.77,0,1
1.469E+12,Serr. Mec Sic x Persiane con ganci rotanti,3147,35.02,8.01535E+12,12
10Q31043012SD ,10Q31043012SD : CH.-CH. AsixP8 45/55 N | n chiavi 5,2833,49.04,0,6
10M3T14906600C5,CIL.ASTRAL TEKNO PRO,3828,133.3,0,1
1075912900000KA2,COPPIA DI GRUPPO NOTTOLINI KA - 2CHIAVI,983,139.05,8.01535E+12,1
1075910100000KA2,COPPIA DI GRUPPO NOTTOLINI KA - 2CHIAVI,983,104.03,8.01535E+12,1
1075910500000KA2,COPPIA DI GRUPPO NOTTOLINI KA - 2CHIAVI,983,139.05,8.01535E+12,1
1075911200000KA2,COPPIA DI GRUPPO NOTTOLINI KA - 2CHIAVI,983,97.85,8.01535E+12,1
1075911500000KA2,COPPIA DI GRUPPO NOTTOLINI KA - 2CHIAVI,983,97.85,8.01535E+12,1
1075912100000KA2,COPPIA DI GRUPPO NOTTOLINI KA - 2CHIAVI,983,104.03,8.01535E+12,1
15651548000DT,SER CIL CREM APPL  X PB  MIP,2200,146.33,8.01535E+12,1
107571870,PERNO BIRILLO IN ACC. 4,SL90,473.89,8.01535E+12,500
107571880,PERNO BIRILLO IN ACC. 5,SL90,473.89,8.01535E+12,500
107571890,PERNO BIRILLO IN ACC. 6,SL90,473.89,8.01535E+12,500
K99042320,MOLLA,SL30,11.88,8.01535E+12,5000
106198310,KIT MOTORE eFAST RIM,079B,475,8.01535E+12,1
J4PV91P5112 ,CILINDRETTO AP4 PROF  P5,S073,12.23,8.01535E+12,175
J4PV91PG112 ,CILINDRETTO AP4 PROF  PG,S073,12.23,8.01535E+12,200
10801013000ED,LOCKING LINE DOUBLE 5 PINS 35-35 BRASS,4801,18.93,8.01535E+12,12
10801013012ED,LOCKING LINE DOUBLE 5 PINS 35-35 NP,4801,21.63,8.01535E+12,12
10P3S282066,CILINDRO AP4 POMOLO,3875,146.19,8.01535E+12,1
10G30827012,CIL.C2000 FUNZIONE HOTEL 30/45,2808,67.85,0,6
107410000,SCHEDA RFID PER MYEVO (NO CYBER SECURITY),979,200,8.01535E+12,1
10G30885012,CIL.C2000 FUNZIONE HOTEL 45/35,2808,67.85,0,1
10G30889012,CIL.C2000 FUNZIONE HOTEL 60/50,2808,81.41,0,6
10G30843012,CIL.C2000 FUNZIONE HOTEL 45/55,2808,74.63,0,6
J4AV400D312,CILINDRO AP4 FILETTONE NICHELATO,SL,74.5,0,65
10R3M40006600C5,MODULO SINGOLO RS5,3885,210.92,0,1
10P3S144012,CILINDRO DOPPIO AP4 SIGILLO,3875,219.28,0,1
10A1500001291,COPPIA CIL  ASTRAL PER 1A631 1A721 1A731,2852,74.96,0,
106490250B1GH,BORCHIA ANTISTRAPPO G.D.,984,22.62,8.01535E+12,6
10P1160001200C5,COPPIA CIL. CH.P. ANTIT. AP4,3876,178.53,0,
10N3S13601291,CILINDRO C3000 SIGILLO SMONTATO,3706,95.54,0,
106A98940,KIT RETROFIT ALPHA-FAST,080K,15.45,8.01535E+12,1
108231020,CILINDRO OVALE C/POMOLO,1802,30.62,0,12
10823102012,CILINDRO OVALE C/POMOLO,1802,32.66,0,12
10823102066,CILINDRO OVALE C/POMOLO,1802,34.52,0,12
108231060,CILINDRO OVALE C/POMOLO,1802,32.32,0,6
10823106012,CILINDRO OVALE C/POMOLO,1802,34.34,0,6
10T31107066,CIL TEKNO INOVATE FRIZ 30/30 L,3710,71.08,0,1
10P6100000091,CIL.X LUC. CORAZZATO AP4.,3876,63.88,0,
12805T550,LUCCH.ACC. TEKNO iNovate 55x25,3610,109.67,0,6
12805T560,LUCCH.ACC. TEKNO iNovate 55x45,3610,113.36,0,6
12805T570,LUCCH.ACC. TEKNO iNovate 55x65,3610,115.78,0,6
12805T700,LUCCH.ACC. TEKNO iNovate 70x25,3610,121.88,0,6
12805T710,LUCCH.ACC. TEKNO iNovate 70x45,3610,125.54,0,6
12805T720,LUCCH.ACC. TEKNO iNovate 70x65,3610,127.98,0,6
12855T660,LUCCH.ACC.RETT. TEKNO iNovate 66x10,3640,103.61,0,6
12855T750,LUCCH.ACC.RETT. TEKNO iNovate 75x12,3640,115.78,0,6
12855T840,LUCCH.ACC.RETT. TEKNO iNovate 84x12,3640,121.88,0,6
12855T850,LUCCH.ACC.RETT. TEKNO iNovate 84x14,3640,125.54,0,6
102336000,CILINDRO TRIANGOLARE,1822,17.13,0,
J4ND410B212,CILINDRO TEKNO PRO NICHELATO 35 60,S210,21.03,0,
J4MD220B212,CILINDRO CHIAVE PIATTA NICHELATO 30 45,S210,18.16,0,
J4MD460B212,CILINDRO CHIAVE PIATTA NICHELATO 40 60,S210,21.74,0,
